flow_duration,total_fwd_packets,total_bwd_packets,total_fwd_bytes,total_bwd_bytes,fwd_packet_len_mean,bwd_packet_len_mean,flow_bytes_per_sec,flow_packets_per_sec,fwd_iat_mean,bwd_iat_mean,syn_flag_count,fin_flag_count,rst_flag_count,dst_port,label
3125.8425,10.6709,13.3134,1678.7861,5637.4858,122.2911,326.9808,1335.4881,6.1519,132.9829,276.8667,1.8949,0.8445,0.0000,80.0000,benign
4907.3215,10.1214,14.3135,1734.1525,2915.0407,127.4603,163.2329,287.5028,5.4209,248.9650,75.7678,1.1353,2.1082,0.0000,80.0000,benign
2854.6277,5.2890,11.3900,1181.3091,3095.6843,194.9862,258.0537,2276.1384,6.6802,151.2273,302.4341,1.3671,1.2434,0.0000,22.0000,benign
4542.9924,9.7307,12.8410,228.5223,2811.8254,35.6112,241.2706,705.9928,7.3326,198.1852,362.3183,1.0207,1.8141,0.0000,80.0000,benign
3680.5648,8.5135,6.4461,1667.4098,11383.3437,97.7593,1057.9187,3443.3696,5.9389,206.4976,237.4373,1.3337,0.8407,0.0000,80.0000,benign
2646.3829,24.6640,2.4880,1206.1084,7762.7899,71.1168,1395.0488,2410.1959,8.1153,537.9365,227.1461,1.2756,0.8704,0.0000,53.0000,benign
5490.0555,9.9727,13.6622,1095.8028,2910.4375,80.1610,322.2918,876.0794,5.0174,292.1398,301.8261,1.7742,1.1469,0.0000,80.0000,benign
3123.6175,15.3835,8.1861,1212.3204,837.3971,96.8310,96.6067,628.0111,10.4466,313.4306,299.0924,1.8233,0.8757,0.0000,80.0000,benign
5889.0349,17.5280,20.6621,1332.3862,5625.1131,101.0728,302.4224,1589.4039,5.9518,181.0811,18.9876,2.0807,0.9455,0.0000,80.0000,benign
4796.7565,21.3160,10.3997,930.7456,3955.4092,75.8673,473.7004,1280.8136,9.8836,430.3250,346.9545,2.1107,1.9201,0.0000,443.0000,benign
4450.2125,9.5809,18.2478,2446.9165,3185.0146,247.8920,217.8429,1355.2880,7.3800,105.4847,259.7932,0.8632,1.9907,0.0000,80.0000,benign
4075.7352,11.5305,12.7764,1109.2157,4905.2703,97.9494,445.4761,2172.5564,5.6229,460.9977,244.2436,1.9821,1.6584,0.0000,80.0000,benign
2584.1925,13.5828,34.6328,272.1638,3155.1852,15.0214,163.3377,2196.4147,16.6890,7.8985,182.2011,1.0571,2.6531,0.0000,443.0000,benign
4661.4758,11.8331,16.5655,1310.9859,7375.1467,109.2439,493.5466,2025.9409,8.2687,545.0688,42.5554,1.6905,1.6616,0.0000,443.0000,benign
1759.0456,12.4847,12.2402,1115.5306,6666.6180,134.4613,455.1179,3121.5307,8.3817,196.8799,163.4434,1.0951,2.4972,0.0000,53.0000,benign
3551.1167,7.2043,14.6728,1309.9935,2927.1673,168.1159,242.5479,692.1257,4.9349,413.7275,416.1130,2.3090,2.0707,0.0000,443.0000,benign
4587.2864,14.4623,11.4727,805.8109,5537.8560,61.3515,622.8765,1281.6892,3.8059,110.3746,189.2562,2.1393,1.0665,0.0000,443.0000,benign
3876.1823,9.7165,18.5685,261.1023,4667.3572,38.4600,265.6387,1801.1215,7.8646,431.4547,157.2564,2.4064,1.0842,0.0000,443.0000,benign
3981.6551,9.6946,9.0435,1953.2255,2751.9328,107.7096,422.3445,1685.0589,3.4003,275.2007,50.3683,0.8221,2.0322,0.0000,53.0000,benign
1092.6798,18.2934,2.4114,1968.4981,3838.9723,127.6149,1319.5727,6552.4353,19.0837,364.5075,171.2435,1.0175,0.2477,0.0000,80.0000,benign
1990.7553,5.2189,10.4190,522.9025,5522.2092,80.1561,615.9124,4270.9980,8.1460,276.5116,291.4089,1.1536,2.0500,0.0000,443.0000,benign
91.7799,13.3628,9.4540,1221.7940,1993.6875,75.3760,205.5094,24977.4327,244.9330,334.9276,250.5454,1.1155,1.1395,0.0000,443.0000,benign
1702.8396,9.7823,4.3438,1276.8303,4328.8668,118.8479,861.4547,3166.3224,9.8528,356.3983,205.7816,1.5923,0.9255,0.0000,443.0000,benign
4135.7572,7.2525,10.5406,397.2488,6529.7330,49.1121,375.6105,1465.1914,4.4167,290.4072,239.0483,1.6916,0.9802,0.0000,80.0000,benign
4200.1997,19.1646,11.5271,1965.5258,5074.9025,83.8866,558.0499,1258.0764,5.6835,121.2759,434.9297,1.9120,1.2007,0.0000,80.0000,benign
7569.7058,14.5315,9.6961,1617.8619,4624.3394,109.4547,509.6968,920.9972,4.2126,108.5030,141.7739,0.8994,0.9424,0.0000,53.0000,benign
5378.0073,19.4148,11.0070,854.7622,8394.4503,60.8175,615.4058,1246.2207,6.5410,234.6026,152.6411,2.0572,2.1683,0.0000,443.0000,benign
3831.6715,14.1793,12.7136,1311.7621,1346.9459,82.2377,121.5528,579.2445,7.4675,410.0902,32.3365,1.3648,0.9685,0.0000,80.0000,benign
6977.6189,5.2866,15.5405,965.8937,2598.4832,119.9599,189.4508,692.3841,3.9594,265.4448,171.2596,2.2336,2.1443,1.2312,443.0000,benign
3167.5997,10.5885,10.1998,1746.3249,4060.2745,174.0821,196.2688,805.1043,5.5684,496.3457,259.2477,1.9487,2.7945,0.0000,80.0000,benign
3164.7942,21.8277,4.0202,1523.5110,2291.6170,62.3792,894.2365,485.2318,4.9517,183.1276,375.9948,0.9689,2.2967,0.0000,443.0000,benign
459.4771,19.4317,17.3301,914.1352,4316.1859,57.3417,215.0555,17404.3807,61.2167,114.1047,266.8055,2.7608,1.3275,1.3326,80.0000,benign
3822.0024,15.4017,21.5504,2103.3315,6489.6024,93.6180,195.7847,1673.3789,6.7347,331.7943,365.2210,0.7587,1.8728,0.0000,80.0000,benign
6015.0212,10.5378,15.4026,2182.9651,3315.6078,158.0567,266.4977,981.6126,6.6137,310.0300,176.7778,0.9087,2.1708,0.0000,80.0000,benign
4036.1912,15.8347,33.4567,1323.0652,8754.8412,68.7094,306.0462,1985.9964,10.5099,201.3034,296.9433,2.5225,1.9271,0.0000,443.0000,benign
5408.5787,15.5566,12.4588,540.0569,3372.0690,65.7785,255.2556,701.3199,4.4905,344.7620,181.2710,1.0717,2.2700,0.0000,80.0000,benign
5776.1820,27.4230,23.6189,1123.0317,4150.1498,50.3310,130.9131,1333.5697,8.4102,295.0332,296.1616,2.0152,1.9417,0.0000,80.0000,benign
4089.9250,10.0470,7.8725,1579.9686,99.3274,204.0181,17.7722,556.0796,4.6670,349.3720,307.0416,0.9368,1.4862,0.0000,80.0000,benign
5035.6047,8.9897,14.4534,610.6591,5449.9737,65.5936,366.2186,936.2196,4.6008,284.3628,202.1019,2.6371,0.8943,0.0000,80.0000,benign
4260.8510,9.3238,12.0199,412.1423,16080.8549,31.2938,529.6337,2478.9025,8.5671,367.4647,193.9999,1.1249,1.0574,0.0000,80.0000,brute_force
5793.6304,13.4489,3.6655,1035.0443,988.9906,97.9970,243.1193,330.6407,3.3570,296.7746,155.7075,1.1280,0.9061,0.0000,53.0000,benign
3267.5420,3.6269,6.0284,625.0676,4494.2631,156.9457,529.1337,2141.2186,2.6692,281.9322,332.8690,2.2879,0.9863,0.0000,80.0000,benign
2984.1976,14.5258,18.1549,1546.0455,4588.2561,114.7984,279.3974,2543.7330,12.6097,183.2944,309.1087,2.1918,0.8631,0.0000,22.0000,benign
3346.0376,7.6117,18.9121,445.3162,3951.5962,38.4744,212.2934,1319.5787,10.9892,148.1039,112.8116,0.9667,1.7982,0.0000,80.0000,benign
1933.3720,21.6421,4.8924,698.8559,7719.7145,25.4714,2304.4250,2901.3615,14.2798,524.1247,293.4478,1.9637,1.9739,0.0000,443.0000,benign
4631.2249,11.9543,25.4470,1682.5932,3937.6961,152.7734,245.1213,1280.3964,7.1558,340.9748,279.3910,1.2885,1.4989,0.0000,22.0000,benign
6869.5217,15.0921,14.0120,1917.3119,2184.5440,136.6628,170.2480,789.7459,5.6222,260.8415,229.2362,2.3481,1.2489,0.0000,443.0000,benign
4440.9225,6.0352,15.5867,568.7572,2710.1016,93.0219,191.8388,735.7533,4.2879,381.5540,176.4182,1.4668,1.6788,0.0000,80.0000,benign
1179.2615,11.4474,10.8231,1061.6173,6756.2584,122.2896,332.4057,8373.5185,28.0059,102.2868,169.8611,1.1550,0.9121,0.0000,22.0000,benign
1435.7858,8.2367,8.5506,696.5066,8682.3031,120.5434,868.0881,7200.0487,13.4870,184.2554,346.2805,1.2017,3.1655,0.0000,443.0000,benign
6739.8460,14.6762,16.7581,927.2496,2814.8625,72.9278,172.8243,607.9428,3.7130,455.6082,122.9732,1.0643,1.0937,0.9114,80.0000,benign
1645.6787,9.5143,13.3108,575.1822,11095.6543,47.8191,521.6974,5476.8987,13.0874,507.6285,283.2795,1.8605,1.0311,0.0000,80.0000,benign
2039.2049,2.4559,13.2663,1160.4881,8637.7649,266.3387,657.7398,6386.6156,10.5417,91.5284,320.3147,1.9392,2.0609,0.0000,80.0000,benign
2578.0570,12.8892,13.5799,1323.2803,7537.0930,68.2309,831.8073,3720.6418,11.2540,281.9658,158.0099,1.6148,2.6327,0.0000,53.0000,benign
1701.2395,12.6613,5.1312,879.0729,3773.3270,109.7354,909.3009,4582.2334,11.6270,226.6561,196.2182,0.9580,1.0527,0.0000,443.0000,benign
7326.2923,5.2455,7.7270,1571.2509,7055.2158,333.3785,983.1654,1527.0014,1.1117,179.1927,313.8729,1.9265,2.0048,0.0000,22.0000,benign
2522.6982,1.2806,12.5563,966.9562,1615.5237,650.5621,125.0144,557.6041,2.8690,394.9288,220.7620,2.4639,2.2553,0.9150,443.0000,benign
4267.2797,12.7982,7.1289,1300.8858,6885.6330,252.2195,683.8053,1434.3036,4.5341,27.3729,461.8039,2.2634,0.7762,0.0000,443.0000,benign
4336.0801,8.6392,16.8505,543.4118,2986.6970,22.5769,214.7760,592.7857,7.1713,234.0519,196.2796,1.1189,0.8424,0.0000,443.0000,benign
2007.0116,6.0462,3.1330,999.3299,6839.6213,137.4667,1946.1023,2898.0402,3.7821,393.6689,311.4425,1.5697,0.9417,0.0000,53.0000,benign
5627.0971,14.6831,3.0204,984.9951,4727.8287,105.2946,1288.7330,1114.9663,2.6024,255.4715,409.0633,2.1623,2.2732,0.0000,80.0000,benign
2372.7453,18.9046,5.8097,908.1774,5758.2550,48.0199,794.6507,3666.0030,12.9273,223.2334,190.4651,1.6335,0.8212,0.0000,80.0000,benign
1758.6262,6.0575,11.3477,966.9354,8938.7150,107.2477,868.0402,3313.4553,4.9067,265.7943,286.9301,1.6824,2.3360,0.0000,80.0000,benign
5222.0386,13.2152,20.0791,1071.4256,7953.1756,76.5055,475.5425,1739.8967,4.9819,219.6629,180.5547,0.9716,1.9049,0.0000,443.0000,benign
3323.7912,7.5665,18.7617,1031.8424,6716.2365,98.4494,316.3263,2015.8073,7.1360,369.7631,182.5524,0.6299,2.7572,0.0000,443.0000,benign
2642.2478,9.6884,13.3265,1963.1359,4904.6730,142.6643,395.1485,2711.7753,4.4236,217.7025,57.6386,2.6300,0.8176,0.0000,443.0000,benign
1107.6279,6.2225,10.3025,470.5783,6639.9143,58.1704,553.0744,7044.0655,16.5069,349.6280,418.6739,1.1600,1.2245,0.0000,80.0000,benign
5568.0720,16.1603,5.6661,1808.2994,5010.5804,61.2203,688.0274,1055.8986,5.2955,347.2001,286.4390,1.9083,2.2982,0.0000,80.0000,benign
4495.7579,20.5128,10.0809,1514.3566,10705.7852,73.8737,829.2393,2407.6284,9.1424,206.3526,282.2233,2.5072,1.7730,0.0000,3389.0000,benign
7535.8231,10.9951,26.2038,610.5869,4819.7160,34.8889,150.5433,697.9569,6.7122,454.2689,351.9201,2.2238,0.9246,0.0000,80.0000,benign
4033.9453,14.4708,16.2789,1175.6589,7583.9756,122.7624,506.8674,1990.6287,12.4042,33.1738,401.2724,2.6508,0.8677,0.0000,3389.0000,benign
3113.4102,16.4806,17.9845,1375.9355,8821.7308,102.4308,183.8888,2120.3342,11.0067,264.1657,55.2040,1.0466,0.8859,0.0000,443.0000,benign
2122.4018,15.2773,16.1541,2323.5215,3340.6939,55.9232,275.2918,1294.5337,11.1147,371.6240,127.5487,2.2159,0.6814,0.0000,53.0000,benign
925.8034,14.7241,6.5788,583.8755,5130.2945,48.3187,702.8247,4300.1913,13.0860,369.6839,161.6259,0.9028,0.9865,0.0000,22.0000,benign
5193.3186,14.1175,23.4566,1346.3137,2138.0263,86.9908,255.6339,733.1975,7.8573,130.1639,459.3396,2.7150,0.9181,0.0000,80.0000,benign
3832.7605,15.8565,13.7662,2525.9694,8555.7830,180.8370,659.3763,1815.1024,5.7517,315.6214,98.8766,1.2569,2.2434,0.0000,443.0000,benign
6166.6207,14.9858,9.8557,941.8847,5696.8894,72.4028,298.4362,1009.8208,5.3677,147.6937,220.3339,0.9801,1.0607,0.0000,80.0000,benign
2746.1404,9.9877,9.5626,0.0000,5274.0233,0.0000,491.1492,1998.1799,5.9351,490.6614,153.7727,1.9331,1.9899,0.0000,80.0000,benign
2060.0692,12.6892,2.6652,1090.5496,9420.2402,63.9595,3126.5574,3779.5669,8.6349,312.0894,152.7314,1.0109,0.6010,0.0000,443.0000,benign
1227.3039,8.6034,18.2753,1203.3973,7059.2889,92.6848,446.9627,4975.5742,29.9101,223.8423,128.5210,1.7106,1.9333,0.0000,22.0000,benign
2531.2085,11.8582,0.4251,494.6771,2930.9705,59.5491,2654.9648,1545.8803,4.4065,566.0121,51.5401,1.6991,1.4670,0.0000,443.0000,benign
4868.1148,12.0264,12.7038,559.5774,4493.9628,73.2197,335.4297,889.7496,5.5240,142.4529,166.7343,1.7839,2.0284,0.0000,443.0000,benign
1601.9176,17.9498,26.8053,2001.2883,3232.8347,76.4499,117.4564,2813.9085,19.1693,318.1383,199.1766,0.9477,0.9907,0.0000,443.0000,benign
7925.6733,9.8731,14.3416,1587.2438,6650.3359,220.8189,528.6321,1606.5492,4.1988,342.2885,184.9455,0.9022,1.0035,0.0000,80.0000,benign
4048.5188,7.4751,15.8121,863.1944,1232.5263,142.8598,64.2359,625.3704,6.4471,281.1288,115.4743,1.9658,1.8550,0.0000,80.0000,benign
4266.0694,12.5641,8.4697,1268.1418,4700.6130,112.5227,489.6514,1029.3719,3.3375,263.0578,309.2724,2.0981,1.3177,0.0000,80.0000,benign
2876.7066,10.6528,13.1692,1149.4367,3308.2948,133.6715,371.7809,1711.2908,11.7531,361.6746,412.1897,2.1073,1.6965,0.0000,80.0000,benign
4492.8924,14.8648,13.5887,797.5133,10321.6584,38.6753,838.7250,2019.2956,3.8838,273.0882,292.1955,1.5862,2.3833,0.0000,443.0000,benign
2349.6909,13.7976,9.4094,403.2582,5373.2790,20.3800,605.6728,3055.7393,8.7478,112.3038,89.8674,0.7570,2.5910,0.0000,443.0000,benign
3426.5807,12.9885,4.1312,746.6637,5802.6527,52.1556,1150.7641,2841.8216,6.2346,465.7441,265.9985,1.9990,2.1672,1.0130,443.0000,benign
5064.9922,10.6804,19.4483,1135.4783,3559.5234,110.9903,179.1174,1122.8294,6.0942,456.2929,267.0668,2.0972,1.0946,0.0000,443.0000,benign
2038.1650,8.2611,16.2299,579.9407,3222.6669,95.0689,200.1229,1673.8960,10.9819,521.1237,257.7957,1.3576,1.4938,0.0000,443.0000,benign
1686.3026,8.7161,8.1593,2213.1349,2065.7637,207.8148,215.0318,1572.6654,8.3501,80.2177,196.6661,1.1007,0.9532,0.0000,80.0000,benign
4352.3336,12.8128,7.8245,2424.3053,774.1634,112.1542,119.9121,620.3505,4.6116,262.5723,176.4477,1.7516,1.5697,0.0000,443.0000,benign
3439.1640,18.3224,29.3698,1324.5759,5098.6168,67.0849,217.2735,1972.2848,11.2574,81.0773,154.5364,1.9572,0.7257,0.0000,443.0000,benign
1155.9062,4.3959,4.2987,1497.3921,1176.0131,258.4918,162.0476,1137.4810,7.3558,153.8918,158.2141,0.7676,2.1361,1.0749,80.0000,benign
3722.9687,25.0713,10.6369,1582.2383,2582.9886,83.1765,239.3869,1117.4070,6.6177,115.3929,226.4948,0.9591,2.1013,0.0000,80.0000,benign
4066.9407,13.8688,18.9239,1375.0782,3329.6603,104.3747,75.5505,1565.2649,4.4894,180.4191,235.4113,1.5987,1.7652,0.0000,443.0000,benign
3718.8674,17.6109,21.7353,1701.4641,4791.8631,106.0060,197.0525,1127.7969,5.3335,295.2266,124.8772,1.0465,2.1019,0.0000,443.0000,benign
4544.6042,6.7461,24.3030,1321.9338,8503.8190,253.3296,260.2613,1234.8796,6.9761,293.3443,187.2417,0.7598,0.6548,0.0000,80.0000,benign
3113.0954,15.0691,17.4758,2071.2722,2671.4219,121.0327,108.1754,1056.2507,9.5040,149.8716,234.8469,3.0495,0.9260,0.0000,443.0000,benign
4410.5233,6.0930,10.2394,928.6020,1295.0155,78.0415,100.6195,766.9679,5.2058,394.9886,199.8483,1.0616,1.3565,0.0000,80.0000,benign
5009.5683,18.5838,6.1523,952.3631,3206.7606,45.5781,504.7282,956.6723,4.9744,170.3290,203.4160,0.8760,1.1783,0.0000,53.0000,benign
3070.2598,11.5123,1.4127,1179.2916,4944.6829,109.7930,2165.5284,2166.4879,5.9248,228.8726,179.2163,1.8417,1.9985,0.0000,80.0000,benign
4241.9871,11.7963,4.4187,2362.5039,7802.3457,103.4576,1395.6711,2665.9850,5.6402,801.3034,394.2038,2.3655,1.0845,0.0000,443.0000,benign
6442.7424,10.0625,17.1439,1147.6197,7503.5787,124.9624,484.9421,1502.4741,3.1914,287.8248,489.4712,1.3835,2.5268,0.0000,443.0000,benign
3381.2932,6.9949,9.3176,747.3353,5438.5856,124.9735,434.4260,1855.5232,7.0967,340.7500,439.6856,0.5737,1.1845,0.0000,22.0000,benign
4944.2276,15.7283,4.2255,1204.9325,1575.4733,71.9633,582.4647,996.3949,4.1653,298.2701,320.9547,1.2291,1.1284,0.0000,443.0000,benign
3662.2935,6.4308,16.4130,1501.8841,3320.1196,176.0675,162.4041,1410.4057,6.9415,401.5559,229.9429,0.7777,1.1603,1.0697,22.0000,benign
4525.4078,15.4682,9.4409,1712.3785,3930.1100,112.1780,316.1320,2079.1681,9.1272,135.6054,86.2732,1.0340,1.6240,0.0000,53.0000,benign
295.1851,10.3468,13.4522,742.2412,3217.0373,83.5778,269.8699,11715.8984,68.1904,390.8367,176.6803,1.0112,0.9385,1.2207,443.0000,benign
2307.3030,32.4355,15.5099,1780.6991,6782.5210,81.2466,473.4105,2071.9950,8.8692,217.8422,364.2841,1.1871,1.2749,0.0000,3389.0000,benign
4867.2382,0.0000,8.7988,1278.3525,7135.5793,1166.4541,506.6576,1561.0870,2.5616,305.5522,239.0775,1.6616,0.9718,0.0000,443.0000,benign
3879.8160,4.9664,11.5335,524.3284,9224.3321,69.4172,822.1578,2994.5305,5.1277,321.2189,189.0476,1.7225,1.1012,0.0000,3389.0000,benign
5284.2201,9.3182,18.1052,644.1215,4033.5669,42.2253,160.2827,1204.5669,7.5614,407.0984,245.2044,1.0662,0.7204,0.0000,80.0000,benign
4121.0372,14.7042,19.2513,1672.8676,2714.1756,139.0649,183.0361,1320.8665,12.4970,98.8558,270.3173,1.4450,1.2202,0.0000,443.0000,benign
2620.6779,5.2447,13.9026,1190.4389,1901.1646,213.8741,155.8824,1508.2429,6.1613,518.1454,134.3305,2.1372,2.4947,0.0000,80.0000,benign
3201.2009,15.8803,7.5479,1722.3861,4782.3600,127.1162,486.9922,1505.9357,5.5414,243.7068,201.4646,1.9120,1.3486,0.0000,443.0000,benign
2227.6701,18.6639,27.0908,1029.8240,6263.4843,58.6897,405.9175,4704.8935,17.6165,235.0464,428.0128,1.0701,0.8799,0.0000,443.0000,benign
1285.5280,6.8619,24.7173,861.0596,5881.7657,120.3975,337.9647,5187.1286,13.4911,51.2127,247.7516,2.2783,0.9615,0.0000,80.0000,benign
6187.9217,16.5509,15.2659,771.7356,6410.3182,79.6347,569.8496,2048.7359,8.8043,144.5710,282.6804,1.9545,2.3711,0.0000,22.0000,benign
3365.3952,19.8325,5.3487,1222.0965,433.5998,105.9373,79.9781,532.4190,4.6755,379.5680,126.1134,0.8618,1.0951,0.0000,443.0000,benign
3439.5948,12.3739,9.8522,1887.5659,8107.9589,175.9355,742.1924,1875.5216,4.4249,486.9319,190.1817,1.3109,2.0788,0.0000,443.0000,benign
2897.5545,8.1803,6.9718,1907.5340,4057.2616,166.1151,1105.1443,2023.1458,6.2460,292.1101,123.9417,1.8180,1.8885,0.0000,22.0000,benign
2604.8310,12.1400,9.9668,1369.5617,1317.2446,65.7324,73.1308,1148.2068,11.2422,32.8340,208.8208,0.9389,0.7736,0.0000,22.0000,benign
5643.3030,4.5657,11.8379,1613.5623,2772.7321,451.3692,290.3577,910.6900,2.6256,40.9085,239.9694,0.8431,1.9801,0.0000,80.0000,benign
541.2101,18.3891,2.2183,422.9780,12940.1480,61.0038,3943.2872,21577.5357,36.3342,401.1419,41.5526,1.4752,2.9183,0.0000,22.0000,benign
4665.3777,13.6332,26.8073,965.8944,4115.1082,67.7076,148.9769,1688.9419,10.5453,407.8706,63.5905,0.9027,1.8851,0.0000,443.0000,benign
1529.1301,12.9453,25.9000,1859.9432,4638.9251,168.6088,189.4163,2781.3802,19.2242,369.8399,200.3884,1.9520,1.5219,0.0000,3389.0000,benign
4339.0137,22.6422,16.7735,1507.2062,8088.1280,67.7769,529.9423,1850.4414,9.6006,734.4945,269.6706,0.8050,0.6639,0.0000,80.0000,benign
1500.8570,8.1169,15.5694,719.4986,1722.6514,85.9824,119.3176,1222.8703,7.7412,140.9158,338.5590,2.3638,2.2312,0.0000,80.0000,benign
2591.3967,14.3191,38.9911,723.9144,7857.6793,76.0424,203.0451,2536.9602,21.9160,246.3523,267.0839,1.2906,1.7703,0.0000,443.0000,benign
2004.3601,20.0382,23.2039,417.0695,2582.7652,27.4805,147.2554,1482.6855,11.9015,368.6712,205.1378,0.9460,0.6243,0.7929,22.0000,benign
3164.0395,8.9778,14.3440,919.6574,3912.7301,87.2935,366.2561,1955.3933,8.1304,320.1026,213.1388,1.0307,1.5950,0.0000,443.0000,benign
4507.3377,12.7424,13.0191,1467.5430,4467.7590,61.7124,372.8089,1431.4641,7.1988,419.1714,147.1432,1.2062,1.1325,0.0000,22.0000,benign
1947.3445,14.6173,22.1995,1509.2187,4189.4169,103.0145,149.9815,2837.6264,15.9548,348.3747,190.5725,1.9229,2.2067,0.0000,443.0000,benign
3376.5822,5.4610,17.3291,1200.2245,5636.3425,291.7776,356.2563,3045.4417,7.9825,417.2709,153.8253,1.4018,2.2531,0.0000,443.0000,benign
1940.5907,12.8716,10.6042,535.0342,2834.6824,43.3521,294.9461,2094.9712,15.3855,311.0642,350.4687,1.6218,1.7701,0.0000,443.0000,benign
1950.1097,11.9793,10.8849,578.5424,5250.4759,24.5742,322.1164,1084.3231,6.7928,243.2132,175.3809,1.1383,2.2186,0.0000,443.0000,benign
2929.1906,12.4414,0.0000,1032.8498,3274.0974,61.3505,2492.6081,1267.7948,3.7569,350.6491,358.3162,1.0513,0.7255,0.0000,443.0000,benign
4167.1039,11.2867,15.3366,822.3047,6945.6417,81.5193,668.8049,1868.7116,7.2399,95.8494,167.3038,1.7613,0.9305,0.0000,3389.0000,benign
3083.2263,13.4693,12.6002,2207.8570,7181.9704,188.7335,301.0552,1713.8249,7.0741,121.6161,131.7838,2.2620,2.4755,0.0000,443.0000,benign
808.0434,12.1784,9.5723,831.6529,4445.9474,103.7974,439.0176,4453.5354,15.1031,375.7742,81.2695,1.3703,1.1047,0.0000,80.0000,benign
6095.6538,12.2823,26.7529,921.8296,4871.2765,58.6910,172.5118,1092.3888,8.6343,422.1303,329.8187,1.0501,1.9984,0.0000,80.0000,benign
4864.7647,9.9973,7.8726,1401.2897,3333.5883,184.0570,554.5572,914.2263,3.8876,346.7664,205.1611,0.9047,0.9797,0.0000,80.0000,benign
5262.9819,14.8878,10.7540,620.5443,486.3366,45.9485,32.1153,133.5243,4.8104,385.7149,73.6309,1.6574,1.0675,0.0000,443.0000,benign
3797.8606,16.1241,21.5530,312.8872,7439.7846,16.8702,393.6754,2087.5119,9.0845,60.1499,419.5147,0.8751,2.4656,0.0000,80.0000,benign
2585.2084,10.4289,0.0000,1467.4719,5960.0202,104.0683,7177.9343,3568.9000,7.3108,225.9395,98.4066,2.3450,1.9376,0.0000,80.0000,benign
2969.6661,8.7591,15.4535,835.6599,2308.2405,109.5703,264.0852,1230.5257,7.2451,248.9778,56.7907,2.9934,1.7714,0.0000,80.0000,benign
1378.7277,16.5202,22.9531,280.1031,3435.5403,15.8776,117.9643,2860.4866,44.9556,456.0850,322.4824,2.5018,0.6644,0.0000,443.0000,benign
2719.3883,20.8045,15.2547,1396.7296,2751.3885,91.2240,148.4068,1402.7415,11.5250,379.1793,272.3278,2.1318,1.1575,0.0000,443.0000,benign
2539.2565,14.1966,3.1876,614.0050,5424.6803,45.8784,1184.6395,1861.1285,4.4144,376.4554,226.1597,1.4376,0.9539,0.0000,80.0000,benign
4656.9137,22.6808,6.4100,1509.8900,5617.7875,71.2715,741.1364,1014.5179,6.2283,346.9773,222.9681,0.9113,1.8615,0.0000,443.0000,benign
2818.1729,4.0351,12.5344,2393.8590,6870.0641,394.3947,409.9027,3045.8529,6.9554,290.4827,181.3431,1.0556,1.7408,0.0000,443.0000,benign
2741.6327,20.4970,12.4170,1578.2800,4637.9247,62.0041,480.7883,1536.6062,12.3453,71.8529,248.3865,1.0058,1.6284,0.0000,443.0000,benign
1936.5959,9.2929,10.7954,1139.4208,4925.6300,113.0409,522.4774,3819.8157,11.6807,225.0370,90.2363,1.0546,1.1720,0.0000,443.0000,benign
3473.3276,15.1125,24.7048,1380.3270,6731.0490,116.2720,416.3342,2202.9744,9.2339,270.0848,87.2445,1.0003,1.0043,0.0000,443.0000,benign
6632.5486,8.2308,19.7668,601.7055,4094.1581,72.5686,179.9692,536.0811,3.9308,328.9360,162.2168,0.9233,1.9038,0.0000,443.0000,benign
3456.9941,20.6379,12.8295,827.3764,3290.1608,47.2448,161.0172,960.9565,6.7850,275.1056,180.2869,1.4547,1.8758,0.0000,22.0000,benign
5575.1495,10.6074,9.2876,1157.0945,4706.6672,68.9687,529.8517,1252.5680,3.9952,229.5139,401.2751,2.5029,0.8806,0.0000,443.0000,benign
3538.1480,4.7355,20.3819,1350.7050,2662.6897,190.0830,138.0856,1220.2350,7.0817,146.2168,584.6207,2.0645,1.6073,0.0000,443.0000,benign
4126.1015,17.2941,12.6835,1033.5827,5205.6918,44.2449,413.4817,1217.2705,7.4481,136.8400,346.8559,0.9405,2.2312,0.0000,443.0000,benign
2572.5038,11.7058,21.4931,2152.2963,6728.1622,169.6779,249.6793,3742.2262,14.7612,416.0215,335.2818,1.2249,1.6911,0.0000,443.0000,benign
3915.1800,16.6430,3.1572,1571.5808,4225.1710,75.0892,3415.1544,1906.7752,7.1504,216.6917,163.5607,1.7622,2.1219,0.0000,443.0000,benign
1545.2731,20.4442,13.1027,537.4527,1500.4196,28.8178,84.5587,598.2203,12.1335,514.6539,263.1878,2.5830,2.2051,0.0000,22.0000,benign
3470.7510,10.9491,13.5532,1448.9985,2008.9322,169.5495,272.2771,1940.7251,4.5695,354.7275,387.5962,1.7873,0.7921,0.0000,22.0000,benign
1486.3330,12.8003,10.6977,952.0640,2793.2397,88.3040,303.2419,3119.7799,8.8753,392.7615,277.3631,1.7284,2.1269,0.0000,80.0000,benign
3753.1128,8.5497,23.0316,795.4464,5276.9218,127.3622,306.0744,1201.7673,4.6720,319.9856,149.5875,2.2713,0.8372,0.0000,443.0000,benign
3046.0600,8.1476,16.0059,1070.9331,4445.5761,150.1614,214.7116,1722.7967,7.7173,327.8893,191.5384,2.5842,1.1073,0.0000,80.0000,benign
2964.2529,18.2956,2.3298,1231.1031,2788.3774,81.1935,758.9364,1390.4206,4.9471,279.2007,198.0667,1.8327,0.9947,0.0000,80.0000,benign
6502.9879,7.1960,15.7886,1094.9599,3623.1739,246.8510,252.8318,890.5557,3.7102,139.6881,200.8981,1.2521,1.9904,0.0000,80.0000,benign
4197.4140,10.9579,13.9974,1447.3439,8679.8517,98.1346,767.0946,2916.9174,4.6687,314.2578,49.5293,2.1428,0.7092,0.0000,443.0000,benign
1871.8548,10.4154,12.7129,524.3387,1102.4271,45.8582,64.9847,721.8027,13.6791,300.5808,95.3626,1.1684,2.2803,0.0000,80.0000,benign
4631.4544,13.9422,13.6936,851.1992,6390.0462,57.7646,329.1058,1323.4032,4.4261,90.9125,198.6847,1.5750,2.0342,0.0000,80.0000,benign
1183.4231,6.3630,12.3897,805.9067,4923.2434,96.7879,244.3508,4428.8969,20.5172,398.4144,244.1363,2.5066,1.1942,0.0000,443.0000,benign
2841.0440,4.0730,10.8683,2080.5725,2990.7513,239.9524,231.2453,2502.9297,4.9617,0.0000,124.6685,0.9840,1.6416,0.0000,443.0000,benign
2678.4429,17.7810,18.1893,1921.2942,8276.4954,139.5142,510.1552,2402.3626,12.8235,301.4628,149.8813,1.0295,0.8931,0.0000,443.0000,benign
1002.5612,20.8203,10.4211,858.4953,7039.0937,43.0096,1120.9963,6395.5719,16.5125,261.4296,269.3518,1.0574,2.2509,0.0000,22.0000,benign
6663.3010,13.7817,8.6829,1444.4123,2762.9921,73.0212,295.9088,767.3869,4.3182,161.1647,235.1493,1.8629,0.9028,0.0000,80.0000,benign
1808.4148,19.3576,15.1838,1043.4878,5493.1724,22.2797,453.4311,5521.2047,27.0269,471.3793,336.9667,2.3311,2.0342,0.0000,80.0000,benign
6376.1991,14.1971,24.1190,648.6723,4855.5212,33.2004,205.7647,966.3863,7.1675,323.8978,229.3266,1.9445,1.9081,0.0000,80.0000,benign
4222.8471,9.6464,8.0898,1554.6408,5144.6289,117.8257,414.0301,1045.8100,5.5463,247.4014,175.6478,2.2145,1.1345,0.0000,22.0000,benign
4111.7200,20.4933,13.4715,1941.6745,3083.1793,95.1873,191.0612,2000.7839,10.2210,477.2282,288.3903,2.4806,0.9393,0.0000,22.0000,benign
2568.6954,15.4849,37.6542,2280.5753,4116.6866,79.1595,189.1595,1625.8287,15.4453,243.3205,241.1858,0.9713,0.8474,0.0000,80.0000,benign
2817.1016,1.9623,11.1391,1306.2544,0.0000,737.5506,0.0000,397.3409,3.5018,312.1683,512.9799,1.5793,1.0311,0.0000,80.0000,benign
1934.7248,13.8286,8.6767,1565.1362,6992.1805,86.3017,558.2921,2904.4805,14.5714,345.7801,197.4959,1.1369,1.4772,0.7894,80.0000,benign
721.9733,9.6036,6.4189,1089.9135,2749.3567,50.2627,194.8770,5399.1704,44.3961,165.9002,227.6302,1.9514,1.1059,0.0000,80.0000,benign
7432.8337,20.1867,9.9034,942.2092,3509.6788,66.8335,340.6719,480.5315,4.3054,148.3480,254.9014,1.0621,1.6753,0.0000,443.0000,benign
919.7946,17.0959,0.0000,985.5085,4172.1971,47.2786,3513.9315,3068.2916,12.5350,387.6001,329.0028,0.9961,1.1994,0.0000,80.0000,c2_beacon
2071.0822,11.8724,25.4116,837.7558,6911.2206,59.8129,194.0041,2030.0584,15.0093,585.9541,359.0846,1.0567,2.2342,0.0000,443.0000,benign
2683.2803,6.7180,16.0368,768.4790,1925.1123,185.2561,163.9698,1015.0984,9.0368,234.8911,268.1799,1.8680,1.8879,0.0000,443.0000,benign
1323.8935,4.7338,11.9315,2327.5408,1888.1829,487.8426,162.7554,4127.2200,11.9926,124.7723,388.0973,2.0008,1.8728,0.0000,3389.0000,benign
5251.3234,0.0000,9.2994,1823.6043,1908.9218,1207.0479,250.7347,616.9514,1.7457,232.3906,351.0334,1.7177,2.4578,0.0000,80.0000,benign
2099.9267,4.2459,13.1819,1636.8624,2694.3246,235.6913,232.5442,1974.8369,10.6231,168.1429,588.4011,2.2009,0.7577,0.0000,80.0000,benign
2020.7408,15.1378,24.8829,618.0009,4932.7364,39.2666,213.0769,2928.0461,21.1571,201.0978,214.3101,2.1861,1.1352,0.0000,22.0000,benign
3754.6896,7.9813,28.8600,2091.0626,7880.2003,282.1066,344.7995,2855.4880,6.0131,0.0000,189.3979,1.2183,0.8554,0.0000,443.0000,benign
4048.9641,14.8681,16.0953,1821.4705,4455.0837,115.0627,577.1774,2218.6076,5.9182,339.4948,240.6535,1.0476,0.9669,0.0000,443.0000,benign
2061.5239,8.1242,1.8829,538.4260,2877.1227,92.6772,1481.5620,695.7468,2.0490,187.0503,257.7743,1.6096,1.0147,0.0000,443.0000,benign
902.5136,4.1034,6.9325,1732.9684,2139.8227,388.4957,444.1292,4910.4964,7.7073,86.0464,395.6246,1.0585,0.7858,0.0000,443.0000,benign
4237.6517,0.0000,11.1539,774.7815,4664.3801,877.2987,518.9859,1673.2331,2.1895,308.1800,124.6144,1.9626,2.5121,0.0000,80.0000,benign
1905.1973,14.9975,15.6321,898.6424,6945.1850,70.3095,473.9562,3706.2427,9.4799,70.0601,282.8116,0.9196,0.6084,0.0000,443.0000,benign
4013.3349,2.4081,10.4214,1130.7818,3986.2289,462.7852,279.0261,1700.2067,4.8147,582.6356,58.8519,0.8817,1.7610,0.0000,80.0000,benign
2387.3288,12.6090,16.0071,1077.5683,4642.6999,106.0098,290.0332,1546.2130,9.3558,430.2728,99.3109,0.9804,1.0100,0.0000,22.0000,benign
4428.7497,12.1132,17.9029,1020.4283,4537.4994,87.2093,128.4584,1555.6251,9.7096,378.3580,218.7106,1.6110,0.8664,0.0000,3389.0000,benign
1465.6618,8.4326,22.2098,777.9773,5565.8664,87.2361,465.6664,4701.5021,21.3988,229.1146,309.9471,1.8340,1.7513,0.0000,3389.0000,benign
3932.7845,11.2826,14.2474,1093.9043,3609.8874,122.3607,203.1055,1570.4608,8.8223,206.4338,274.0838,1.9059,0.7242,0.0000,443.0000,benign
2954.6262,7.4548,8.6261,1532.4538,5900.3171,248.2674,480.3653,1418.4750,4.8338,187.4913,71.5496,1.0191,1.9595,0.0000,80.0000,benign
3371.2239,22.3012,8.9918,2727.3265,6043.0807,83.2754,459.9717,2812.6713,9.6173,104.9449,54.7139,2.4102,1.6831,0.0000,80.0000,port_scan
1194.7573,11.4336,7.6418,1450.2228,3253.0870,97.3379,470.3375,6496.7111,12.7000,310.2622,258.3577,1.2365,0.8997,0.0000,80.0000,benign
3335.2159,18.2997,6.5475,1149.2781,7300.6889,50.0672,801.0100,2849.1020,11.0155,578.6001,333.8900,2.5068,2.4868,0.0000,80.0000,benign
3555.2762,14.6996,14.1123,1601.4852,4066.6161,95.9177,424.9874,1369.6196,3.7034,266.5713,97.2766,1.5884,2.3655,0.0000,80.0000,benign
2824.9154,12.2303,14.0261,1197.3882,5019.5433,74.8231,349.8066,1542.8469,9.7112,396.8528,289.3613,2.2590,1.9818,0.0000,443.0000,benign
2894.5762,5.4849,11.2277,1503.8173,3630.8079,201.6288,207.7162,1127.0190,3.7074,289.7533,65.1344,2.0879,0.9775,0.0000,80.0000,benign
3745.8002,10.9350,15.2645,1266.8132,3833.0290,73.8580,299.7605,760.1866,6.0642,157.0000,249.6791,1.7130,1.2331,0.0000,80.0000,benign
5580.8326,4.7530,15.0259,607.9217,3370.8570,121.5833,278.2757,956.6627,3.9277,343.3925,326.8568,1.5649,0.6935,0.0000,53.0000,benign
6263.3339,12.7068,9.5834,956.0369,2438.1471,72.0454,401.1721,699.1364,3.1763,29.5586,441.5231,0.9822,0.7537,0.0000,443.0000,benign
5633.5507,10.6949,26.6970,1982.2508,6618.0019,150.6183,198.3366,2442.2691,10.2874,187.3676,364.5550,1.2275,1.6475,0.0000,443.0000,benign
2623.7995,9.7235,8.1600,1343.5147,2626.9248,118.5153,268.3945,1716.2941,7.3652,510.3592,327.8268,1.1616,2.4574,0.0000,80.0000,benign
6063.5421,6.3574,5.3756,1150.7471,4186.2753,98.0687,1281.0909,1396.1702,3.7530,336.7054,409.2328,1.1874,0.8485,0.0000,22.0000,port_scan
5104.3609,12.6313,14.0366,1300.1849,3874.2895,76.7880,278.2813,1071.9830,6.1886,131.9337,168.5005,1.0592,1.1475,0.0000,80.0000,benign
5016.5126,18.0519,13.5865,1748.1052,2033.4645,127.1883,161.0922,797.9066,6.5285,174.9227,346.4797,2.2892,1.8165,0.0000,80.0000,benign
2294.1255,17.5739,9.2942,572.5557,2194.7200,56.8593,135.5780,815.5224,7.8422,111.8546,173.8451,1.0642,1.7660,0.0000,80.0000,benign
3048.5995,23.3686,12.7776,575.2325,5745.4586,41.0002,404.7864,832.2093,4.3578,509.4040,265.8447,0.8955,0.8925,0.0000,443.0000,benign
2838.4398,7.7761,14.8577,799.4685,3717.3444,88.7107,168.1708,1492.4862,9.2262,450.4012,313.9535,1.2067,2.6066,0.0000,80.0000,benign
2356.8963,15.7746,22.6175,2165.9004,4873.0111,127.1969,205.9716,2443.5266,17.1323,155.6039,497.3681,1.0796,1.1301,0.0000,80.0000,benign
4081.8638,12.7009,17.5081,1126.6454,3191.4953,64.7366,192.2771,2445.3629,11.9583,157.9687,0.0000,2.3500,1.8698,0.0000,80.0000,benign
2712.5260,12.2697,20.5859,1272.3747,3419.7771,101.8173,191.1362,2328.1983,10.4438,221.8859,338.7184,1.1050,0.8626,0.0000,443.0000,benign
5399.2087,18.2346,8.6761,2218.9402,6111.5422,80.5337,446.4448,2940.7533,6.5848,0.0000,423.8965,1.8038,1.9705,0.0000,443.0000,benign
2928.9632,12.3440,5.7552,1341.6560,5285.2755,92.1732,845.7284,2028.0327,7.9604,224.7218,261.1668,1.8505,0.8720,0.0000,80.0000,benign
4683.7996,21.2169,18.3080,0.0000,3490.1341,0.0000,330.0534,825.4005,4.7304,250.2839,197.9247,2.1617,1.9467,0.0000,443.0000,benign
2933.5061,14.3297,0.1393,876.3258,793.9196,77.0338,1204.8330,757.8735,5.4932,216.8863,253.0310,0.8366,2.0311,0.0000,22.0000,benign
3664.5422,7.9218,15.0656,1785.0516,2331.3859,174.1574,198.0254,1274.9080,9.8500,294.0234,132.0549,0.9579,2.1008,0.0000,80.0000,benign
3877.7291,15.6495,12.8556,1504.1952,8024.0115,93.6391,510.3173,1866.2613,5.4868,397.1726,150.0377,2.2142,2.7443,0.0000,80.0000,benign
5380.0934,18.9640,2.3232,1862.5881,4913.7184,76.0528,2035.7691,1195.8384,4.5949,429.1974,324.3973,0.8340,0.8360,0.0000,443.0000,benign
4054.6176,15.1315,14.0384,1700.9330,5465.1025,75.3399,510.8421,1524.6482,4.8340,361.7284,259.6087,0.5645,1.2869,0.0000,443.0000,benign
5426.5155,17.7712,0.4737,611.1035,4957.6195,44.9270,5484.5358,1488.3441,3.5501,220.3972,118.2532,1.6957,2.0407,0.0000,443.0000,benign
4521.4260,3.2054,5.7585,638.1977,6515.7250,217.3275,1132.6885,1874.4995,1.6168,6.8886,148.4148,2.2113,2.4425,0.0000,80.0000,benign
5007.1315,9.8637,6.7699,643.5786,6137.9129,48.8399,987.3336,1250.2344,4.2637,153.9204,285.8646,2.0503,1.6627,0.0000,443.0000,benign
4376.3912,18.7419,12.2879,1414.1093,4571.4403,86.4908,312.4722,1532.5375,6.9585,115.0154,107.4397,1.5621,2.4879,0.0000,80.0000,benign
2526.0228,8.6330,17.9814,1767.0524,4253.8502,248.2497,294.6429,2379.9102,13.3275,334.2378,244.7537,0.7740,2.3493,0.0000,53.0000,benign
880.1232,5.4337,13.4919,2153.3119,4016.2469,211.6076,185.1498,4518.0435,34.0883,435.7018,189.5498,2.5527,1.8504,0.7875,80.0000,benign
2252.5064,6.8224,8.0640,765.3762,3676.3717,109.7796,439.7558,2143.7389,7.3690,571.4246,268.1288,1.4317,2.2631,0.0000,80.0000,benign
5434.0192,3.1728,21.7372,694.9992,3257.9415,148.1331,135.1236,1130.7558,7.1806,273.1024,337.6062,1.0116,1.1324,0.0000,443.0000,benign
3637.8838,12.0712,19.7561,1651.0367,4421.2390,120.6269,311.3741,1909.4566,7.5219,395.2003,286.1125,2.3488,1.2141,0.0000,443.0000,benign
1432.2301,21.9457,20.1474,791.8110,2978.0447,38.6963,178.5078,2817.5927,33.5519,234.1233,377.8299,2.3805,1.9272,0.0000,80.0000,benign
4991.2842,4.2215,25.3262,960.4670,6763.7615,196.9767,391.1232,1630.2567,4.7181,134.8657,4.4472,1.1703,1.7625,0.0000,443.0000,benign
2242.6578,13.6607,11.5901,1495.0244,7643.6624,104.8312,747.8042,5506.6090,7.5835,253.1447,290.3377,0.7051,2.3591,0.0000,22.0000,benign
459.0028,14.1104,4.3275,800.6423,5285.8800,47.5456,760.2911,13462.4264,47.3180,112.9212,121.2345,1.4010,1.8875,0.0000,443.0000,benign
453.1568,15.8063,2.6180,1683.7867,4556.7260,85.2983,2429.2476,11155.0144,37.9038,338.5776,178.4571,1.7273,1.0328,0.0000,443.0000,benign
3175.7814,10.8663,15.7170,1330.8579,4314.9656,199.7300,318.8128,2154.4201,7.1980,293.1396,263.4210,1.4818,2.0844,0.0000,443.0000,benign
7074.3735,13.0194,15.6876,1500.1009,5440.5188,113.7861,317.6053,824.8242,3.7775,519.5589,196.2335,1.7004,1.1949,0.0000,3389.0000,benign
658.8767,12.0712,14.3464,663.3100,4308.0453,70.0494,372.9751,5172.4478,24.7838,469.0078,270.7875,0.7535,0.9944,0.0000,80.0000,benign
7631.4382,7.2325,15.0329,795.1148,3852.7776,51.6020,257.6884,802.4000,4.2248,423.7365,135.2920,0.7911,2.0390,0.0000,80.0000,benign
954.1311,21.1104,21.3406,971.1147,6199.3819,63.4334,257.3476,5430.9718,32.7290,211.7189,312.6353,0.8966,1.0421,0.0000,443.0000,benign
1652.3445,6.6382,19.0272,1079.1259,10866.1289,160.8066,462.6451,4048.9380,11.8897,394.1846,95.3720,2.5964,1.1871,0.0000,80.0000,benign
5264.4723,13.1947,4.3752,1719.2489,6371.6777,166.2722,1445.2374,1572.5912,2.7964,88.8745,297.6642,1.8836,0.5172,0.0000,80.0000,benign
2107.1410,7.2800,16.5694,801.3403,4153.0227,177.3793,209.8658,2703.4157,12.9824,222.7264,207.4847,1.7520,1.6046,0.0000,80.0000,benign
3863.0812,8.5555,12.2513,805.7997,3463.1295,159.0456,280.8637,917.7388,5.6462,419.8211,235.1648,0.7782,2.3494,0.0000,80.0000,port_scan
4824.2052,13.5857,8.7855,1474.5891,2095.1521,106.8451,361.4173,654.8778,3.6832,116.2619,305.6615,2.2815,1.6518,0.0000,80.0000,benign
3332.7473,8.3926,15.7384,1883.3446,2196.3930,151.0707,238.2693,909.8975,5.1242,113.6562,239.6368,0.9501,1.5859,0.0000,80.0000,benign
1902.8646,5.6617,17.4144,775.0352,3938.8961,92.8931,240.9173,2672.5948,15.0707,126.6424,180.8614,1.0746,2.7741,0.0000,443.0000,benign
4672.6766,9.4660,11.3325,724.0558,8813.2912,101.9029,670.5130,1657.4757,2.1127,644.2936,184.8501,2.2329,2.0659,0.0000,22.0000,benign
3261.7493,15.2571,13.9712,271.9558,4309.9674,23.6702,219.5613,2321.7949,9.5886,301.9473,118.3452,1.3042,0.8932,0.0000,3389.0000,benign
3154.7823,15.0219,4.7489,1449.2664,3971.5850,92.5340,609.4455,1598.7840,8.1184,187.5176,160.8155,1.0697,1.0161,0.0000,53.0000,benign
2309.2134,22.6643,15.3842,1745.7469,4548.9962,69.9763,155.4660,1770.6232,15.7355,159.2434,165.9511,2.2964,1.0693,0.0000,443.0000,benign
4272.2529,10.3694,14.7535,880.5495,4824.5797,133.9677,168.4870,1054.1097,4.8823,0.0000,122.7003,2.4336,2.1248,0.0000,443.0000,benign
6861.2820,5.9459,12.3448,1351.4003,4471.9107,256.5443,368.6380,1071.4508,4.1618,291.7013,186.8651,0.7081,1.9806,0.0000,443.0000,benign
1641.4114,15.2376,17.8240,1435.9073,3392.1870,86.0398,174.0024,2925.1582,14.5663,198.4006,224.1028,1.5749,1.0024,0.0000,3389.0000,benign
4720.3729,5.9191,20.8694,1358.8812,5118.3816,209.6337,291.5075,1381.5561,7.7824,281.0471,395.6649,2.6614,0.9439,0.0000,443.0000,benign
4330.8594,16.1568,18.6909,1512.0223,3611.3549,77.5147,179.3355,1506.9992,9.1653,324.4608,418.9070,1.2463,1.2541,0.0000,80.0000,benign
3489.3873,10.8223,14.5971,887.3360,3259.0272,61.8276,285.4774,1276.3289,9.3472,295.2294,308.4634,2.1638,1.4938,0.0000,443.0000,benign
3639.3795,0.0000,8.3903,1535.8523,3067.9380,1968.3568,266.3338,1263.8387,2.6638,126.2965,89.3247,0.9558,2.6284,0.0000,80.0000,benign
2900.0466,2.1436,3.3205,1505.2501,3324.8281,844.2509,859.5945,1879.3258,2.4088,230.9491,466.5820,0.9085,2.1206,0.0000,443.0000,port_scan
2151.4320,10.1001,16.6566,1530.8435,8831.6985,171.3034,416.3013,4080.9668,8.6972,270.6076,496.3274,1.3733,0.9444,0.0000,443.0000,benign
3219.9668,18.6065,21.8415,958.5856,3810.4282,56.3052,289.4662,1689.6037,8.8740,288.5962,178.1666,1.3777,2.3000,0.0000,80.0000,benign
5276.5227,16.1433,19.0965,1418.3427,9364.4023,79.4280,714.9619,1441.6337,9.5327,243.2071,381.6946,0.9640,1.9236,0.0000,443.0000,benign
4381.8045,22.1116,5.4575,1506.3469,7508.0371,85.8692,991.5916,3100.0158,7.6918,420.7327,177.6641,0.8013,1.2629,0.0000,22.0000,benign
2184.8818,11.4092,5.2750,1351.4136,5154.9773,120.2664,1511.0017,2795.0525,9.4418,419.0506,183.8819,0.7645,1.5182,0.0000,443.0000,benign
3470.7876,18.8444,13.4403,1473.4496,4276.7968,80.6538,501.6883,1673.6392,5.4497,588.0543,167.1559,0.7954,0.8208,0.0000,443.0000,benign
4389.3160,9.3038,8.7301,1640.2304,2755.5952,164.6515,451.4410,1514.8416,5.3810,270.5943,175.1704,0.9921,1.6642,0.0000,443.0000,benign
4129.6441,21.5577,19.8647,1608.8551,5709.6347,91.1161,349.2559,1835.8759,8.5463,351.0319,462.7361,2.6904,2.6889,0.0000,443.0000,benign
3689.6684,9.9681,3.3251,2326.6931,4380.1703,270.2728,1599.1771,2272.8469,3.8273,460.4221,221.8299,2.2187,1.2100,0.0000,80.0000,benign
4281.0029,11.8934,10.6384,1112.3636,8607.2447,96.5237,838.0301,1306.8028,4.5418,250.6506,94.8959,0.9024,1.9484,0.0000,443.0000,benign
3590.4016,16.2608,13.9961,1097.7092,2741.9956,60.8244,217.3838,1308.8925,8.9608,242.0911,391.3199,1.1304,1.9197,0.0000,3389.0000,benign
5985.6255,10.3956,21.2684,890.1092,4016.9021,107.1680,201.2698,1040.3669,7.4623,154.7547,251.9852,2.2349,2.0443,0.0000,80.0000,benign
8304.8830,10.9303,19.5218,1401.5119,5717.0452,109.1209,372.5678,845.3592,6.3509,423.0348,59.2999,0.9542,1.2517,0.0000,443.0000,benign
4310.6958,21.5647,9.1601,2092.6317,4810.5052,138.8698,718.5355,2053.5849,6.6155,197.3038,390.7125,1.1970,2.1701,0.0000,80.0000,benign
1622.3714,5.6874,15.7943,1017.5606,7417.4809,207.1525,419.3475,6283.0278,18.0040,182.5627,105.5160,1.8626,1.8163,0.0000,443.0000,benign
2269.5673,11.7955,8.6148,1234.5520,3676.2853,63.6119,458.3968,1718.0291,9.7506,188.6574,157.3841,2.2501,2.2307,0.0000,80.0000,benign
3544.6448,8.6057,20.3070,1448.8701,444.2932,95.5098,19.0013,629.4779,11.6162,304.8515,328.8838,1.0775,1.9978,0.0000,80.0000,benign
5226.5041,4.1632,13.0908,722.3634,4716.1336,168.9801,325.0238,1329.4004,3.5150,184.8116,362.4663,2.0101,0.6947,0.0000,22.0000,benign
2057.7805,10.5633,15.7915,2389.3854,6001.2536,214.2179,756.0328,5196.1239,9.9726,428.8862,216.9868,1.6133,2.0529,0.0000,443.0000,benign
4298.0809,12.4489,12.1749,1462.7635,8657.0816,71.0187,530.2440,2681.2112,10.2604,314.2822,267.5358,1.3227,1.4834,0.0000,80.0000,benign
2543.5295,10.1428,16.8694,1136.0200,4951.9431,80.5410,341.5951,3238.5737,10.7698,93.5258,348.1442,2.7725,1.9581,0.0000,443.0000,benign
5363.8606,18.6938,3.1802,2392.7659,5032.2907,116.4983,1924.5653,2037.6402,5.6970,474.8340,257.4139,1.9926,1.2138,0.0000,443.0000,benign
3392.6660,12.0695,7.0828,1127.8049,516.3773,94.9886,66.7073,311.3794,5.6201,273.9814,279.0634,1.0887,0.8250,0.0000,443.0000,benign
3279.0403,4.5807,17.3165,1655.3047,3423.8530,407.5080,264.2289,1772.5141,6.3464,162.4256,261.6989,0.9388,1.1004,0.0000,80.0000,benign
2729.5751,17.9313,3.4538,1303.0101,6184.1778,106.6232,2028.5439,3296.2894,6.4557,268.2617,247.1389,2.0341,2.2074,0.0000,80.0000,benign
3908.1526,17.1516,11.0500,1452.1961,3292.9663,129.2717,431.8697,1293.1304,4.0086,234.1916,0.0000,0.8384,2.0364,0.8147,443.0000,benign
2252.7022,10.4013,12.0865,0.0000,1440.9482,0.0000,118.1665,546.8692,8.2944,139.6006,246.9745,1.1277,2.2092,0.0000,443.0000,benign
5079.3557,14.2223,5.8001,1588.2026,3643.2616,103.8016,1169.4093,1045.5128,3.1050,202.5262,218.6470,1.0903,1.2388,0.0000,443.0000,benign
4547.8077,4.6235,7.4419,1827.6925,3739.0537,332.0535,538.4391,1225.5837,3.2715,436.0198,346.0824,2.3378,0.7068,0.0000,80.0000,benign
4098.2066,3.2930,20.8304,1191.8971,6753.2489,361.0886,410.3188,1915.1975,5.6354,144.5656,364.5951,0.9677,0.7932,0.0000,443.0000,benign
1966.7189,4.3696,19.7369,546.9171,2113.9819,120.5547,118.0777,1518.2141,16.5497,267.4733,224.5334,1.0623,1.1959,0.0000,80.0000,benign
3772.3018,10.3878,10.1696,829.1228,335.8934,118.5898,61.2450,502.4850,6.2794,77.2331,320.2674,0.7778,0.9991,0.0000,80.0000,benign
1925.8727,13.3007,0.4908,1327.2076,4301.5695,112.1036,3733.2255,1943.9363,4.7647,66.3445,174.7093,1.1532,1.9319,0.0000,53.0000,benign
4352.4600,11.0129,14.2743,862.9329,7133.6515,85.8209,457.2811,1141.7245,4.5607,295.7083,226.5141,2.5573,2.2249,0.0000,443.0000,benign
3083.9731,20.9472,16.5980,2124.3260,4991.3451,129.4176,217.7185,2177.9989,13.3314,455.1818,227.1864,1.9735,2.2507,0.0000,443.0000,benign
4555.9511,8.2934,12.9690,1446.9480,10201.8989,189.1313,284.1069,2546.2632,5.9043,224.0862,290.6842,1.9566,1.3616,0.0000,80.0000,benign
5846.9805,5.9682,9.9566,1003.3952,4208.1293,277.7145,300.3272,913.9052,3.1617,176.5084,332.2796,0.7357,1.1627,0.0000,443.0000,benign
5648.7558,14.7616,22.7383,665.1692,5682.8503,20.8425,185.6678,1255.1632,8.7891,464.0370,24.3247,0.9590,0.7410,0.0000,443.0000,benign
0.0000,14.4169,18.3839,961.9664,5258.7041,86.0093,268.1166,782366.4266,3235.5833,131.9259,383.1939,0.9623,0.8759,0.0000,80.0000,benign
5837.7678,12.8449,9.1540,1857.1218,5188.5576,153.7548,394.6929,1129.2007,2.7792,329.9671,196.0688,1.7581,1.4533,0.0000,22.0000,benign
5195.7394,6.3471,2.6581,1575.4962,3557.6583,170.9658,1338.0363,1304.8748,2.6548,266.8584,14.0646,0.8549,2.4954,0.0000,80.0000,benign
5720.5123,15.6641,18.7874,230.6212,6813.3976,20.5123,573.8412,1634.3739,6.0399,411.3674,189.9972,1.1808,1.8835,0.0000,80.0000,benign
552.6950,16.5012,12.1691,2366.6892,6732.0358,115.1769,643.5087,14591.7947,52.9733,205.3426,141.0603,0.8393,1.7367,0.0000,80.0000,port_scan
4691.7606,14.2163,8.9795,755.5823,8503.8412,41.9547,473.5346,1364.3002,4.8486,285.9732,139.3521,1.1295,0.7130,0.0000,3389.0000,benign
4063.0673,3.0537,11.0845,748.8719,1379.0303,207.7623,177.7712,793.6619,4.2282,301.7561,422.3563,1.1070,1.1080,0.0000,443.0000,benign
2821.1235,7.6508,32.8800,1577.0141,6816.5301,184.7640,199.3009,2884.5417,14.5323,273.7601,113.1851,1.7988,1.8496,0.0000,3389.0000,benign
4407.6798,19.1741,15.5752,505.3144,6624.6950,20.2409,379.3957,1842.1421,6.8417,237.6589,282.5439,1.7172,2.0826,0.0000,80.0000,benign
4254.6210,18.7588,5.1253,1231.9059,3053.0159,87.1568,780.2981,1353.5673,7.5304,299.8639,559.0581,1.5592,1.0144,0.0000,80.0000,benign
569.7095,2.7195,5.6814,1629.4895,8251.2585,454.1086,1929.9594,15362.9382,11.9057,239.4571,274.4434,1.6628,1.6265,0.0000,80.0000,benign
2871.1494,13.5957,21.7793,966.5004,2176.2232,82.3414,191.8742,2092.8525,11.3698,8.2561,263.1664,1.1837,1.9110,0.0000,80.0000,benign
3403.5309,0.0000,15.8470,1607.7940,3017.5567,1520.3594,175.1580,1100.0895,4.5052,133.8952,368.7531,0.8519,2.0222,0.0000,443.0000,benign
0.0000,11.6814,11.3479,1264.4090,3831.8435,112.0624,639.4882,432622.7029,1455.8323,385.0978,318.5395,0.8461,1.7191,0.0000,80.0000,benign
5403.0408,12.5813,12.9728,1459.5051,3622.9316,110.5246,236.9737,1138.7512,4.5755,258.3571,285.6176,1.8401,0.6811,0.0000,443.0000,benign
2643.3650,11.9524,6.5298,1945.0883,6237.7749,84.5789,749.1419,2759.4313,7.5296,365.6433,212.1555,1.1837,0.9952,0.0000,80.0000,benign
1950.8244,13.5695,10.2957,1570.3563,6957.5188,131.7866,406.1647,3716.6818,12.6726,186.0213,189.6168,1.9902,2.1028,0.8919,443.0000,benign
3934.0707,5.5912,9.3721,1125.4626,7332.9112,294.1601,802.2072,1868.8468,4.2598,277.6608,223.1688,0.7869,2.0560,0.0000,3389.0000,benign
2669.6932,10.6114,22.8741,1146.6536,5173.6446,82.1317,302.5021,2676.7542,8.0957,277.2919,212.5804,1.2583,1.5972,0.0000,443.0000,benign
1814.0981,20.7109,17.0552,1409.3827,7055.4762,109.0403,364.5327,3651.3815,15.5167,258.1538,288.1483,0.9942,1.3685,0.0000,53.0000,benign
932.3129,16.9568,7.0608,849.6805,57.5975,43.2336,5.0202,1347.8827,38.9088,256.2152,325.9951,1.2587,0.7664,0.0000,443.0000,benign
2723.8548,15.0007,17.7168,1550.1429,4040.9281,92.0790,254.5335,1620.3906,8.8364,58.5291,340.5454,2.9548,2.3204,0.0000,80.0000,benign
3336.4503,8.2216,8.1412,1133.7045,4860.8070,306.1339,754.7602,2541.1729,2.2415,455.1930,180.9148,1.3829,1.2337,0.0000,443.0000,benign
2197.9906,3.3440,9.3233,575.3744,5584.0001,134.0370,657.4551,3826.9001,8.5953,224.1993,215.5670,1.9380,1.1520,0.0000,443.0000,benign
2232.8123,13.6306,17.4617,524.5990,6651.4361,56.1319,373.9181,4133.6653,17.6408,201.0528,230.4576,0.9051,1.2306,0.0000,443.0000,benign
3527.2986,9.0905,5.8658,1199.1431,4302.0794,153.5537,514.6337,1549.0846,4.5717,276.7780,221.0326,0.9278,1.7866,0.0000,80.0000,benign
3370.3541,10.6273,13.5801,1119.9959,6283.7998,120.7492,393.0215,2388.4289,11.3978,633.1569,347.9068,2.6295,0.9511,0.0000,80.0000,benign
1594.6222,2.4233,9.2624,484.8376,4529.4667,163.4431,317.2098,3560.6603,13.2848,344.3420,356.2369,0.8737,2.3360,0.0000,443.0000,benign
3144.3877,11.3562,10.3259,1625.8799,2971.6327,193.2303,422.2736,1360.4793,6.7249,171.6486,451.5329,1.7866,1.1553,0.0000,443.0000,benign
4983.4010,4.9623,11.8397,1424.7667,6045.5387,270.6709,656.4770,2175.7857,3.8974,18.7171,314.3040,1.0553,1.0850,0.0000,80.0000,c2_beacon
4753.2679,13.9704,21.1758,1277.2521,1048.3505,78.4056,73.8293,610.7339,4.3277,297.9686,116.4487,2.1608,1.9763,0.0000,443.0000,benign
3266.9918,29.1495,13.1367,1764.1392,1035.7119,44.7666,69.7538,499.5011,10.2091,564.2981,249.4055,0.8731,1.0654,0.0000,22.0000,benign
4978.3079,10.3980,21.9071,1278.7265,4023.7972,114.7186,367.3771,1676.8573,6.5326,281.9061,231.2622,2.2299,0.9049,0.0000,443.0000,benign
3442.4916,0.0000,10.8048,958.2910,1955.9643,625.0789,146.2644,1186.3593,5.3045,483.5077,302.3833,0.8256,0.7461,0.0000,443.0000,benign
6405.5742,9.6929,6.6870,1606.3077,4833.6658,137.3941,795.1890,818.3945,3.1604,312.8048,131.2342,2.6738,2.2243,0.0000,443.0000,benign
2943.0150,13.0605,10.7733,1903.6220,2395.4800,129.3924,214.6772,1501.6365,11.1187,180.1480,433.7417,1.8360,1.6482,0.7488,3389.0000,benign
3495.3607,17.6228,14.2596,262.6371,6670.9957,12.3030,430.1074,1557.4607,8.8786,367.2732,161.0554,0.9272,1.0878,0.0000,443.0000,benign
4583.6816,11.9511,9.8712,1265.1374,5839.9888,162.3901,824.7666,1123.2563,4.9846,283.5197,212.2221,1.8816,1.0100,0.0000,80.0000,benign
752.5495,14.8798,29.7394,1654.0277,4359.3296,153.6342,252.1489,9798.8134,35.9094,215.9780,275.8090,1.8025,1.8892,0.0000,443.0000,benign
2982.2773,15.1435,20.1768,734.9354,10082.0530,35.5059,549.7997,2949.6148,8.4647,380.5013,160.0928,1.0969,1.1488,0.0000,443.0000,benign
4800.6628,5.6555,20.9418,1147.1485,5867.6170,187.0526,323.8449,2148.6207,4.6326,102.5591,445.0480,0.9121,2.1711,0.0000,80.0000,benign
2424.4377,7.2407,4.3738,1522.3535,4347.5469,219.4232,419.9939,3428.7087,7.9908,154.2471,206.3525,0.9533,1.1822,0.0000,80.0000,benign
4400.1911,13.7949,18.6599,1853.3850,11721.4088,118.5953,431.7488,2111.8930,6.9407,376.5276,245.6026,2.1045,1.1176,0.0000,443.0000,benign
2747.8503,16.4133,8.1507,1140.9499,2403.4998,60.4638,341.4123,1267.5391,5.8922,187.8974,127.1720,1.1396,1.5782,0.0000,443.0000,benign
6770.6889,12.2982,16.8738,487.0783,5548.1508,38.9733,405.0168,1602.3957,5.1422,173.4996,203.9953,1.0969,2.1420,0.0000,443.0000,benign
8645.1750,15.5748,14.9285,1283.9173,6911.3312,59.4819,403.2892,799.9442,3.5163,169.1514,341.6688,0.8683,0.8534,0.0000,22.0000,benign
5382.7961,9.5977,5.4014,1286.8900,3965.1867,144.2316,427.6118,1489.8673,3.6119,222.9861,392.8101,1.1382,1.1008,0.0000,80.0000,benign
4735.1870,14.7616,5.5555,931.5476,6741.4476,41.3667,527.5181,1261.0633,6.1604,131.6240,489.3614,1.7643,0.9185,0.0000,22.0000,benign
2964.5916,8.4908,18.8074,2010.0323,2524.6078,165.0668,127.6436,867.5358,9.7632,45.5066,239.2654,2.4510,2.2267,0.0000,22.0000,brute_force
4420.7270,16.8496,9.9822,1598.5925,5733.0150,100.1373,566.7598,2303.3384,8.0440,365.8751,291.0192,1.6130,0.8567,0.0000,443.0000,port_scan
4830.9904,18.2992,11.1376,1266.4657,2938.6811,78.0408,218.8878,1092.9943,6.0909,435.4020,97.0394,0.8129,2.5467,0.0000,80.0000,benign
2540.8596,19.3293,14.2701,1776.1428,4016.6981,96.5927,314.5409,3398.1208,21.1468,378.7043,220.8914,2.2867,1.0731,0.0000,80.0000,benign
1735.2094,16.0324,14.4073,956.6757,5228.3216,56.6728,378.6328,4104.5115,16.8904,342.9450,120.1342,1.7696,1.5733,0.0000,443.0000,benign
5125.1176,15.3755,14.9703,2452.8801,3456.2685,111.7821,187.8166,828.5280,5.5694,286.8392,154.9751,1.5146,2.2547,0.0000,443.0000,benign
2443.7017,9.1833,15.3219,1493.8654,4312.7993,140.0485,288.6199,2310.3242,9.7927,198.4290,286.7387,1.8967,2.0833,0.0000,80.0000,benign
2611.5445,8.5247,19.3213,1251.5279,3963.8569,195.5695,364.4813,3234.1053,10.2637,367.5923,520.3576,1.8292,1.1213,0.0000,80.0000,benign
1176.8129,4.7800,12.4877,649.9100,7524.1549,195.1964,397.0643,2563.8681,8.5614,344.9155,174.8206,2.3268,1.3658,0.0000,80.0000,benign
2597.8483,10.2142,12.0007,614.8390,4766.0311,66.9819,520.1531,1699.4434,5.5435,374.6872,291.5603,0.8145,1.3822,0.0000,80.0000,benign
1932.4989,4.0235,13.2358,1620.4738,7629.7622,281.4441,567.2701,4288.6503,7.2908,294.6332,806.3147,1.4434,2.1590,0.0000,443.0000,benign
2352.5733,16.3338,1.4671,569.6825,4633.0057,39.0257,2495.8195,1712.3682,5.1294,336.6597,126.5044,1.1085,2.3547,0.0000,443.0000,benign
3699.6980,18.7509,21.0722,1184.9643,6865.5611,123.3543,243.2060,3266.2052,10.4955,480.1397,269.8508,1.0614,0.8339,0.0000,443.0000,benign
3008.4521,9.2337,19.5404,1125.3951,5005.4393,110.4414,251.2110,1957.2751,9.4794,433.8485,165.9792,2.2504,1.1487,0.0000,80.0000,benign
6440.5745,7.6880,13.8229,743.5411,4565.7376,102.9342,354.3977,1271.5810,2.8104,480.4472,347.7256,2.0244,1.1413,0.0000,443.0000,benign
6273.7620,15.1106,10.1785,859.2195,6899.0366,54.3976,459.3384,1209.2020,5.3448,367.8883,132.4947,0.7979,1.5023,0.0000,443.0000,benign
3877.7262,12.4099,8.0937,1286.9734,4730.5502,57.0364,199.7361,1295.4445,6.2125,234.3392,239.0956,1.7428,0.9246,0.0000,443.0000,benign
1811.3579,9.1812,12.5005,478.0668,3282.6718,72.4292,228.1378,1162.7303,7.6123,269.9615,142.8958,2.3922,1.6887,0.0000,443.0000,benign
3880.4109,4.1121,18.3571,1167.8932,8922.6915,213.9158,729.5776,2516.5962,4.8632,98.0428,417.0100,0.9687,2.2203,0.0000,443.0000,benign
2129.5202,9.9129,10.5803,558.2218,3169.5860,57.9552,272.9875,1692.4709,10.5393,258.0485,165.6348,2.5854,2.4566,0.0000,80.0000,benign
1924.0275,11.3214,16.0419,1179.8774,5638.2325,99.8693,359.3238,3426.8056,13.4666,308.5170,148.9390,1.3972,1.0843,0.0000,80.0000,benign
2944.7022,9.9580,15.1723,164.6986,4388.9781,28.5912,133.9051,914.0595,10.1005,436.4190,169.2515,1.1515,2.3114,0.0000,80.0000,benign
4304.7019,13.3381,13.8378,1678.6806,2782.7086,113.1655,192.6049,845.5121,6.4268,285.9848,225.4911,1.5975,0.9737,0.0000,80.0000,benign
2690.8351,16.9673,16.0616,1543.3100,4025.9990,57.8984,333.0039,1156.2509,10.2299,243.8309,209.7567,0.9061,1.0126,0.0000,22.0000,benign
1827.3573,11.7511,17.1218,246.3133,5040.9512,25.9524,281.1772,1463.4726,9.5099,369.2815,213.3757,1.1471,1.4089,0.0000,22.0000,benign
2528.1343,18.0037,18.4631,1148.6677,3650.4086,70.6033,234.4381,1760.8301,5.1502,263.6321,267.9050,0.8556,0.7800,0.0000,80.0000,benign
5768.5606,8.5286,3.1563,1948.3101,1958.2668,242.5974,763.0639,762.5697,3.3893,219.0796,301.4768,1.6333,1.8454,0.0000,80.0000,benign
3051.7722,3.4197,17.0585,1224.2673,1641.2102,248.8912,72.9893,809.2130,7.2478,365.9560,288.5678,0.9465,2.0495,0.0000,443.0000,benign
4346.2000,20.1940,14.7505,1478.8645,1841.9637,114.5796,86.7120,854.1922,5.4708,314.6553,165.8411,0.9237,0.7905,0.0000,22.0000,benign
2472.0403,15.4414,13.3285,62.0081,5772.3997,3.9142,468.6256,1205.1511,6.7875,268.1048,393.4553,1.1796,0.7006,0.0000,80.0000,port_scan
3539.5675,23.1476,12.3819,1688.9032,3576.3146,88.1126,331.7236,1106.8374,8.6155,686.7826,352.9902,2.3920,1.7073,1.0576,443.0000,benign
3279.7981,19.3038,32.5573,1146.1900,10463.6313,35.9529,369.9818,1968.5905,15.3556,325.0001,290.9057,0.8533,1.2812,0.0000,80.0000,benign
3313.3646,0.0000,12.9369,974.9391,3626.4479,1089.6049,235.0151,972.0188,3.4250,450.9303,325.9571,0.9990,1.3727,0.0000,22.0000,benign
1524.0895,7.6764,6.5910,884.8819,5579.8929,99.4919,530.5735,2832.4143,18.6457,45.2351,169.9395,2.3567,1.9027,0.0000,80.0000,benign
4049.2500,7.8572,19.0713,1501.4097,8385.2919,169.0072,245.4634,2799.0185,4.8149,272.4167,449.3918,0.6177,1.0227,0.0000,443.0000,benign
3724.1920,15.6985,25.7489,1014.2427,6245.5437,46.7144,260.8131,1497.1952,15.9121,263.9021,122.2254,1.2245,1.1805,0.0000,443.0000,benign
3883.9292,15.3025,8.0535,1221.9867,2764.4782,81.8070,243.5375,942.6516,5.6109,349.2330,102.6078,1.0649,0.7882,0.0000,80.0000,benign
2551.6445,18.8104,15.9475,0.0000,10884.6802,0.0000,770.2021,2822.0697,13.7868,462.0425,352.1604,2.4746,1.7564,0.0000,443.0000,benign
4825.4591,16.9806,9.2718,1954.8981,1057.1165,177.6443,123.5166,967.1480,5.1982,47.7474,160.4300,1.0656,1.9410,0.0000,80.0000,benign
4060.8524,9.9827,9.0427,1140.6082,7916.4784,88.3358,537.4653,2173.8924,5.4817,107.1343,143.5614,2.0697,1.9325,0.0000,443.0000,benign
3976.2897,3.8671,23.5800,892.6841,2642.8974,318.1105,106.3083,1044.0864,10.3920,434.7798,314.4258,1.6677,2.0320,0.0000,443.0000,benign
5307.8099,11.1108,16.3699,303.7371,5178.3703,32.9815,212.4706,692.3818,5.2207,152.9053,159.4620,1.8161,1.4686,0.0000,80.0000,benign
1643.2663,5.7268,15.4103,1020.5754,6589.2158,191.5698,400.9838,4428.6134,11.4325,27.0734,202.3963,2.0823,1.1583,0.0000,80.0000,benign
6682.8548,17.8955,9.4939,951.4324,0.0000,56.7997,0.0000,170.9734,4.4043,233.2724,210.4082,1.8771,2.2187,0.0000,443.0000,benign
0.0000,27.1925,19.3364,1956.8558,5802.7552,62.0736,385.0213,663119.2745,4197.0031,217.7348,232.4738,1.3990,0.9733,0.0000,443.0000,benign
3234.3679,10.0018,16.4764,270.0640,5984.9922,43.0186,562.2781,1761.6937,7.6249,514.3957,181.1840,1.0011,2.0670,0.0000,80.0000,benign
2955.2366,12.4732,14.2205,1403.2633,12575.0651,192.3954,701.8683,3466.3304,7.5047,250.9648,202.9973,2.0956,1.7608,0.0000,443.0000,benign
3520.2488,14.8241,10.6217,1363.4390,2821.3390,119.9657,164.1933,1544.8069,8.5274,396.5759,192.8404,1.0046,1.7861,0.0000,80.0000,benign
3340.8485,13.2868,15.1345,837.3107,4518.1045,92.8451,355.8754,2341.1518,9.7238,411.6854,149.7164,1.1612,1.6615,0.0000,80.0000,benign
3066.5499,16.6514,13.5820,0.0000,5299.6618,0.0000,489.1004,1889.3224,8.9224,234.7284,207.2754,1.5112,1.4361,0.0000,443.0000,benign
3643.7268,8.2550,26.7269,516.8647,6835.8675,38.0984,241.3699,1554.8264,10.1840,108.3717,346.0232,2.6438,1.1847,0.0000,80.0000,benign
6302.9702,15.8230,16.3833,1088.1978,4489.6638,54.9881,313.2550,1116.9171,7.0733,183.0052,390.1985,1.8345,1.2024,0.0000,80.0000,benign
2459.8965,25.1405,11.6883,1638.6298,1328.0671,71.4601,177.0375,1024.2902,4.7640,278.3075,153.2885,1.8687,2.2577,0.0000,443.0000,c2_beacon
2864.2451,7.5907,12.7502,930.3931,7712.7490,81.4528,1029.3562,4434.7954,8.8069,104.9219,233.8788,1.7866,1.0314,0.0000,443.0000,benign
1654.7172,17.2141,18.8190,619.0395,1278.1256,32.6111,157.1836,2898.7052,33.5008,268.7032,196.3671,0.8719,0.9011,0.0000,22.0000,benign
5891.7854,9.7437,22.0025,902.1233,6489.8253,101.4394,217.4408,1656.8760,5.7125,115.4088,465.9701,0.7472,1.7691,0.0000,443.0000,benign
3697.0976,13.1563,17.3704,1835.1300,10033.2688,67.9029,388.4532,2239.9286,12.5908,558.3889,196.7401,1.1416,0.8292,0.0000,443.0000,benign
3810.8839,12.7223,21.3494,1228.5010,4959.5777,61.0270,266.0422,1557.0730,8.9125,279.7191,144.8686,2.3079,0.7193,0.0000,22.0000,benign
5527.8807,9.7686,16.2280,1930.0974,7533.4567,152.4747,406.7420,1818.6157,5.6072,285.3407,270.9946,2.1670,1.4246,0.0000,443.0000,benign
1521.6507,9.1596,8.4066,514.8090,2781.7607,42.4428,341.7183,2120.5113,8.6067,357.3868,225.7965,2.6635,1.6479,0.0000,3389.0000,benign
2732.5347,20.3517,15.0209,1958.0399,6097.0902,79.7990,514.0002,3191.4861,13.2952,630.8168,149.7665,1.3618,0.8557,0.0000,443.0000,benign
884.4790,16.1645,12.0703,192.8409,2213.9446,11.1012,228.9487,2201.3560,19.3122,58.3006,198.1166,0.8909,1.8683,0.0000,443.0000,benign
1600.5009,7.4741,20.9175,471.5761,2354.1997,93.4433,106.6715,1527.3592,19.1048,407.7324,189.8006,1.2334,2.2033,0.0000,80.0000,benign
2970.0774,7.3832,24.7937,490.5834,7607.7601,43.5789,261.2690,2384.0908,7.7871,247.1093,174.4452,1.7731,1.1917,0.0000,3389.0000,benign
6207.2310,6.1864,12.1894,1082.0153,4178.5759,127.0414,353.3543,933.1654,3.1825,152.9542,377.9431,1.4526,1.1404,0.0000,443.0000,benign
2010.9276,16.6066,15.7624,1500.6636,6747.8758,68.5767,592.7400,5691.0816,10.9679,528.9634,121.9937,0.9530,0.9782,0.0000,80.0000,benign
3848.9024,7.4792,3.1596,1559.5224,8895.2723,121.1106,2135.1605,1610.1924,4.4098,261.1350,103.6720,1.8442,1.9609,0.0000,80.0000,benign
4480.8962,27.7596,12.8527,2144.9589,6421.5453,50.1336,330.1721,1728.0064,9.4274,475.2086,342.8052,1.1366,2.1156,0.0000,443.0000,benign
599.0413,9.0558,10.8475,365.8885,6308.6796,40.2770,753.7755,10532.4589,11.8748,406.3146,311.2349,2.2981,1.6988,0.0000,22.0000,benign
2187.9698,11.3486,17.6778,1904.0011,2702.5328,115.3427,162.4172,2667.7429,18.5752,205.7580,71.7990,2.9952,1.9020,0.8405,443.0000,benign
3087.0609,13.0213,12.2039,1228.6251,1941.4936,73.4938,206.6007,989.1185,8.8023,137.3559,105.5739,1.8504,1.6719,0.0000,443.0000,benign
3348.4881,10.5963,12.3566,1946.0192,3854.0059,106.4396,206.2633,1325.5731,8.9045,317.8576,202.3362,0.7217,2.1513,0.0000,80.0000,benign
4738.2028,12.8262,14.8581,1185.9178,5484.7857,97.2862,162.4536,1352.1728,6.0186,162.7763,157.8970,1.3518,1.3582,0.0000,3389.0000,benign
2469.3821,15.8147,9.6575,774.0187,6480.8532,50.5607,391.4574,2311.2767,11.3967,118.5459,242.9688,2.2743,0.7318,0.0000,443.0000,benign
4108.4654,6.9395,23.8207,1539.9679,3568.1818,155.1620,103.7074,1022.1946,7.7070,378.1793,312.3451,1.1235,1.7647,0.0000,443.0000,benign
3128.3677,11.5364,12.7480,708.0294,2933.2231,82.6508,331.0092,568.9728,4.6345,252.4040,228.8763,1.3902,1.4330,0.0000,80.0000,benign
1768.2645,8.1098,13.4529,2111.2659,3563.0043,176.7258,231.2483,2332.7242,6.4733,412.3762,201.6961,1.6173,2.3562,0.0000,53.0000,benign
3977.2640,15.4973,14.3977,900.3358,8865.2067,54.0980,527.9654,1925.6403,6.4178,390.4774,349.2982,0.9490,1.2924,0.0000,443.0000,benign
172.8643,16.1127,19.6066,1375.6660,5615.7589,84.4976,275.7455,46633.2687,133.7806,239.0721,162.6836,1.2421,1.0203,0.0000,443.0000,benign
2686.1199,7.1372,29.5345,899.0980,2726.2999,177.0243,136.0915,1763.9249,14.6543,230.0341,253.9014,1.7741,2.0060,0.0000,443.0000,benign
1288.5492,11.9358,8.1989,523.0592,1093.6329,70.8629,99.0337,1634.6109,17.9053,320.0931,326.3355,1.2222,0.9007,0.0000,80.0000,benign
1881.9962,8.5152,15.2555,606.1273,3867.2387,132.6238,333.1950,2773.4283,10.7778,525.4807,266.0745,1.7223,2.0771,0.0000,22.0000,benign
2556.3339,12.4632,29.2338,2142.2596,6303.0022,135.0349,287.5722,2313.8381,14.8132,137.3805,415.0369,0.9294,1.0005,0.0000,443.0000,benign
4234.5328,14.6996,6.6610,1377.2866,2740.7752,111.8444,293.5035,1091.2928,6.7974,278.4446,29.7675,1.1130,1.4979,1.1960,443.0000,benign
5059.7617,10.2919,5.2998,1615.1749,2834.0860,131.1298,1060.7370,1290.2661,1.8170,352.6087,83.4950,0.6756,1.5056,0.0000,80.0000,benign
0.0000,5.6110,20.1876,1045.1024,2354.3316,236.6925,165.7677,251977.0179,1992.0219,413.6495,153.5394,0.8685,1.0609,0.0000,3389.0000,benign
3866.3067,9.4970,14.0255,935.0945,3856.1654,109.8923,193.8368,785.3337,3.8519,93.2616,235.2835,2.6361,1.3396,0.0000,80.0000,benign
2594.4035,9.9525,19.1118,1605.1523,8021.7685,128.4207,436.1519,3606.6986,9.9294,345.6539,287.2444,1.1559,1.7701,1.0881,80.0000,benign
2798.7681,9.9368,5.0684,970.5043,7410.6131,78.4811,1180.2776,2633.3833,6.7245,237.3105,370.2215,1.9399,0.9120,0.0000,80.0000,benign
2944.5742,9.8244,11.7429,739.1062,5949.6968,76.2786,355.8175,2137.5114,8.1883,204.7731,380.7603,2.4346,2.0254,0.0000,443.0000,benign
5717.7700,11.6250,10.6814,997.8539,3808.8087,109.4998,285.2865,882.5340,3.7172,126.1794,130.2959,1.5785,1.0405,0.0000,443.0000,c2_beacon
6363.8172,15.4050,15.4837,549.8060,2881.0936,90.0210,141.3460,681.1733,5.4380,353.2656,160.6007,0.6184,2.1481,0.0000,80.0000,benign
4266.7717,4.5018,7.5317,322.9446,4765.2432,57.1637,682.8964,1444.9199,2.4667,415.4671,143.2716,1.0567,0.4694,0.0000,80.0000,benign
3101.2903,7.2452,8.6509,1417.6795,5234.1726,179.9228,387.1470,1366.1312,4.1697,62.0786,154.5447,0.5317,1.3154,0.8655,80.0000,benign
4958.0406,14.1465,5.3068,643.4496,4793.3645,51.7546,1076.3905,1447.8600,6.2273,454.8311,249.1496,1.8403,1.9566,0.0000,443.0000,benign
1110.0166,17.8995,29.3846,610.9598,7371.6350,62.4245,279.6337,2794.1148,23.9504,243.9364,361.2318,1.2094,0.9278,0.0000,80.0000,benign
4560.2436,7.0371,10.8207,1194.9671,2019.4994,196.6507,286.4646,1126.8217,4.3232,445.5510,371.4150,1.8932,1.2196,0.0000,3389.0000,benign
4735.2929,14.3511,19.6623,2202.2040,4994.7668,149.2234,232.8368,1397.0338,4.0031,70.3819,360.4408,0.8571,1.4625,0.0000,80.0000,benign
4044.8163,16.0786,17.6617,730.1290,3882.9327,34.0322,325.4710,1867.5136,7.0620,212.3552,255.9239,1.4025,1.0068,0.0000,3389.0000,benign
3347.6238,11.2494,12.0325,902.9276,7966.6382,63.0563,741.7341,1813.8236,2.1487,160.9759,388.6821,2.0925,0.8740,0.0000,22.0000,benign
3994.0211,10.7814,18.7257,992.1835,2104.6577,45.4184,83.3299,571.9359,9.2715,369.7679,156.2552,1.6677,1.0835,0.0000,443.0000,benign
0.0000,11.2688,12.5051,595.7753,4766.1632,57.1720,264.1005,671085.8983,2695.0030,98.6849,374.5902,0.4666,2.2868,0.0000,53.0000,benign
6021.5542,8.4397,6.8200,1306.6717,8381.0881,89.4276,940.8649,1112.9940,2.7776,152.2801,348.9876,2.1897,0.9558,0.0000,443.0000,benign
4662.6071,7.0659,20.5474,760.9573,5527.3998,139.5147,396.2578,1406.1580,3.7078,258.5596,461.2712,2.7159,1.2727,0.0000,443.0000,benign
702.4816,9.9830,13.4494,2187.9954,4820.5490,176.6566,370.8285,10936.3391,27.5064,331.4147,218.6927,2.2331,0.8311,0.0000,22.0000,benign
1597.9955,9.8332,25.1332,218.1166,6408.0037,43.8183,223.9104,3444.3869,21.0572,83.6252,409.7730,2.6260,1.9250,0.0000,53.0000,benign
2779.9242,15.0837,6.0034,1014.0667,1415.0503,72.9699,161.4438,764.6259,7.0532,163.2470,137.1226,0.9371,1.4536,0.0000,22.0000,benign
3924.5676,20.0825,26.4705,1723.9373,976.6886,66.1542,75.3307,735.7192,11.0663,456.1624,310.4361,1.9200,1.6704,0.0000,443.0000,benign
6183.6806,3.3977,14.0454,1276.8790,2884.5513,211.6885,273.3909,568.0199,1.6844,123.9744,148.4299,1.1419,1.0841,0.0000,53.0000,benign
4588.1086,10.4969,14.1998,1657.2377,4279.2689,119.8682,270.1450,1221.8592,7.5571,257.8089,153.7620,1.9036,1.0483,0.0000,80.0000,benign
5627.3635,0.0000,10.6036,1747.8278,8164.3906,1919.9388,910.8264,1407.3997,2.0385,295.1869,306.2263,1.1612,2.1843,0.0000,22.0000,benign
1382.4731,12.1289,30.2140,1420.6378,8985.8431,99.0192,327.3156,10780.9320,32.1072,114.7781,151.4166,1.6756,0.7456,0.0000,80.0000,benign
2189.7779,8.1683,2.5429,523.3271,3599.2573,84.7960,1340.3648,2350.2043,4.0631,72.2136,284.1807,0.9850,2.0728,0.0000,443.0000,benign
5407.8542,13.1128,13.2045,2045.6509,5311.0361,96.8341,682.3033,1421.1552,3.1015,187.5838,129.4931,1.0440,1.1941,1.0501,443.0000,benign
5067.9372,7.3461,10.9460,548.6608,3769.8249,45.8078,501.1376,866.7010,4.3278,434.2313,218.7357,0.6756,1.5859,0.0000,80.0000,benign
3048.5655,7.6296,17.9538,496.0662,5056.1822,49.6126,222.0881,1856.3125,13.7886,596.1474,189.5481,1.7715,1.0082,0.0000,443.0000,benign
6830.8132,7.6640,1.5233,633.0710,6117.9691,97.8443,4118.2249,1079.9551,1.5050,256.6661,454.7382,1.1388,1.1756,0.0000,22.0000,benign
2410.1891,9.1718,13.1844,434.8181,0.0000,62.9306,0.0000,150.2343,7.1959,301.4280,270.2427,1.0903,1.2477,0.0000,80.0000,benign
4391.1806,8.7097,20.8871,982.0243,5345.5299,64.9907,207.7759,1145.7747,8.4287,340.4376,157.0715,0.8550,2.0074,0.0000,80.0000,benign
7893.6184,15.7577,6.1803,1413.6922,2160.4451,82.1944,348.5796,658.9620,3.7220,485.9746,104.5512,1.3721,1.9960,0.0000,80.0000,benign
2778.9786,17.6617,16.0136,1111.8726,1912.4332,76.0832,85.2504,1000.2430,9.6203,333.5714,354.9972,2.2207,1.1851,0.0000,443.0000,benign
5369.2606,9.3624,12.5739,725.0491,4456.6907,99.9482,220.6236,1063.3583,4.2055,222.5550,266.5289,2.1259,2.4487,0.0000,3389.0000,benign
5584.0729,10.3507,4.1119,380.5137,3242.5841,31.6406,567.9311,473.3007,3.3117,281.5842,298.8932,1.0681,1.1537,0.0000,443.0000,benign
4996.8832,13.0481,28.4574,1550.9915,3116.1144,157.4320,120.2812,706.1148,6.2084,494.8757,132.6980,1.0787,1.7774,0.0000,22.0000,benign
8064.9833,9.2795,18.2661,1489.3525,4344.8102,79.4259,217.5679,767.7038,5.2807,86.1039,243.4337,2.1270,2.6363,0.0000,80.0000,benign
4633.8776,5.3809,10.0372,17.3339,7227.5760,1.4639,774.4125,1293.6845,3.4727,343.4549,392.3191,1.8498,1.1225,0.0000,80.0000,benign
2704.6659,13.4075,14.9742,2337.8141,1009.0827,203.3241,91.5880,917.2503,7.5768,395.9877,228.9297,2.2306,2.1028,0.0000,443.0000,benign
1389.6559,16.9397,23.4724,171.0730,5053.2974,11.5571,422.4974,6559.5671,15.7958,78.2855,271.2991,0.7441,0.7404,0.0000,443.0000,benign
4270.2158,14.8099,18.0956,1188.8910,2710.1764,75.9458,250.6781,1595.9637,6.4023,258.9707,186.1356,1.2626,1.0423,0.0000,443.0000,benign
3250.1796,13.4209,14.9976,1230.8860,0.0000,99.9910,0.0000,316.4383,7.2738,221.9409,141.5703,0.7423,0.9499,0.0000,80.0000,benign
3940.0334,15.3773,17.0444,682.7356,6883.0748,41.2274,590.0918,2748.0304,9.6276,98.7237,112.6780,0.7943,1.3888,0.0000,443.0000,benign
4910.4173,14.0075,15.4987,751.1736,4279.4792,114.5338,205.5011,727.0320,6.8168,426.4118,22.5981,1.3917,2.2660,0.0000,443.0000,benign
2958.1129,13.5896,12.5699,702.1193,3455.8111,75.5953,248.7051,1999.4769,8.5621,347.4562,445.6045,0.9179,1.8451,0.0000,22.0000,benign
3022.2042,9.7936,0.0000,1480.0062,4021.5224,101.5917,3463.9599,1745.5882,5.4308,251.3631,170.7309,1.3282,0.7922,0.0000,80.0000,benign
710.1108,9.4976,16.5842,1892.9169,1406.3620,135.3276,71.0090,3223.0775,17.4477,581.9682,114.6428,0.9053,1.1633,0.0000,80.0000,benign
3808.0944,3.5242,7.2859,2020.5152,2994.7495,463.6529,404.7975,1639.9347,2.6522,288.7207,354.1986,2.3284,0.8548,0.0000,3389.0000,benign
4149.6018,8.9359,2.5984,1177.3277,5306.6427,128.5055,2612.3306,1947.0549,3.6789,334.9479,249.5354,2.4671,0.9853,0.0000,443.0000,benign
2883.0942,15.3650,18.4839,1938.0443,4219.8987,80.8247,206.0302,2242.1920,11.1926,325.7841,152.0057,1.0861,2.1288,0.0000,443.0000,benign
3155.1225,11.4188,18.5612,1375.8257,5977.2361,92.4328,433.2553,2524.2835,11.7032,254.7344,243.5201,1.6114,2.5857,0.0000,443.0000,benign
4242.1474,10.0614,10.7327,1617.8338,3296.8435,136.3976,224.2822,860.2867,6.8099,202.1211,174.2938,0.6105,1.8195,0.0000,80.0000,benign
2830.6335,9.4549,12.0362,1158.2984,6938.8650,165.1051,732.7644,4313.2946,9.8348,143.2009,339.5906,2.4451,1.9883,0.0000,80.0000,benign
5085.2258,6.4368,11.5157,1552.2027,2637.7179,168.5889,321.4643,674.0462,3.1232,130.3893,300.5911,0.8834,3.0329,0.0000,22.0000,benign
2698.5314,20.2882,6.3590,532.5096,1242.3092,28.9664,346.5917,964.2604,12.7447,564.9832,184.4411,1.8183,1.9337,0.0000,443.0000,benign
3488.8715,10.2091,18.7441,692.6812,4342.4038,85.5397,162.0567,1390.5048,7.3897,315.7580,380.2886,1.2074,1.0394,0.0000,80.0000,benign
2038.7985,14.5281,13.4109,2379.1536,7884.9190,187.1240,588.7974,2903.3864,6.5770,307.0295,278.1363,2.0188,1.0325,0.0000,80.0000,benign
2080.1847,7.3759,10.8166,1142.5444,4811.0672,142.3517,275.3882,1906.1847,8.5701,142.2832,205.7264,2.2426,1.7855,0.0000,443.0000,benign
6322.2020,13.3014,12.1771,1486.8395,6401.8345,84.9334,597.9614,1492.0833,4.0171,375.7259,131.0219,2.4550,1.2761,0.0000,443.0000,benign
3719.8536,7.1842,8.6996,1913.9556,1084.2949,288.0429,96.4755,759.6746,2.4341,634.1944,53.4211,0.5997,2.0241,0.0000,443.0000,benign
2227.5219,10.2218,16.3377,416.1755,833.5104,33.9001,46.3418,475.4102,11.3393,329.7270,235.5536,2.4720,1.2237,0.0000,22.0000,benign
1229.0460,0.0000,11.6670,1149.2605,4721.6177,1442.4130,587.6126,4006.8903,4.3232,385.8689,283.6158,0.9541,1.4365,0.0000,443.0000,benign
2112.7381,10.8678,37.8036,1681.7576,5743.2136,132.8941,160.6946,3079.5261,17.2887,252.3510,45.4320,0.8642,2.3208,0.0000,443.0000,benign
684.1820,14.7929,16.1476,1474.3262,2078.3505,87.8487,92.0591,5281.3321,43.5905,258.4682,282.5259,2.3142,1.1828,0.0000,443.0000,benign
3041.7446,20.8038,13.8201,1834.8319,6173.7231,77.3139,316.4453,1755.8071,7.8614,444.8857,141.6269,2.0605,1.0991,0.0000,80.0000,benign
2378.9891,6.6728,6.2379,850.0678,9195.7661,181.7786,1065.2129,3521.0402,7.0104,221.2451,257.9565,0.9431,1.1219,0.0000,80.0000,benign
4302.2626,10.6241,6.6987,1611.3251,7971.3519,183.1996,434.0702,2094.2931,4.4714,79.8909,106.8482,0.8378,1.0008,0.0000,22.0000,benign
3783.3527,15.8862,15.8171,669.1849,1067.5377,49.3837,63.5540,604.7991,10.2673,378.3131,257.0677,1.7819,1.7316,0.0000,443.0000,benign
3655.5999,13.7577,10.3076,596.0700,4464.7026,44.1606,326.4968,1397.1582,7.2889,169.5428,444.9029,1.9133,1.4218,0.0000,22.0000,benign
2552.7599,9.4279,16.8501,762.7633,3884.9221,109.3653,193.0538,2492.2705,13.8435,338.9902,236.6975,2.1132,2.3849,0.0000,443.0000,benign
3302.3630,13.5810,16.5586,607.3902,2673.9486,51.6127,215.8270,989.6967,8.7571,148.9473,483.9738,2.7786,2.3564,0.0000,443.0000,benign
2386.2942,10.6942,11.9568,1083.2363,6605.5716,115.3602,596.1782,2841.1496,7.9312,347.6668,223.7103,1.9056,1.7752,0.0000,80.0000,brute_force
1938.6221,18.8544,13.3857,1479.6173,6747.7260,50.2695,338.0950,2316.1413,17.8277,359.8544,426.5682,1.9619,1.8391,0.0000,80.0000,benign
4388.1150,21.7709,18.0954,1061.5453,5514.9988,68.3822,366.5885,1420.7256,10.1133,319.1913,336.7338,1.3653,2.0339,0.0000,80.0000,benign
3064.0337,5.6879,6.3997,943.6993,3582.5089,209.5792,523.2061,1312.7660,3.8316,220.6889,103.1663,1.6262,1.0553,0.0000,80.0000,benign
2600.8283,12.9748,10.5570,105.2827,6085.1647,8.7549,545.2928,3210.2034,13.0061,319.7909,227.0428,1.6583,1.6970,0.0000,80.0000,benign
6655.7202,14.7898,18.2606,151.7122,7229.3376,18.9346,231.5594,1115.3660,6.2789,301.5902,348.5405,0.8890,0.9843,0.0000,80.0000,benign
5215.0936,8.7170,24.8770,983.7230,5029.3819,159.3002,286.8728,1123.0483,7.6602,89.2133,465.0409,0.7886,1.2332,0.0000,80.0000,benign
3910.3998,8.7469,9.9348,679.8875,3281.8980,100.9590,286.8590,1356.2047,3.9160,289.1783,207.6332,2.1537,2.2007,0.0000,443.0000,benign
3407.5179,12.9737,27.4598,2011.0162,3797.4786,114.2124,184.6222,1942.5514,10.5612,241.4898,265.0685,2.4843,2.6030,0.0000,443.0000,benign
2353.5220,11.3080,7.4572,1073.3968,5103.2891,105.6328,562.1855,2483.7542,9.0064,313.4936,184.3584,1.0216,1.1414,0.0000,80.0000,benign
4318.6831,10.5995,11.5372,983.5268,6759.1533,78.2512,559.0084,1143.7431,5.8279,382.3564,233.4565,1.9378,1.5388,0.0000,443.0000,benign
5167.1268,7.0637,22.0505,459.1610,5471.9910,71.8940,337.7274,826.3732,4.1478,301.0847,331.5317,0.9926,1.1073,0.0000,80.0000,benign
3674.2761,3.2577,20.3814,2869.9679,5093.3861,604.9446,480.7739,2063.5741,6.0759,488.0745,279.3550,1.7320,1.4054,0.0000,3389.0000,benign
2638.3060,6.6435,17.0583,1425.9400,4910.9289,180.2760,270.3786,2546.3540,8.4760,615.4349,185.8761,0.8125,1.9277,0.0000,80.0000,benign
71.8366,12.3657,22.4063,1943.4185,6568.8594,92.7744,378.7719,88512.9768,427.0424,200.4870,348.4489,1.7497,1.2083,0.0000,443.0000,benign
2518.5456,26.4477,15.3947,1818.0630,7207.8585,67.2123,338.0338,4277.7736,22.8297,452.4759,121.6003,1.0577,1.2478,0.0000,80.0000,benign
3266.8148,14.6123,0.0000,2149.3409,6556.2958,116.3932,5890.8417,3272.4738,4.1564,326.9417,113.0867,2.1255,0.8423,0.0000,443.0000,benign
4151.8854,5.1574,21.6267,1412.1137,10047.1306,297.8213,698.5065,4132.7134,6.6198,188.3374,310.6612,0.8113,2.3715,0.0000,80.0000,benign
1766.6792,9.8435,19.8623,786.7187,4247.6208,83.8667,278.0174,3151.5724,18.6663,223.0360,390.9331,0.8617,1.0734,0.0000,22.0000,benign
1614.5779,15.0443,17.9696,1428.7755,3037.4622,94.3378,231.5572,1838.8007,14.7446,0.0000,319.2235,1.0036,1.0956,0.0000,80.0000,benign
2386.2145,26.6371,14.9249,532.8208,246.5282,39.7563,19.9320,361.3394,13.6212,140.0853,283.8848,1.3126,2.2603,0.0000,443.0000,benign
4274.7090,1.8296,8.2013,1554.8455,3653.7470,670.8655,452.2709,1116.9611,2.9377,295.0112,280.5283,0.9152,1.0304,0.0000,443.0000,benign
2877.0009,2.7375,19.4827,411.2084,4281.9522,124.6056,214.4638,1112.8302,6.9246,146.6848,133.1303,2.5296,0.8776,0.0000,53.0000,benign
4630.0415,14.5995,19.7784,1493.2082,3060.1050,45.0008,153.2339,827.5753,6.7920,297.3664,162.7730,0.6886,0.9103,1.0199,22.0000,benign
3056.8016,10.2206,14.7740,889.2004,5643.5730,53.5798,201.3555,1189.9261,9.9862,331.5282,358.3313,0.6720,0.9744,0.0000,80.0000,benign
4520.7430,13.8804,4.0882,2650.3968,5125.1656,283.5872,2276.3444,2066.3425,2.7498,358.6239,520.0567,1.8639,2.5958,0.0000,443.0000,benign
3404.3861,10.5623,19.0335,2187.3047,10542.2317,99.3919,199.1133,3161.0208,7.2681,315.5374,164.3276,1.2978,1.1773,0.0000,443.0000,benign
3230.6057,13.5152,8.5716,1485.8781,5481.0496,181.1800,657.1453,2337.6056,6.6908,243.6228,183.8916,0.9085,1.0857,0.0000,80.0000,benign
3350.2423,8.6114,9.4292,1306.4238,7126.3027,152.6409,941.8607,2403.4584,5.8839,136.0130,440.0209,1.6112,0.8752,0.0000,80.0000,benign
2744.2580,7.1517,5.9803,1921.4051,2908.3558,171.2425,307.7060,942.5941,4.7458,366.0016,191.9176,1.1060,0.7432,0.0000,22.0000,benign
5043.2883,16.6138,6.1260,1415.0978,3455.1995,76.2292,474.5019,1100.8846,4.6588,430.8345,314.8353,2.0000,2.1112,0.0000,80.0000,benign
4810.9642,13.9999,18.9772,1729.7937,5665.8017,129.7918,244.7740,1505.6174,5.5856,293.8926,375.8333,2.2837,1.1012,0.0000,443.0000,benign
4087.1858,19.8128,15.0147,1324.8013,8052.3005,78.1249,421.9220,2418.8013,8.2219,241.0992,453.0034,1.0194,2.2380,0.0000,80.0000,benign
1249.8320,10.4114,20.4133,1116.3166,5233.3513,91.2270,287.4656,3877.3816,22.4391,366.7603,139.9353,2.3483,1.3012,1.2402,443.0000,benign
3201.4734,22.4865,19.4748,781.6940,335.2267,33.0675,14.7119,276.7160,17.4520,156.7042,482.2940,0.7828,0.8694,0.7790,80.0000,benign
128.0124,9.0320,13.8610,407.0839,2006.8593,62.5334,86.2026,17111.8854,183.1516,203.5707,445.2161,1.9964,1.5869,0.0000,443.0000,benign
6648.2412,17.0574,13.7842,1420.5899,5718.7566,77.5020,182.1052,1190.4871,7.6980,538.1918,0.0000,2.0268,0.7096,0.0000,53.0000,benign
2735.2985,11.5289,2.2711,2103.7033,7805.2667,109.0165,3022.2569,2641.9361,6.5796,264.8610,410.0204,1.0317,2.1115,0.0000,53.0000,benign
6147.6632,16.3824,11.3556,1308.2726,4299.6253,58.0806,312.2942,1143.8947,5.0784,90.6719,111.7607,2.0981,2.1419,0.0000,80.0000,benign
4802.9429,5.4172,15.3937,623.3001,0.0000,92.0413,0.0000,120.5019,3.2054,660.4919,152.0862,1.9283,1.7101,0.0000,3389.0000,benign
3629.6435,6.9205,14.1741,1893.7470,6315.7941,280.2463,225.1303,1253.8552,4.8159,261.9475,135.9714,1.2001,2.2013,0.0000,443.0000,benign
4932.1785,13.3597,16.6984,1423.1081,5341.3940,126.0727,144.0252,1324.6827,8.7187,51.1068,258.1122,1.0057,1.2623,0.0000,80.0000,port_scan
4446.9542,14.0514,13.4719,537.4081,8781.5977,33.8701,604.1826,2348.6020,5.4882,370.1205,51.9436,2.5671,2.3356,0.0000,443.0000,benign
2251.8080,1.0552,14.5720,1463.9284,5381.1619,1613.1162,334.5575,3352.2807,5.7957,340.1206,100.3623,0.9656,1.7564,0.0000,80.0000,benign
2794.8222,16.3215,11.9722,2127.3164,1700.0720,91.7336,160.6391,1461.7617,7.8421,321.6997,177.3457,1.1024,0.9475,0.0000,80.0000,benign
4244.8971,14.2100,21.8012,1241.3926,4576.0788,77.6297,164.1608,1574.9825,7.9570,140.0028,195.5354,1.1038,2.5096,0.0000,80.0000,benign
3608.4166,13.1026,5.8241,776.9878,5841.5720,77.4119,897.1526,1774.8985,5.5769,186.2264,274.9111,1.6334,1.2373,0.0000,443.0000,benign
540.9307,5.9073,8.9745,957.9966,1824.5784,101.7137,205.9763,8243.5397,56.9326,259.4427,152.2561,0.7941,1.0699,0.0000,80.0000,benign
2747.8412,22.7683,10.3725,529.6642,4616.3855,19.5935,278.3333,1072.4118,6.9615,405.1914,25.9969,2.4790,1.1521,0.0000,80.0000,benign
4173.8819,13.1190,14.7140,1608.5709,4853.9797,123.6042,296.9447,1070.9345,3.8699,435.9844,347.7785,1.9913,1.3451,0.0000,443.0000,benign
2459.1656,3.9960,20.8169,1265.7361,5794.3557,151.5185,190.1333,1933.1183,12.0448,334.5705,285.9677,1.9411,1.6316,0.0000,80.0000,benign
3631.9021,7.3413,21.3457,1360.7811,7472.8772,321.1951,273.3068,2474.1076,8.4122,290.2924,253.0551,0.9391,2.0179,0.0000,80.0000,benign
4085.1147,12.2707,27.9048,1176.5001,5207.1474,102.1492,186.2703,1296.4595,7.5896,264.0735,10.3164,1.0525,2.0119,0.0000,443.0000,benign
8574.7505,19.2600,20.0147,1174.5323,4039.8061,106.2588,168.0721,780.7913,3.9255,309.5646,190.5591,0.8520,2.0424,0.0000,53.0000,benign
3902.3646,22.5492,9.1726,1991.5266,4980.9961,101.5103,519.2867,1808.3285,6.3235,320.4011,262.5249,1.6208,1.2005,0.0000,80.0000,benign
3857.5846,13.3552,11.2043,1299.6878,5655.6232,65.1357,314.0299,2270.9691,7.8971,35.7183,109.0016,1.7020,1.9312,0.0000,80.0000,benign
453.1463,17.4861,10.0945,1961.0219,2206.4910,164.5785,251.0280,13819.9203,68.9210,384.5595,274.7445,2.1188,0.6942,0.0000,443.0000,benign
3114.5619,20.5492,14.1770,2567.1558,5022.3553,77.4360,324.6507,2055.8977,7.0676,337.9202,364.2538,2.8807,2.4948,1.2935,80.0000,benign
6052.6617,0.0000,16.4294,263.7590,7170.9603,300.4165,559.4278,1995.0399,3.9769,185.3661,260.3708,1.4426,1.4038,0.0000,22.0000,benign
5255.2742,24.0821,20.9345,2416.5537,2089.3270,111.4977,106.5118,733.5138,10.8146,343.1711,138.6278,2.0346,1.3517,0.0000,80.0000,benign
1084.7935,26.5659,16.9646,1209.8525,6962.9594,65.0116,395.8507,6954.8724,30.0943,103.3504,188.4821,0.9059,2.1231,0.0000,22.0000,benign
2645.9062,7.4608,21.8206,1477.5928,7246.1671,165.4633,432.1867,3511.2936,8.5874,305.9829,348.3037,0.7159,1.4961,0.0000,443.0000,benign
3717.6260,12.0656,19.3569,2377.1132,2326.1548,105.2929,124.2905,1289.7241,14.0395,131.4932,258.6111,2.3608,0.9112,1.1676,80.0000,benign
9732.8673,10.8294,12.6640,1718.2108,7804.1775,112.0912,514.3301,1195.5257,2.7181,271.4852,325.7095,1.9465,1.0987,0.0000,443.0000,benign
3499.2170,5.6123,13.5777,1444.3493,1562.8665,214.6947,92.9504,915.2225,3.6700,238.6586,237.8310,1.0944,1.0708,0.0000,443.0000,benign
3758.1943,3.1701,12.5548,486.1380,4903.5379,96.8121,463.3200,2322.8952,5.3140,209.2480,205.0876,1.5321,0.9634,0.0000,443.0000,benign
6053.6576,10.9455,11.8906,761.0866,5692.0469,54.0224,458.7788,1773.9951,6.8412,218.4495,73.1674,1.1619,1.0151,0.0000,80.0000,benign
3299.0298,5.3224,12.6113,1705.3937,5871.5206,168.9889,327.3836,2087.8530,8.4501,208.5668,245.2179,0.9728,2.6124,0.0000,3389.0000,benign
4932.9197,11.0532,12.3168,2017.2346,1563.3487,253.9047,112.0550,559.5225,3.7430,462.4884,208.4954,2.5119,1.0586,0.0000,443.0000,benign
4194.5335,5.4855,10.9545,483.5716,4348.6769,74.7753,278.8997,977.7687,2.9353,324.9803,149.2095,2.0121,2.0986,0.0000,80.0000,benign
5448.0461,37.3163,23.9640,862.1646,5329.4035,41.2450,192.7673,900.5170,7.6258,450.7330,191.7459,0.9584,2.4420,0.0000,80.0000,benign
2467.4378,13.8745,24.4534,630.3538,4776.3002,69.5315,255.7519,3103.6345,25.9375,285.3571,377.3740,1.8687,1.0376,0.0000,443.0000,benign
2868.7428,16.4639,3.8105,1953.2835,0.0000,183.0643,0.0000,1019.1309,8.0851,294.8033,171.8752,1.2560,2.0833,0.0000,80.0000,benign
3655.9412,13.2369,10.4108,934.9260,7659.9951,81.8806,414.1552,2700.2691,9.8123,196.4835,66.3050,0.7718,0.9940,0.0000,443.0000,benign
4511.2306,18.1625,9.0071,1713.3304,4626.6341,108.0227,338.1574,1661.5438,6.8587,434.2142,282.5787,1.8925,0.9322,0.0000,443.0000,benign
2686.8904,8.4659,17.6353,321.1632,959.3947,33.0423,65.8487,468.3860,13.7758,289.6371,209.0028,1.7193,1.0302,0.0000,22.0000,benign
4445.4939,6.6790,6.6643,1591.2707,2495.9772,176.8433,733.5162,1056.5123,1.7058,243.5728,332.3320,1.8330,2.4681,1.0550,22.0000,benign
4121.7444,12.4939,14.1805,1572.9573,5891.9068,48.3926,379.0852,1677.5939,6.5348,386.7550,230.7888,2.3683,1.4948,0.0000,443.0000,benign
3879.5024,5.0193,12.8631,1210.5147,1919.3903,211.9977,158.8209,948.7601,4.8081,303.9202,136.1107,1.4129,0.9717,0.0000,22.0000,benign
3373.8507,13.7951,10.2437,1044.2162,3368.4001,69.6773,282.9248,636.8166,5.1496,65.6833,167.3502,1.0080,0.8434,0.0000,80.0000,benign
4257.6458,7.4186,12.4969,467.8190,5306.6278,73.7791,495.9395,1843.9956,3.4248,344.7851,143.5219,1.8534,1.7763,0.0000,80.0000,benign
5471.8797,8.5948,0.0000,937.9111,4128.0192,128.7192,2873.7296,1118.9118,2.4457,125.4399,331.1448,1.8380,1.0805,0.0000,443.0000,benign
2439.1779,7.5029,10.8242,888.7577,4917.1524,129.4551,596.8737,2816.9069,5.8362,525.5437,199.7428,0.9905,2.2749,0.0000,80.0000,benign
953.2830,14.1874,7.6912,263.4422,7638.5334,23.4377,636.7147,7522.9109,20.6651,330.1475,222.6882,0.8689,0.9054,0.0000,80.0000,port_scan
4502.7252,13.2069,11.8496,431.3038,7898.3597,24.5861,401.4986,1302.8281,6.3006,270.1066,232.4192,2.6371,2.2563,0.0000,443.0000,benign
0.0000,8.9465,21.6491,695.3603,10195.5493,61.1681,534.5515,771912.9623,3831.7315,197.3940,121.0945,1.7860,0.9592,0.0000,80.0000,benign
2212.2546,20.3995,11.2836,945.2506,8014.1233,53.6517,530.0108,3266.4440,14.7619,60.6633,0.0000,0.7459,1.1610,0.0000,443.0000,benign
4028.7383,8.4567,9.9304,1079.5015,6958.2514,81.8329,500.0059,1836.4047,5.7963,361.0662,226.5632,1.0286,2.2257,0.0000,80.0000,benign
3017.3138,15.2317,18.7091,2214.7779,6176.7837,104.9323,264.8646,2570.5102,11.6162,435.2019,191.7326,1.7930,1.1425,0.0000,22.0000,benign
772.9134,24.2246,16.2681,1477.4174,1582.9544,41.9534,109.5546,4310.9687,54.5648,203.8538,382.0107,2.1419,0.9952,0.0000,80.0000,benign
3325.5143,8.2242,22.9143,1897.9657,2050.8560,152.1514,111.6504,950.5761,7.3393,276.8376,256.3340,1.2218,1.4909,0.0000,3389.0000,benign
1254.1636,11.6117,9.7651,906.7479,4952.8532,128.2916,661.8576,3900.6023,12.2184,113.2483,106.5584,1.9085,2.1063,0.0000,443.0000,benign
3682.0711,12.1678,14.7719,1390.2445,9038.5003,81.6858,447.8639,2885.1343,6.2326,381.5419,298.3907,2.5637,1.0547,0.0000,443.0000,benign
4491.3903,11.4482,13.7860,845.1724,4902.2128,70.7236,340.9502,2023.4262,7.6386,208.8325,301.1952,0.7910,0.7349,0.0000,80.0000,benign
1882.8319,13.8734,7.8801,1133.5809,9955.8806,95.8050,1026.7225,4842.1327,10.7610,296.8860,265.0179,0.9813,2.3708,0.0000,22.0000,benign
4665.9910,12.2511,15.2551,1565.8802,5976.0347,81.6198,517.0873,1109.4107,4.8648,147.8860,250.7982,3.2456,1.2888,0.0000,443.0000,benign
1973.5376,6.3243,13.4696,862.6804,5669.4060,84.3887,406.4192,3012.0263,12.2767,93.4434,354.8359,1.9739,1.0556,0.0000,80.0000,benign
4679.8466,14.3883,20.4188,1445.9164,4156.1923,134.0696,422.4985,2542.7351,7.0664,474.9341,229.3593,1.5935,1.0368,1.0685,443.0000,benign
3871.2336,15.2603,21.1329,586.2365,4051.4227,49.5972,134.1634,1231.8635,8.6925,232.7212,458.9596,1.1099,0.8175,0.0000,443.0000,benign
3201.9845,18.6590,9.5022,1707.9267,4940.4206,76.7914,299.7742,2698.0813,14.4974,206.6456,301.1355,0.8709,1.1954,0.0000,443.0000,benign
6733.1874,18.3539,14.9663,898.0881,9045.3799,36.5421,393.5337,975.7191,6.2588,148.1120,246.2896,1.1856,0.9130,0.0000,443.0000,benign
2617.4515,14.8891,14.4324,977.0543,3749.6638,107.0875,244.0870,1803.2066,11.6304,183.8230,237.0410,1.3785,0.9126,0.0000,443.0000,benign
5007.1418,15.4783,7.4705,1681.6998,6678.5366,101.7119,977.4031,1654.3223,3.3674,181.6261,109.3384,1.9285,1.2236,0.0000,443.0000,benign
4594.8545,18.2156,7.1054,550.9065,7030.1889,45.9587,754.2474,1958.9274,9.9809,368.4970,346.7582,2.4991,1.1359,0.9951,443.0000,benign
6782.7398,12.9395,20.5093,1842.8847,5282.8190,145.1756,355.7950,1458.6549,5.6152,445.9165,232.0012,1.9353,1.0953,0.0000,3389.0000,benign
4988.2333,12.8157,14.9690,1062.1931,5246.0049,94.1629,361.1814,1215.3730,4.2859,146.9670,189.2186,0.6419,1.5574,0.0000,443.0000,benign
3268.6574,9.5129,0.0000,1029.0709,8605.4126,59.1429,6655.9569,917.8614,3.5242,50.1628,87.3538,2.1222,1.9021,0.0000,443.0000,benign
4671.1992,10.3286,13.3319,674.6919,1852.5528,63.1869,223.3578,853.6984,4.9808,202.0779,177.5910,2.2310,2.0089,0.0000,53.0000,benign
5304.5796,15.8663,10.7641,2829.3911,3160.5792,106.5567,392.1624,1624.1810,4.0660,248.2571,336.2863,1.7291,1.0854,0.0000,3389.0000,benign
3644.4298,17.7899,12.5713,1078.3039,3157.4285,101.0365,270.5254,1004.2769,8.0159,91.1928,304.2501,0.6544,2.1504,0.0000,80.0000,benign
3671.5475,15.4296,12.5934,996.4760,5573.6298,96.8142,514.1658,1310.2431,5.2133,310.8672,200.6372,1.0719,1.0127,0.0000,80.0000,benign
9285.3734,20.6627,6.3667,1326.7326,2823.9853,30.6625,527.7921,756.2850,4.0430,400.4333,122.1405,0.9302,1.0066,0.0000,3389.0000,benign
0.0000,16.7380,6.3161,1264.8452,7963.8641,73.6593,494.8373,950614.6908,2287.0806,392.2483,399.2306,1.0460,0.9007,0.0000,80.0000,benign
3097.3754,21.6760,19.5415,1288.2385,3217.9443,39.9175,167.6818,1317.7119,12.9668,260.4399,455.3583,1.5845,0.9506,0.0000,53.0000,benign
2944.5852,5.9349,20.8166,952.2245,7934.6829,160.7439,251.1891,2134.3439,6.1789,302.0743,289.5167,1.2245,1.0178,0.0000,443.0000,benign
3427.7563,25.2950,11.8763,1582.5873,8451.6251,54.6583,892.8665,2294.6575,11.6963,228.5290,238.3323,0.9737,1.6754,0.0000,443.0000,benign
5657.9146,5.4984,11.4753,1779.4237,5133.8402,233.0065,499.9986,1009.6867,3.1135,482.9862,227.2532,2.1670,0.7455,0.0000,80.0000,benign
4825.3795,5.7472,19.1814,647.7630,902.2130,70.2617,80.1418,364.8688,3.7966,227.5681,62.4207,2.6524,1.3414,0.0000,443.0000,benign
6928.1336,15.4897,14.2253,1273.3016,4603.4227,104.4347,438.3216,1479.1812,4.0676,518.8119,250.3641,0.9430,0.9947,0.0000,80.0000,benign
2238.2393,16.5212,17.6794,1252.0549,3451.1741,73.9116,188.5081,3507.6675,22.8493,298.2303,217.1736,2.3336,2.0862,0.0000,80.0000,benign
3663.0077,21.2412,17.4103,932.1072,4827.8969,56.0932,158.5428,1604.6356,7.8989,268.9293,214.3512,2.0096,1.9342,0.0000,443.0000,benign
1216.5252,6.7823,20.0027,1969.9635,2982.0438,419.8509,100.2440,1637.2980,12.3888,183.0357,236.8592,1.1854,2.2567,0.0000,443.0000,benign
3329.4354,4.8967,22.6821,1563.8685,8106.5178,201.5168,340.0139,1997.3872,5.9710,154.1982,205.5644,0.7792,1.9216,0.0000,443.0000,benign
2206.9101,20.8628,12.3818,757.6478,2396.3442,56.6679,132.6169,1301.2308,15.5567,368.7487,204.9328,0.8310,2.2969,0.0000,443.0000,benign
3441.1540,7.9205,35.5067,1444.8644,4501.6393,122.9062,151.9506,1861.4245,11.5976,226.9165,445.8572,2.0564,1.0650,0.0000,443.0000,benign
2606.1492,13.2769,20.3609,1182.8358,3607.8260,80.2586,158.2951,1099.0755,11.2648,326.6573,222.8897,0.9102,0.7623,0.0000,443.0000,benign
1865.1089,19.2828,18.0717,760.0888,9786.1593,74.3013,373.0295,6014.7980,24.5445,402.6526,243.9356,1.1200,1.1970,0.0000,443.0000,benign
4735.4971,15.3812,19.3512,3.5167,4329.3296,0.2477,274.9766,741.6643,4.3372,368.9426,156.3605,1.1687,2.3949,0.0000,80.0000,benign
1364.4457,5.9333,15.2487,928.5981,4914.7332,190.5276,324.6307,4179.8591,18.3747,338.3495,266.7584,0.9887,2.5587,0.0000,22.0000,benign
3875.9456,11.5451,7.0900,1108.4257,8317.4433,68.8023,742.8778,2477.0598,7.5433,280.0260,170.1799,1.9817,1.3579,0.0000,443.0000,benign
7474.2095,19.0313,12.5808,1247.6138,3739.7736,53.1374,386.6261,943.2823,3.2727,249.9630,219.5114,1.8883,1.0304,0.0000,80.0000,benign
304.2702,13.2354,9.5772,763.2397,3033.0098,56.5912,490.4653,16029.5989,69.3598,274.0898,135.0501,2.1310,0.9904,0.0000,3389.0000,benign
1945.2147,8.0155,7.2505,1385.2893,4090.3527,190.5401,489.2963,2921.3441,7.9123,380.7145,173.8904,2.8730,2.5913,0.0000,443.0000,benign
3483.1326,27.1845,7.9476,805.3408,7180.2724,84.5345,638.8005,2910.0390,8.8455,182.4816,184.6300,2.7190,1.3561,0.0000,53.0000,benign
3040.8123,11.9702,12.0406,1935.6960,7642.1314,157.9883,499.2090,3227.8537,5.5155,42.1360,275.5367,1.8755,1.5357,0.0000,443.0000,benign
4168.5775,13.1928,12.1636,1753.4056,4994.1450,148.9824,264.3976,1213.3132,6.2244,471.4456,187.5568,2.4722,1.1059,0.0000,22.0000,benign
4276.7056,8.5875,18.1184,1008.7117,2815.4707,250.1549,156.2994,545.7584,4.0093,529.1589,322.9266,2.3186,1.0795,0.0000,443.0000,benign
2346.6894,19.5107,1.6279,469.2301,5779.0799,17.1366,2001.6195,1646.4265,7.4605,519.1975,408.5883,1.2497,1.0331,0.0000,80.0000,benign
2819.1347,14.0614,18.2766,1329.6849,7160.2863,52.9846,361.4356,3790.7780,9.3428,419.8563,264.2082,0.7038,0.6545,0.0000,80.0000,benign
4131.2134,21.0135,12.2941,2063.6404,4413.4906,61.4188,350.5159,2521.5912,11.2946,75.8684,343.4477,1.2587,2.0411,0.0000,80.0000,benign
3125.9131,20.7112,4.5781,1628.1071,4899.9973,70.4393,1114.2334,1604.9600,7.3890,278.9831,157.2112,2.1609,1.1736,0.0000,443.0000,benign
2378.3705,12.9769,9.0834,538.8829,7300.7166,54.5496,1010.0807,3098.9734,5.8372,398.7854,112.4555,1.6223,0.9772,0.0000,443.0000,benign
3056.9549,14.9410,17.9869,782.7494,4078.3342,99.2315,223.3396,1803.6603,7.7494,460.6222,296.4305,0.8912,0.9905,0.0000,443.0000,benign
2228.7853,5.5089,11.6400,566.0363,4092.4273,74.2244,412.3158,1981.9985,7.5045,309.7688,161.8214,0.9286,1.0934,0.0000,80.0000,benign
4271.2821,11.7690,13.3585,1243.8524,8604.4606,139.2609,447.9445,1933.0530,6.7887,237.7503,220.0882,1.9783,2.0167,0.0000,53.0000,benign
2350.5922,1.2834,7.5389,783.9172,6792.8395,158.7933,1056.2673,1976.3545,2.5355,146.6305,390.7445,0.9193,1.1214,0.0000,443.0000,benign
4911.7328,13.4595,21.4275,734.3205,5202.0581,99.3708,194.5853,1369.4683,7.1193,601.8549,174.9960,1.1271,1.0331,0.0000,443.0000,benign
5128.5620,13.1102,7.8421,1683.7664,6049.8198,158.0867,856.8045,1932.5200,4.7281,361.6950,73.1056,2.1592,1.2467,0.0000,443.0000,benign
3973.8734,11.5412,14.9875,1768.5761,7235.2730,111.0187,275.3959,2175.3267,7.7897,543.9506,182.2950,1.5701,2.2822,0.0000,80.0000,benign
287.8097,9.7840,9.0101,1016.2284,5990.1149,126.9679,862.1069,33181.3406,61.8077,68.3777,225.9599,1.1620,2.2559,0.0000,3389.0000,benign
1721.5343,15.8885,4.3321,1486.9689,2372.9534,103.8804,402.2669,3604.4376,21.4868,12.1280,182.2146,2.2857,1.9841,0.0000,443.0000,benign
5902.7506,5.3432,24.1540,168.3836,8169.5855,37.1252,333.8845,1236.1369,4.8192,352.1486,295.7789,1.6623,1.7757,0.0000,443.0000,benign
4639.1708,19.8113,24.6569,1196.1325,3977.0022,58.8259,168.1419,984.4779,6.7196,339.2419,274.3346,1.0628,1.2601,0.0000,80.0000,benign
5745.3302,6.2447,19.8221,943.9716,4944.8028,136.3472,326.9745,867.7195,3.7478,552.6468,133.9929,0.7585,0.9923,0.0000,443.0000,benign
1974.9131,9.9072,16.2716,2407.7902,8915.5562,149.8028,532.9004,3592.1112,15.1140,171.5863,308.9695,1.1455,1.0031,0.0000,443.0000,benign
4745.5153,8.8687,11.9347,1946.1232,7013.0601,186.7372,640.9898,2071.2880,3.1622,159.9439,241.9996,2.0570,1.7022,0.0000,443.0000,benign
5802.9818,18.6117,15.8284,598.9785,3689.0182,28.3447,215.8751,893.3248,7.3979,290.6053,344.8300,0.8403,1.2383,0.0000,443.0000,benign
2424.5362,9.7842,12.2990,1231.2134,4457.9555,126.8687,740.2268,1815.3249,6.5990,129.8861,110.7685,2.3757,0.5192,0.0000,80.0000,benign
3552.6076,11.5162,15.9014,1424.0766,6856.2400,135.6692,320.1230,1975.0295,10.6995,383.3655,194.3240,1.0319,1.0712,0.0000,80.0000,benign
1990.9548,7.0293,18.7672,1427.9044,11475.7471,318.7893,612.0079,5173.5782,10.1459,236.1764,107.2715,3.1893,1.3770,0.0000,80.0000,benign
1255.4718,9.8831,9.3051,428.2308,3856.9877,63.1941,840.0841,4967.9523,11.0314,226.5395,316.8602,1.7344,0.8225,0.0000,443.0000,benign
7364.9700,16.9259,18.7087,947.2338,4238.4344,51.0096,241.7157,1135.5074,5.2205,342.8573,42.7058,1.1025,1.9313,0.0000,22.0000,benign
3424.3602,10.5547,15.8277,1540.6515,5197.8486,162.1199,309.3347,1709.5449,9.6819,307.3918,299.1432,1.1083,1.3793,0.0000,80.0000,benign
3644.9021,14.1921,14.5010,1370.0443,2234.1994,152.0183,229.2978,1260.6078,7.6479,373.4133,410.5144,1.0853,2.2045,0.0000,80.0000,benign
5347.5769,16.3071,7.0667,1175.7175,3243.1549,112.8545,505.1200,1524.2874,4.7675,150.2338,143.1810,2.3371,2.8267,0.0000,22.0000,benign
1114.5021,16.3670,17.5736,1241.3726,5410.9032,110.6944,395.7327,7609.8529,21.5949,505.8591,226.8720,1.8306,1.6974,0.0000,80.0000,benign
2827.6916,11.0849,24.2492,961.4577,6251.1471,73.3290,159.9062,2446.1056,13.1510,619.0860,0.0000,2.3940,2.3256,0.0000,443.0000,benign
2542.5797,13.3745,15.0661,1464.0919,2328.0901,61.9603,136.7080,921.8845,8.4276,242.7112,161.9237,2.3094,1.1645,0.0000,80.0000,benign
3498.9706,19.7849,11.6806,2278.4126,6948.5115,126.0274,404.7562,3219.6677,11.3107,198.3721,290.9257,1.1009,1.8034,0.0000,443.0000,benign
2188.5500,8.7955,8.2475,1544.9633,5289.7640,196.4616,430.2069,2264.7393,8.3563,116.8036,363.6897,2.4002,1.1540,1.1360,443.0000,benign
2305.4717,19.8896,12.3287,1280.5899,1855.4065,68.4307,238.8317,1674.2663,16.6646,174.3584,172.9506,1.0603,0.9394,0.0000,80.0000,benign
1764.1036,10.8150,23.3870,632.6336,8494.8548,71.6550,353.1563,3667.2501,11.3561,227.8738,279.3294,2.0981,2.0765,1.2217,443.0000,benign
5634.2604,7.2064,21.2747,2326.1499,6700.4461,172.7804,381.0010,1409.4047,6.2067,454.0097,306.4793,1.1476,1.3884,0.0000,80.0000,benign
2863.2759,4.5691,5.4516,1814.2361,2731.4399,237.4088,546.2508,1221.7088,3.2494,264.6182,278.7877,0.9274,0.9627,0.0000,443.0000,benign
99.3602,9.0343,11.5974,1459.5545,2915.4569,164.0168,381.9431,33690.5106,128.9032,326.5196,397.8778,1.0600,1.1744,0.0000,443.0000,benign
4601.5725,18.4050,7.6418,691.6386,10985.5952,35.5104,1054.1113,2142.7256,4.5007,138.3165,292.8020,1.7985,2.2814,0.0000,80.0000,benign
2537.9393,12.2575,9.6464,957.1864,11577.1145,132.1692,1260.4136,2462.1287,3.0198,204.7145,418.8894,0.6971,1.0726,0.0000,80.0000,benign
4310.1474,9.8045,9.9080,1125.3978,5188.6765,87.9131,517.9629,1672.6826,3.8866,330.1327,79.5649,0.8114,1.5269,0.0000,443.0000,benign
3645.3799,11.3690,17.2898,2056.2686,5051.5837,196.3452,318.9975,1477.1801,7.4735,0.0000,120.4287,1.5963,0.8239,0.0000,80.0000,benign
1165.6449,16.9906,18.6207,1330.4401,6615.4301,44.5738,274.3847,4478.3445,29.5454,257.0570,168.3372,1.0894,2.0735,0.0000,3389.0000,benign
2101.3853,18.5729,17.6259,1843.6712,4999.8196,98.6951,230.5876,1900.6711,11.8712,276.7317,289.0679,1.5264,0.9872,0.0000,443.0000,dos
4483.9046,21.5399,15.5138,999.5945,1296.8625,46.1356,116.1412,389.7548,6.0316,280.5920,163.4015,2.1247,0.9538,0.0000,443.0000,benign
3158.0168,15.8924,22.7169,1872.0646,3315.8225,126.9294,206.9650,1368.4404,12.1639,247.9144,182.7043,1.6305,1.0787,0.0000,80.0000,benign
2435.2181,13.4621,6.0242,714.9450,122.1200,43.6888,22.1468,245.7799,5.4889,330.7372,280.8595,2.6991,2.4748,0.0000,80.0000,benign
5361.2839,10.0781,13.2417,1366.6785,4893.5856,63.0888,289.3246,979.5926,7.9385,156.0993,297.2217,1.9340,1.0906,0.0000,443.0000,benign
3117.0001,15.1362,31.7781,1334.4633,3543.0764,91.1976,120.9586,1566.3792,12.1944,212.1374,119.1769,1.6351,1.8146,0.0000,3389.0000,benign
3683.7165,10.8508,20.5701,1080.8810,3104.7273,97.8317,144.3384,986.5943,7.9076,211.8276,313.8415,2.3487,1.1459,0.0000,22.0000,benign
4623.3567,19.3459,13.5559,1072.6602,5209.6217,69.7116,282.0355,1310.3870,6.8026,332.4296,222.8804,0.9649,1.4289,0.0000,443.0000,benign
2880.4093,4.6258,15.2942,873.1259,2502.8741,324.0541,83.8509,1085.6254,7.8818,189.8540,365.5022,0.7446,0.9909,0.0000,443.0000,benign
766.0828,8.7259,3.8899,1620.9069,6528.4510,114.0426,1475.9850,8686.8105,19.9989,273.4888,408.4541,1.2714,0.9912,0.9355,80.0000,benign
3326.4857,2.7363,10.3595,755.3137,6850.8589,323.1132,417.4447,3198.2321,6.9456,155.0068,94.1874,2.5983,2.5395,0.0000,80.0000,benign
1941.6349,4.5073,7.3268,1136.2831,7128.1204,164.4932,819.5215,3928.2660,6.6539,207.0365,257.1706,0.9894,1.1578,0.0000,443.0000,benign
2885.7101,14.8730,6.3977,642.8101,4409.6880,32.9346,466.0182,1487.9050,7.6978,39.8256,120.7329,1.4717,2.1453,0.0000,80.0000,benign
3930.4314,11.7538,9.1999,910.8763,9939.3027,53.9728,400.9307,2766.6262,6.4993,414.5398,422.4187,2.0521,1.2448,0.0000,80.0000,benign
2075.2047,10.9438,28.3697,1358.0366,7405.0801,96.1150,269.3370,3277.8567,19.6805,615.5772,339.2966,1.7906,0.9482,0.0000,80.0000,benign
4401.0167,9.2169,6.2844,1325.9670,7797.4706,141.3422,1194.7154,3016.9885,4.1488,65.5367,353.1322,1.2251,2.0603,0.0000,22.0000,benign
3676.4359,5.6649,7.1906,1647.6058,3970.9352,218.7376,377.5875,1109.6395,2.0436,542.8600,384.8988,2.0989,2.3331,0.0000,80.0000,benign
3987.0084,7.3191,25.0643,1320.1043,8535.8954,142.7738,281.6472,2668.1351,14.4359,339.2723,163.9349,2.1601,1.8485,1.1737,443.0000,benign
3662.6105,8.9569,11.2473,857.6642,4670.8090,67.7606,478.9511,1404.6394,5.0542,472.6121,160.9923,1.0031,2.0394,0.0000,443.0000,benign
43.4479,13.8040,12.6045,1447.2360,8590.8515,190.1878,1104.5427,414240.2014,519.8744,314.9794,212.5249,1.2560,1.9421,0.0000,80.0000,benign
2926.2102,7.0963,14.1565,1567.2408,4281.3753,186.0907,354.2082,1821.3541,5.9885,209.8890,289.9189,1.7077,1.0493,0.0000,3389.0000,benign
3365.4899,5.3390,14.3515,654.1887,6637.5709,49.1273,395.2734,1680.8256,6.4980,271.0591,83.6070,1.2082,1.3552,0.0000,443.0000,benign
4272.9810,18.5083,5.7498,1054.3081,8482.0713,58.9579,1459.1968,1783.5622,6.6957,500.9215,100.6874,1.0612,0.8916,0.0000,80.0000,benign
5229.8841,13.6695,11.8770,119.1624,3795.1237,14.9554,547.0353,820.6178,5.7871,221.3947,417.1069,1.1855,1.9847,0.0000,443.0000,benign
3296.7667,29.2987,17.4642,1322.1582,3689.9679,65.8824,210.0751,1379.6471,11.6147,255.1599,309.4099,1.7907,1.7098,0.0000,80.0000,benign
1474.7162,4.1698,3.7820,1846.3405,2848.1909,423.0089,530.8210,2119.0056,5.0436,194.1985,198.3170,0.8534,1.4059,0.0000,22.0000,benign
5077.8133,4.6405,10.8915,1723.9420,1849.9166,415.7607,207.3241,516.0241,3.6314,103.8951,299.5215,1.0842,1.9809,0.0000,443.0000,brute_force
2969.7387,10.0140,3.0765,1417.5096,4318.8913,78.2011,2612.1817,1219.3700,3.8702,208.1133,413.9187,2.1592,0.9301,0.0000,53.0000,benign
6308.1371,9.7029,13.7678,2328.9556,9367.6958,229.9070,473.6124,1413.0904,4.0380,447.9297,206.9537,1.0584,1.8545,0.8173,80.0000,benign
3166.0977,15.7336,10.9382,1094.4443,6926.1293,71.3023,830.5132,3254.5336,8.1583,81.1456,141.2833,2.0084,0.6736,0.0000,443.0000,benign
2300.9317,7.1167,6.4631,573.6817,6958.8728,110.8594,706.1006,1680.1399,3.5319,387.2655,110.2404,1.7698,2.0183,0.7895,3389.0000,benign
6857.3220,8.8364,14.4492,1300.5687,4161.7044,106.9490,240.2972,819.8350,4.1924,366.4284,328.1775,1.0679,1.8960,0.0000,443.0000,benign
7385.5963,22.0067,0.0000,1618.2742,4628.0543,76.5219,3818.5746,686.2709,3.3584,192.3156,60.5374,2.4720,2.5308,0.0000,80.0000,benign
2286.0846,11.7278,17.2197,724.6883,3728.6696,83.5464,188.3200,1640.3364,11.8385,292.8832,306.6456,0.8552,1.7006,0.0000,80.0000,benign
1708.6851,25.5233,26.3272,1359.4397,7321.8982,66.4074,302.8060,5065.6898,26.4268,108.4021,30.2651,0.9384,1.3347,0.0000,80.0000,benign
6678.1900,15.2069,1.2699,871.4612,4744.0992,69.5186,5914.0857,826.2117,2.2841,102.3192,199.0411,1.9593,0.9659,0.0000,80.0000,benign
1694.0994,12.9813,20.4985,0.0000,5609.0179,0.0000,320.1285,2073.9071,10.0926,278.9956,311.2734,0.9026,0.9578,0.0000,443.0000,benign
4129.9574,11.4716,12.1223,408.0121,5037.3052,22.8414,480.1044,862.4190,4.4518,463.6426,382.4268,1.0993,0.9698,0.0000,443.0000,benign
3037.7009,21.3842,10.1354,831.4199,3943.7454,31.9730,394.0934,1804.6747,14.4861,316.4745,265.4182,0.7407,1.6496,0.0000,443.0000,benign
7399.7768,17.5262,16.6687,2065.2397,10444.3422,98.3011,383.1174,1854.0662,6.8102,307.8313,277.7790,2.0851,2.0925,0.0000,80.0000,benign
3299.6778,12.5507,1.8336,1322.3505,3811.2921,69.6975,1953.6790,1508.1028,4.5569,180.2385,206.2597,1.8723,2.3452,0.0000,443.0000,benign
3825.4095,8.1946,35.0185,1759.4856,5288.2634,140.2984,195.1282,1710.3167,9.8888,198.0070,330.0642,1.3765,0.9726,0.0000,80.0000,benign
1324.0350,15.0262,14.2969,1396.9354,4926.0798,89.0571,589.7028,5032.1603,17.7588,341.0143,139.0937,2.4301,0.8990,1.0599,443.0000,benign
3224.7985,20.8223,0.9476,1021.4071,1318.2713,42.6158,1581.9212,870.5811,8.5574,407.0537,37.5837,1.9817,2.1980,0.0000,443.0000,benign
1798.3079,10.2116,6.1581,1166.3050,4407.4110,104.1831,659.0574,2876.5076,12.6623,285.6733,235.8112,1.0759,2.9216,0.0000,443.0000,benign
5054.9666,9.3520,13.6662,1476.9223,4443.4939,118.0779,436.9578,1173.7202,7.2364,272.2596,98.2720,0.8624,1.2184,0.0000,80.0000,benign
2726.1333,14.1076,12.2521,1380.2949,6855.2238,160.6405,394.3367,3184.7161,6.4608,234.1190,305.9879,0.9838,0.8488,0.0000,443.0000,benign
4155.6529,19.3770,8.9808,799.0378,6549.2770,61.0346,532.0240,2229.2748,6.3464,264.6781,268.9131,2.4239,1.0268,0.0000,80.0000,benign
4987.3917,14.0903,12.1480,2167.2355,8520.0106,170.0428,339.7907,1842.4599,5.7841,305.6437,211.1510,2.4810,2.5664,0.0000,80.0000,benign
924.8276,11.5654,12.4444,75.4740,4526.9519,8.8626,372.1022,6303.4254,34.9171,170.9220,149.5319,2.2911,1.1216,0.0000,22.0000,benign
4501.1103,13.8295,8.1052,1360.9942,5685.0785,90.0037,240.7241,1507.6395,6.0552,0.0000,158.6425,1.1784,2.1294,0.0000,443.0000,benign
4971.1381,6.9848,16.5897,1800.7026,7049.1093,311.4306,356.0631,2201.5115,7.0733,254.3304,167.3048,0.5185,1.9810,0.0000,80.0000,benign
4384.4082,8.3008,27.3067,339.3998,2580.0242,54.1312,163.2566,674.3501,6.7496,328.1131,214.5661,0.8155,1.0987,0.0000,80.0000,benign
3482.3013,13.7029,3.7948,1314.4859,6893.7456,138.5572,2351.0850,1941.9844,3.5294,341.8445,284.8514,0.9951,1.3375,0.0000,443.0000,benign
2373.8189,7.7761,20.0013,572.3942,2757.4980,72.9884,95.3419,1054.9547,13.5069,196.7523,183.4624,1.0501,2.1424,0.0000,443.0000,benign
5261.2361,12.4329,20.9969,711.2301,6642.6891,59.5068,293.5652,1577.0876,7.3306,290.3446,182.6671,2.1329,1.7503,0.0000,443.0000,benign
4838.6556,7.4391,15.9528,1424.2058,1952.0579,223.4731,149.2123,629.5267,5.2044,263.1451,204.5431,1.9596,1.7318,0.0000,443.0000,benign
4943.9976,2.8779,5.2107,417.6063,7478.5808,111.5819,1554.2555,1741.9515,2.0309,306.2137,329.0662,1.9067,1.1784,0.9004,80.0000,benign
6142.2440,19.5786,13.6955,475.4372,861.5417,40.9113,118.4859,411.1506,7.1580,282.0461,133.8771,0.7855,2.0912,0.0000,80.0000,benign
1109.7664,18.8248,23.0962,957.0829,4548.8203,43.7595,294.5336,5991.0945,47.9099,301.7110,360.4736,2.0947,1.1907,0.0000,443.0000,benign
6397.4236,28.1618,9.3179,256.7207,0.0000,14.6998,0.0000,52.3181,5.6999,89.1070,185.5301,1.0432,0.8032,0.0000,22.0000,benign
2492.0343,9.6925,20.8493,1759.2104,7298.1052,143.7691,263.8464,3007.1778,9.0420,317.0783,251.5081,1.0964,1.2289,1.1013,80.0000,benign
0.0000,5.2298,22.6715,977.1696,9159.9430,111.1683,595.7575,1321780.6061,2571.0451,180.4624,166.9009,1.1938,2.5823,0.0000,22.0000,benign
948.7974,13.1929,8.6108,824.8726,9121.7193,64.8516,1057.4185,8118.8528,15.7599,200.3179,257.6889,0.7872,1.7723,0.0000,443.0000,benign
3885.1125,19.6572,22.3937,544.1509,5043.7122,45.0557,133.8426,1898.5360,14.2034,366.1051,298.0236,1.0337,1.2837,0.0000,443.0000,benign
6301.9625,12.5266,11.3415,1006.1426,5012.8176,98.0706,478.3604,1418.9112,5.1337,140.4768,318.9534,0.4505,2.0513,0.0000,80.0000,benign
4559.7462,16.1780,16.0292,1336.2484,6168.2268,62.9274,686.3951,1142.3026,6.0752,552.4648,133.3299,2.2737,2.1349,0.0000,443.0000,benign
1335.5159,9.6397,19.3241,1453.8959,6307.9223,144.6803,346.2654,4185.4261,17.5496,337.7815,115.3347,2.2815,1.0441,0.0000,80.0000,benign
4725.2819,12.4685,11.4511,1590.1277,3190.2447,95.9338,374.3921,1106.3449,5.5339,242.4262,57.3128,1.9797,1.1658,0.0000,443.0000,benign
3385.0297,15.9830,7.1585,385.5202,3691.8829,39.6804,356.2176,835.9258,5.0733,321.5812,257.3756,2.5897,1.3865,0.8141,443.0000,benign
4517.9266,7.1469,14.9525,770.0946,7453.7588,73.9351,415.3564,2414.9001,6.1231,145.6025,400.8542,0.9453,1.0288,0.0000,80.0000,benign
3950.5249,12.5052,19.6474,785.2552,3820.9100,16.0596,297.8356,782.5052,9.3955,308.2502,366.2056,0.9270,1.6632,1.1264,80.0000,benign
5169.1864,15.1478,16.4970,1643.5374,4853.8128,119.3510,283.8574,2173.6797,9.1743,304.6771,286.6258,2.0288,1.0870,0.0000,443.0000,benign
2217.3921,0.0000,21.6383,986.6759,5575.1704,1437.0264,234.5720,1933.9940,6.6411,314.3934,368.8150,1.7734,2.1367,0.0000,80.0000,benign
4457.5066,10.3096,14.5946,732.0777,5100.3336,120.1584,467.6740,1525.9178,6.5129,58.9489,406.9767,1.9273,1.5789,0.0000,80.0000,c2_beacon
3302.7199,12.4983,14.5843,722.0439,4854.5332,56.3221,369.3619,1862.3025,10.3631,290.3122,258.5685,1.3806,0.9317,0.0000,80.0000,benign
3723.2489,13.9036,12.7904,1415.0570,4837.1216,145.7250,544.3507,1269.7226,4.7693,39.1671,233.9902,1.0524,0.7538,0.0000,443.0000,benign
2683.7753,10.9598,24.3527,2380.5318,3307.9708,185.9386,206.5317,2606.7946,10.4601,451.6275,327.3497,0.9095,2.3442,0.0000,443.0000,benign
3953.9277,15.2025,16.1362,707.2561,5878.7348,60.2583,503.5983,2032.9540,8.1143,321.3336,178.8186,1.0270,1.2046,0.0000,443.0000,benign
4436.5782,9.2373,8.4151,968.9596,7801.5584,59.0486,688.6546,1649.8279,4.8669,9.4476,218.0606,2.7285,1.9699,0.0000,53.0000,benign
5077.5378,12.0590,17.2076,985.4136,3672.3202,63.4131,267.8941,1024.9050,5.6200,359.6706,147.8118,1.0455,2.1309,0.0000,22.0000,benign
3414.9445,14.0234,7.3985,2323.1141,4327.8546,137.3416,359.3216,1388.5670,9.3296,113.2097,197.8178,1.2059,2.2030,0.0000,443.0000,benign
1922.2556,7.6802,13.6055,1536.4447,2097.2500,141.3432,143.1948,1190.5674,10.5470,234.4608,246.4990,0.9573,1.1183,1.0691,80.0000,benign
579.6607,16.4915,18.2629,619.0593,4650.0359,81.0435,370.3172,18789.2041,85.4991,267.7442,443.8164,1.2343,1.0360,0.0000,443.0000,benign
3679.8141,17.8665,6.9896,575.1600,2921.6810,45.0809,417.4623,1001.3556,8.2312,195.2685,70.9658,2.2595,1.0154,0.0000,443.0000,benign
4545.6413,13.0823,28.4482,1602.0537,8414.9883,104.7439,372.6985,1987.0347,6.0251,384.1227,383.1990,1.7234,1.0295,0.0000,443.0000,benign
4266.8695,9.3957,11.8257,2101.2521,4023.2109,236.1172,444.5153,1613.5120,6.1883,388.9670,181.1289,0.8912,0.9014,0.0000,80.0000,benign
5144.3748,10.9957,13.5201,590.8941,8980.6121,44.2503,560.4217,1899.7954,6.6772,249.9470,438.2808,0.9617,1.9347,0.0000,443.0000,benign
2882.6602,17.7777,6.7892,1195.1813,10342.8096,73.1352,1105.4508,3100.2414,8.2720,228.1219,128.2004,1.0607,0.7966,0.0000,80.0000,benign
4063.5245,13.4665,9.8780,1753.1805,2051.7262,151.6293,153.3560,920.8365,6.0574,261.2381,235.1249,1.3200,1.1424,0.0000,80.0000,benign
2402.6111,10.7841,10.7239,1679.9363,9086.6067,128.3588,1001.6852,4584.2212,9.0312,305.6810,188.6301,0.9896,1.8522,0.0000,80.0000,benign
652.7637,8.7850,15.1759,1354.5300,2527.8411,241.2195,87.4498,6627.4652,48.3822,452.4756,237.6256,1.1195,2.3454,0.0000,22.0000,brute_force
2754.8685,17.6706,5.9013,518.4034,3011.5598,23.0275,492.5721,1341.1097,11.3821,373.5029,329.0964,1.3731,1.0577,0.0000,80.0000,benign
2154.6515,9.7504,8.2301,2119.1278,2716.0955,100.3749,489.6936,2092.9434,8.3199,227.5587,180.6962,1.3105,0.9085,0.0000,443.0000,benign
1841.6346,10.2649,6.2518,1881.5572,1701.2738,138.7913,308.9393,2437.9491,7.9791,524.6587,245.6622,2.1881,1.3309,0.0000,80.0000,benign
1777.9961,18.3582,10.9862,1727.5593,2662.3897,47.4133,313.7889,1641.3805,14.7554,461.6345,188.0288,0.5946,0.6729,0.0000,443.0000,benign
2550.6631,21.2433,13.3952,1511.6000,4286.1387,80.2490,233.8531,1576.1817,9.2654,112.5456,197.1033,0.7528,0.7767,0.9895,80.0000,benign
3735.7048,7.0519,12.1375,1463.1246,4726.8511,147.6219,264.1909,1912.4582,7.6130,452.5310,175.0074,1.9181,1.0156,0.0000,443.0000,benign
721.0993,9.7306,14.9909,43.4487,7813.2974,8.6085,485.4560,12687.6166,53.8919,401.4977,240.3742,0.9687,0.9670,0.0000,80.0000,benign
1467.9239,6.5142,17.3112,540.0632,3256.1201,73.9075,237.8807,4890.6497,16.9896,182.3360,268.4893,2.1406,1.6342,0.0000,80.0000,benign
5146.1263,17.1249,24.3314,593.7365,5310.6287,39.8153,241.9080,1451.4923,7.2306,391.7599,262.1301,0.7899,0.8575,0.0000,80.0000,benign
4789.4498,9.5043,1.8481,1068.7643,4570.8441,196.7017,1442.1129,1261.2370,2.0169,456.8349,171.0950,1.1008,2.1123,0.0000,22.0000,benign
1734.1636,7.6973,17.9286,1829.7058,3527.1236,269.2209,166.6896,2722.5724,9.6215,436.3515,362.7549,1.5468,1.1644,0.0000,80.0000,benign
898.3986,22.1274,16.9582,0.0000,1191.4935,0.0000,57.1171,1827.4402,60.8584,302.7046,294.7555,2.6158,2.6934,0.0000,80.0000,benign
4383.3844,27.6960,16.0512,918.8968,3146.4479,60.4433,222.6979,792.5632,6.7553,318.6230,308.1035,1.1036,0.7838,0.0000,443.0000,benign
995.7172,10.8955,18.4503,746.5531,3758.8502,54.3686,270.5143,4863.6788,46.2610,343.7780,239.7631,2.1360,1.7701,0.0000,80.0000,benign
8617.0479,19.7609,11.9421,1369.1707,4465.6201,52.2341,342.1576,1208.6988,3.4386,194.5280,479.4491,2.1792,2.1645,0.0000,443.0000,benign
2043.5018,7.5932,9.4731,1506.2445,8759.7595,199.2262,925.6702,4782.4975,8.0667,125.5176,165.8667,1.8230,1.5584,0.0000,443.0000,benign
2540.8844,11.1912,19.1426,764.5366,8640.0839,123.2793,382.9148,1979.9571,13.0785,171.5839,439.4913,0.6992,2.0749,0.0000,80.0000,benign
1652.2303,11.9475,23.3884,1020.8569,10222.0990,92.8767,248.2540,6195.8719,34.3111,307.7584,288.6787,1.1044,2.4039,0.0000,80.0000,benign
4548.7270,11.0123,10.8803,1507.5119,9990.3130,153.2964,770.0032,1874.8903,4.8999,137.5195,356.8470,1.1467,1.1568,0.0000,80.0000,benign
3375.1341,15.6844,13.8349,1753.3044,2167.4783,43.3433,222.1289,1329.5953,8.5159,196.6817,164.6761,1.3210,2.6424,0.0000,3389.0000,benign
4514.9229,11.4045,7.3843,1494.3955,2770.1112,184.4606,540.7549,1680.1466,6.0273,72.6126,159.6324,2.0273,1.9496,0.0000,443.0000,benign
6726.1419,13.8660,15.6924,866.9071,1805.2278,99.9598,71.9892,458.9700,3.4591,300.4111,146.3252,0.9195,0.9871,0.0000,80.0000,benign
3164.9459,10.1002,11.0454,2222.1607,1555.2851,138.7891,170.5444,1847.3054,8.5496,687.6809,103.9983,1.1120,0.8246,0.0000,80.0000,benign
3734.2964,18.0122,15.4382,2150.1938,11457.6601,153.2025,708.5830,4147.2462,8.9789,252.8951,97.8020,1.0684,2.3538,0.0000,80.0000,benign
2672.2210,16.6561,5.8028,0.0000,3278.6700,0.0000,943.4239,2432.7051,6.3862,483.9661,121.1217,1.2630,2.2888,0.0000,80.0000,benign
5076.1853,6.0122,9.6515,743.4230,3747.6964,160.0553,383.1486,703.6165,2.3729,334.9969,50.6727,2.4691,1.0164,0.0000,80.0000,benign
4052.9682,9.8895,12.5893,779.4899,5726.0660,79.1158,263.1930,2271.5148,9.1854,434.8869,259.5480,2.3319,1.2803,0.0000,443.0000,benign
3597.2525,14.3788,14.0256,1432.0087,5791.5351,70.8892,540.2720,2589.6514,6.3882,594.9935,153.5998,2.0132,1.7138,0.0000,80.0000,benign
3255.4536,12.2721,11.3515,1572.3607,7602.6283,158.5168,648.0808,3253.0980,6.3340,194.6318,317.7006,1.0603,1.0910,0.0000,443.0000,benign
1744.4007,11.7636,11.3765,1407.7286,3050.8846,112.2241,223.5424,1774.5298,12.2947,392.7809,504.8709,1.0820,2.3436,0.0000,80.0000,benign
5655.3550,12.9459,11.7705,593.1231,8599.9813,42.2218,821.3284,1713.4270,4.6623,346.0684,424.1999,2.1226,2.5295,0.0000,443.0000,benign
7418.9971,6.9748,11.7647,657.5773,6455.1843,58.7996,511.0025,1040.8497,2.5948,238.4087,65.2448,1.6491,1.9594,0.9938,53.0000,benign
3429.6157,13.1838,14.9874,1757.8473,2703.7563,167.5100,216.6245,1158.7257,7.5824,286.7235,198.5651,0.9492,0.8872,0.0000,80.0000,benign
3629.3238,15.9562,18.3318,1479.7156,6593.9263,95.4711,266.4095,1379.3272,9.8872,326.4279,328.6292,2.2278,1.7561,0.0000,443.0000,benign
6199.5534,13.6475,13.2714,2018.2457,3178.8312,162.7626,148.0128,1053.5032,6.3100,314.9627,233.8735,0.7463,1.1071,0.0000,80.0000,benign
2182.3052,9.5793,16.9478,1458.7347,1252.2636,136.3187,116.6444,1018.7246,9.1273,262.6159,274.7355,1.0382,1.2625,0.0000,443.0000,c2_beacon
6426.9462,13.5412,15.0436,1409.9669,6629.9557,152.4137,448.0147,1626.2919,7.4128,359.2945,252.7949,2.0231,0.7864,0.0000,80.0000,benign
3276.7673,26.2046,9.4244,774.2343,6077.5827,43.5675,570.6613,1557.5280,6.1372,308.6438,139.3503,1.7085,1.0560,0.0000,443.0000,benign
1038.2360,5.9154,10.7507,398.3516,5913.7842,51.2461,908.4588,3990.7042,10.7878,130.7734,415.3683,1.0303,1.6192,0.0000,443.0000,benign
4785.3209,2.9242,9.1593,1424.7964,5841.8305,529.0970,731.8774,740.6033,2.5630,231.6274,119.0740,1.2257,0.6075,0.0000,80.0000,benign
2615.3682,16.7580,16.1999,955.4350,3406.1785,53.2874,156.0151,1227.2692,14.1400,452.9698,140.5017,0.9556,0.8691,0.0000,443.0000,benign
1637.1678,16.2385,14.1952,3128.7239,3807.1162,135.4580,207.7726,1965.6616,15.0736,142.7072,432.4900,2.4692,2.6905,0.0000,443.0000,benign
2414.0755,15.8399,17.3550,1459.5655,6395.4777,97.0670,422.1509,3580.5423,10.7270,163.4140,200.6925,2.4150,2.1415,0.0000,53.0000,benign
6266.1598,8.3799,13.7802,768.4879,2477.7045,110.3225,264.5299,868.7483,4.2213,222.4738,443.7716,1.3314,1.3094,0.0000,22.0000,benign
5133.5836,2.6482,13.9573,686.4039,5896.5129,277.0605,568.5620,1522.6372,3.3275,177.8386,287.6176,1.9949,0.8756,0.0000,443.0000,benign
3565.2644,6.6681,5.7238,740.0794,5167.0942,108.7283,925.9748,1849.8496,3.7679,521.7547,69.1626,2.3838,0.9347,0.0000,80.0000,benign
2475.5079,10.5461,13.7175,896.9304,6038.8300,100.6322,404.2035,3005.0308,11.5971,366.1974,124.2392,1.0129,0.8388,0.0000,443.0000,dos
6864.8958,13.2826,10.2593,1551.4951,6641.2152,100.9387,809.2452,1239.4997,3.9431,158.1982,200.5119,1.9205,2.1679,0.0000,443.0000,benign
4607.2923,4.7287,14.3163,826.1641,3236.7659,103.6770,254.7437,965.2314,4.0912,278.1203,166.1957,1.8901,0.8316,0.0000,443.0000,benign
5684.1143,4.5810,7.9565,155.3606,7699.6671,28.3396,904.0833,1603.5634,3.6715,25.3190,204.4576,1.1991,2.3229,0.0000,80.0000,benign
882.7056,3.2847,13.0991,930.9582,6494.6454,247.3521,307.5314,9573.3652,21.8405,391.3174,239.1028,2.0960,1.6363,0.0000,22.0000,benign
5283.3049,24.0922,16.0499,572.4167,2510.7272,32.9703,306.2946,755.7562,9.3200,527.0075,276.4872,1.1364,1.6306,0.0000,443.0000,benign
5331.0506,2.3749,10.7092,909.3227,5784.6967,239.3528,525.7675,1442.1125,1.7367,513.7627,251.5964,1.0167,1.9234,0.0000,443.0000,benign
3814.3870,11.6694,2.8544,334.4330,2668.4840,32.2932,1025.2811,721.3979,3.2549,590.8128,311.6420,0.9363,1.8480,0.0000,443.0000,benign
2411.2433,12.0432,2.8667,882.4099,3944.2001,107.3450,1435.8102,2852.8655,6.5465,613.8896,128.6160,1.1401,1.8098,0.0000,443.0000,benign
2778.3806,9.5229,6.5220,383.5446,4039.3919,35.7758,1239.0345,1897.4695,7.1722,180.7717,288.8453,2.4228,0.8504,0.0000,80.0000,benign
3770.2781,4.5002,4.6114,612.5924,3214.7254,163.5279,677.2711,652.2369,2.0714,317.1806,243.3519,1.0798,0.8288,0.0000,3389.0000,benign
470.0237,18.4006,19.0231,1988.0947,5441.0137,75.2908,406.4857,16222.7267,69.5199,284.8718,359.8158,1.0482,0.9288,0.0000,53.0000,benign
6483.9285,8.4933,1.7676,0.0000,5364.2299,0.0000,2794.4140,826.9528,2.4145,410.6837,311.2627,1.5558,1.1866,0.0000,443.0000,benign
5811.1330,11.6696,18.2290,1096.9851,4241.0892,90.2658,282.8258,980.0132,4.5436,865.7291,150.6316,1.3026,2.2800,0.0000,80.0000,benign
6813.7953,6.3838,12.3561,2075.7144,4784.1124,282.3514,204.9221,1091.4602,3.3934,77.4162,197.9604,0.9641,0.7639,0.0000,80.0000,benign
2547.3170,8.3005,18.2970,721.3279,6019.0757,37.6013,301.4442,2189.3159,10.1858,104.4157,303.3355,2.4764,1.3741,0.0000,3389.0000,benign
2453.7992,14.5024,13.8784,1597.8426,3137.9189,131.5994,217.6187,1831.6212,16.5463,534.7599,277.8223,0.8588,2.1238,0.0000,80.0000,benign
1972.6332,10.4280,10.9386,1012.7851,1788.0307,161.9771,208.7385,1713.9372,8.3859,414.2878,418.7124,1.5819,2.3963,0.0000,443.0000,dos
3228.6383,8.3145,21.2671,1816.9558,6145.7847,203.1484,303.9619,2217.5640,10.3215,435.0185,494.5161,2.4743,2.2753,0.0000,80.0000,benign
6409.2538,15.2676,15.5901,1467.7699,1948.8557,86.3561,159.9237,638.0211,4.5831,83.5372,211.4576,1.9984,0.9625,0.0000,22.0000,benign
4469.5356,12.6763,15.8760,1130.7018,5495.8098,77.5929,373.2286,2092.9904,8.3753,344.9653,116.1120,0.6721,0.8982,0.0000,443.0000,benign
4922.8523,17.3497,17.0498,1108.3609,3451.1373,68.3168,86.4680,999.8530,7.3566,170.0040,434.1037,1.1133,1.1227,0.0000,80.0000,benign
2219.0485,15.1609,14.3221,1404.1768,3816.3664,133.0966,252.4909,2464.0845,22.2580,502.0144,320.3716,2.3354,2.1025,0.0000,80.0000,benign
2525.1989,12.6166,13.8886,1900.9735,6685.8803,203.4501,440.2932,2599.2263,9.4129,218.3355,305.0844,1.1089,1.0715,0.0000,443.0000,benign
3333.4400,14.8765,12.6755,1151.9626,2259.5345,50.5350,228.5667,1085.2115,9.2764,163.3109,200.0999,0.7886,2.5366,0.0000,443.0000,benign
4559.5192,16.2216,15.4530,1315.5301,2549.6225,95.7748,185.9791,763.1313,5.1361,461.6440,257.5047,2.2154,0.4750,0.0000,80.0000,benign
2256.8236,7.4628,16.8054,1540.4735,4559.9032,250.0628,433.5774,2257.5557,5.8146,480.5040,180.9509,0.7425,1.3372,0.0000,80.0000,benign
2854.3579,10.4132,15.9738,1525.2376,3091.9782,131.2082,171.4370,1665.1470,11.6130,99.2758,219.2986,2.0755,1.1723,0.0000,80.0000,benign
6355.7588,21.4766,12.9888,1262.4453,4288.2430,51.9582,407.7512,693.6352,4.7992,271.1965,325.9267,2.3725,1.2250,0.0000,443.0000,benign
3149.1471,7.5499,11.6228,1286.0985,7945.0440,73.4216,421.8234,3806.8000,9.8434,331.4045,170.2492,1.3183,2.3072,0.0000,22.0000,benign
5822.4359,6.6836,9.8241,1190.7350,1299.3451,66.8225,157.1863,443.5859,4.3348,0.0000,388.9284,2.3049,2.5530,0.0000,80.0000,benign
3700.1054,11.0059,15.0337,1227.7857,4812.4925,93.8960,198.6186,1461.6507,11.8855,225.4245,169.3523,0.9277,2.1279,1.0263,80.0000,benign
3048.7325,12.1438,25.4001,1259.9121,6309.6093,67.9501,211.3213,3087.6593,8.1432,281.4575,417.1027,1.4558,1.0958,0.0000,80.0000,benign
2132.6168,21.9364,19.3817,1403.9876,2347.7237,56.6375,69.5974,2187.4512,19.6942,468.3899,91.3870,1.9661,1.8154,0.0000,3389.0000,benign
3428.8135,6.5389,21.3294,2275.2058,4533.7948,282.7053,189.4309,1574.7389,6.5980,170.8797,154.5136,0.8388,1.3593,0.0000,443.0000,benign
4412.3309,15.7854,15.2170,1481.2499,4328.4802,149.6488,178.3500,1630.1038,9.9510,119.9697,411.4637,1.1358,1.0513,0.0000,443.0000,benign
4945.5517,11.5368,26.7541,1378.6940,1140.7467,172.0310,85.1948,692.3947,9.2681,443.0223,180.0427,1.5802,1.7562,0.0000,3389.0000,benign
1844.4677,6.9890,15.7994,1141.9476,6882.3478,101.8565,323.3608,4630.7627,11.5561,395.4695,260.7335,0.9883,0.9682,0.0000,443.0000,benign
4999.1195,20.4505,12.6764,918.5147,2902.9436,79.1647,318.8485,1239.9311,4.8216,294.4718,247.0866,2.9458,2.0306,0.0000,80.0000,benign
3254.1095,14.2974,18.5809,1640.4326,4413.9896,139.2303,281.3749,2034.0627,9.6541,135.0101,244.0352,1.1577,2.1317,0.0000,80.0000,benign
2674.2197,10.7116,18.1344,1000.2579,3104.9005,141.7660,249.7239,1989.0014,13.8742,116.9305,70.2872,1.0224,1.5595,0.0000,80.0000,benign
5725.6332,9.5491,20.3618,1136.5266,1906.9585,109.2358,144.8677,327.3459,4.4867,458.1503,174.5061,1.2634,2.0982,0.0000,80.0000,benign
3807.6999,11.5177,7.4950,1002.5655,1646.8881,75.6591,173.7484,412.8010,2.5320,315.4055,135.2125,0.7105,0.8889,0.0000,443.0000,benign
2696.4343,4.7306,4.1794,113.4299,4898.9975,23.9904,1681.7749,2375.1126,3.6208,626.6825,159.6937,2.0016,1.2270,0.0000,80.0000,benign
2103.7306,21.4805,3.9391,1278.8615,3007.2392,54.8905,995.4952,1807.5307,9.1135,283.7282,213.6030,2.1007,1.9258,0.0000,443.0000,benign
5532.7835,13.4480,25.4959,674.6373,2891.7471,62.9047,171.7702,1046.1191,7.3168,211.7190,121.0054,1.9526,1.9407,0.0000,22.0000,benign
5302.0044,15.0391,13.8452,2149.8268,3763.9746,233.1024,277.3134,1271.3501,8.0733,191.1968,161.3817,0.8626,1.8009,0.0000,443.0000,benign
2071.2482,2.4264,10.5446,870.8796,4414.9585,296.9558,422.7025,2545.4581,6.0228,271.5389,320.5907,0.9204,2.2811,0.0000,53.0000,benign
4570.8210,16.7753,9.4937,1036.5715,5330.3647,59.6836,546.0227,1433.6969,6.3124,334.3832,282.8434,2.2091,1.0824,1.0071,80.0000,benign
5421.6424,8.8148,12.0980,1165.4149,3989.1360,133.0515,276.5407,1759.1541,4.1201,592.9007,203.7323,1.7599,2.2075,0.0000,80.0000,benign
3298.3204,3.9414,11.3381,818.9087,5934.4351,316.1001,342.5951,1659.0894,4.7561,410.5877,128.8202,1.2349,1.7417,0.0000,80.0000,benign
4017.9005,11.9489,13.4488,1746.9064,6610.7863,144.3645,465.7966,2451.0303,8.1778,398.3875,204.3335,1.1347,0.6057,0.0000,80.0000,c2_beacon
3049.6539,9.0563,17.0533,980.7079,5230.9118,176.4848,331.4235,2255.2078,9.4329,233.3770,205.3806,0.9956,1.6043,0.0000,443.0000,benign
5195.2720,1.3853,10.1340,1335.6255,3299.5458,1087.5682,550.1874,1098.2824,1.8234,227.6529,162.2400,1.6610,1.3263,0.0000,443.0000,benign
2771.4416,12.5195,18.4363,1346.0591,5628.9689,76.7993,256.6437,1439.4701,9.9061,581.7084,297.3382,1.0484,1.7454,0.0000,80.0000,benign
2296.2988,14.2883,11.6988,672.3990,4806.2276,44.5012,540.2161,1951.2687,10.6010,162.2848,195.7777,2.3937,0.9564,0.0000,22.0000,benign
4606.4020,14.5575,23.5435,1569.4523,2823.1130,122.3581,147.2673,593.0431,7.2785,344.8605,182.7829,2.1429,1.0950,0.0000,443.0000,benign
2860.1263,9.5767,2.9987,773.1677,2067.6734,99.8615,555.0430,1010.5262,4.3589,310.9499,406.4220,1.2733,2.5875,0.0000,80.0000,benign
1861.2690,3.2863,10.2655,131.4970,4660.9359,44.5260,284.9525,2400.6872,8.0204,267.1848,604.9515,2.4997,1.5498,0.0000,443.0000,benign
4768.7469,13.8367,5.5608,1176.0529,5497.3916,49.8703,1064.5979,1957.1712,4.4299,435.9238,410.6381,1.0629,1.1625,1.0089,80.0000,benign
2880.4335,7.3661,1.3790,1959.8072,7556.9392,175.9789,4043.5781,2578.1225,3.0483,428.4633,168.4859,0.9118,1.1562,0.0000,80.0000,benign
3798.1239,10.4387,6.1033,2307.5783,7292.8155,211.3345,1075.0997,1510.0655,4.0168,384.1720,421.2296,1.1306,2.0634,0.0000,80.0000,benign
2841.1411,11.8097,14.3848,1196.1130,6984.4084,119.8358,425.6332,2971.3011,8.5216,165.9483,170.9855,0.9259,1.8070,0.0000,443.0000,benign
1912.9854,6.2292,14.1860,2117.0336,4250.0412,256.8293,328.2711,3315.7836,12.6758,225.3109,234.3796,2.1957,1.9169,0.0000,443.0000,benign
2131.7723,21.3197,11.1862,1131.7833,8769.8072,54.2304,1111.5206,4226.5101,15.3098,204.1783,111.8595,0.6387,2.0689,0.0000,443.0000,benign
3681.2103,17.8830,15.6574,1126.6498,9088.9694,86.9038,541.4651,3493.8378,11.6305,137.1453,271.4211,1.9933,1.3609,0.0000,22.0000,benign
7456.8266,17.3745,13.1898,1379.2936,5921.2552,77.7066,283.3865,1025.9475,5.1884,203.1414,39.4539,1.0998,2.5941,0.0000,443.0000,benign
3479.9133,24.7758,22.0396,864.6101,2474.8892,58.2920,163.7675,669.6414,10.3645,212.2747,475.1434,1.7838,0.8226,0.0000,3389.0000,benign
2541.3055,8.5210,15.2068,647.4001,3269.6577,108.7808,177.4870,1411.3949,8.4303,286.0693,96.8161,2.0954,0.7527,0.0000,443.0000,benign
3287.6896,3.8391,9.6708,941.8867,10834.8212,325.3533,1095.6150,2984.3153,4.9638,319.7986,253.5744,1.8185,2.4256,0.0000,443.0000,benign
2514.1743,16.6383,12.6838,1879.3127,2419.3187,107.7426,214.8358,1725.1023,13.9281,300.6663,133.1681,1.1698,0.8704,0.0000,443.0000,benign
3652.2658,12.8367,11.1198,2018.6889,7020.1682,222.8617,776.5018,2105.6276,4.2115,447.2224,411.6241,2.0988,1.3625,0.0000,443.0000,benign
4729.5320,15.3760,12.7209,1136.0588,3600.5649,74.9464,320.5177,928.5298,2.9574,164.5632,330.1470,0.9295,1.7913,0.0000,22.0000,benign
1931.9339,8.6606,10.1707,2555.4409,6718.7725,148.4603,380.7195,2591.0364,9.2998,215.0636,211.1837,1.0889,1.2834,0.0000,443.0000,benign
6194.2757,19.1300,19.3659,1917.3860,6588.9436,82.6841,235.6357,1484.6977,6.4692,471.0422,143.1523,2.1421,1.2504,0.0000,53.0000,benign
3992.9703,19.8817,3.9328,1497.7475,9308.5001,81.3735,2813.2368,4066.7695,6.9271,298.9041,187.5454,2.4985,0.8398,0.0000,443.0000,benign
4543.0797,5.7356,11.4646,1138.4006,5413.2589,150.6510,492.8629,1652.6081,3.5791,209.7140,233.2591,1.5044,2.3769,0.0000,22.0000,benign
1636.0746,11.2247,13.2264,847.1438,4793.9715,59.9047,434.6431,1582.6244,11.0054,350.3931,96.7203,0.8357,1.8437,0.0000,80.0000,benign
2760.9070,6.6777,23.4138,2143.7169,2170.6891,179.2850,209.4848,2541.5539,14.1185,164.4438,231.0810,0.7966,1.7672,1.0943,443.0000,benign
3651.2806,16.2881,6.1905,1152.1240,5904.9631,65.1634,1113.2409,1816.2183,8.7407,214.7187,261.2464,0.8928,1.8880,0.0000,80.0000,benign
4113.0582,12.3011,14.4395,1256.6268,3687.4879,125.2636,338.0415,1433.0105,7.0453,156.0738,171.7074,1.9574,0.9761,0.0000,80.0000,benign
3389.2353,9.0509,17.9130,1848.2570,3296.2559,244.9980,255.1525,1114.1122,5.9501,311.3879,25.9450,1.7742,0.7943,0.0000,22.0000,benign
5367.4462,7.3790,18.9040,852.3724,4847.1305,102.3084,223.8962,1062.7082,4.0540,143.6231,157.0866,1.9956,1.7159,0.0000,80.0000,benign
5183.2435,10.9972,28.1702,855.9843,6278.4076,50.0458,215.9193,1922.2208,11.9398,177.7720,258.3733,2.2050,2.2749,0.0000,3389.0000,benign
1456.3536,8.2470,14.3188,700.7192,8850.4252,75.7758,577.2269,5053.3884,14.7061,143.3408,372.5497,1.0361,2.2092,0.0000,443.0000,benign
2531.8119,10.2168,19.5852,1325.6555,9916.3157,78.2819,374.4030,4337.4915,10.4218,488.2974,158.5305,2.4120,3.1250,0.0000,53.0000,dos
3413.9140,12.3524,12.9653,1939.4171,10481.7885,145.0969,581.7104,2627.9220,7.4673,600.3962,109.1587,1.0845,1.1469,0.0000,443.0000,benign
1609.4002,4.2938,15.5371,2795.4883,2536.2949,495.5551,193.3040,2588.2802,15.1573,137.4392,317.0069,1.8385,2.4695,0.0000,80.0000,benign
2451.4529,13.2654,15.0459,931.7806,4262.7200,60.4709,326.2309,1022.8939,11.8571,271.6878,171.6509,0.9946,0.6955,0.0000,80.0000,benign
3554.8575,13.9663,19.9375,2299.0808,10771.9952,123.6670,707.2082,2481.9064,6.8446,213.1853,134.5419,1.2440,0.9397,0.0000,80.0000,benign
4446.2091,8.3091,9.3165,552.3223,1650.0532,34.2843,238.2656,451.9011,3.8349,401.5520,307.5301,1.0733,1.6665,0.0000,22.0000,benign
7217.8484,17.3500,22.3381,1558.0295,5673.6663,109.2265,304.0467,1115.4095,6.2239,58.8016,271.3368,2.7456,1.4432,0.0000,443.0000,benign
4926.1585,12.4385,19.1764,3022.9034,4727.1051,227.9519,145.4760,1194.6727,6.1556,299.3182,198.7919,1.5086,1.1206,0.0000,80.0000,benign
3036.2475,13.9923,22.7961,1307.1813,5442.8666,108.3678,262.9875,2392.0394,8.5260,379.8280,361.7713,0.6557,2.6273,0.0000,443.0000,benign
2679.3002,12.7745,17.7275,1115.0625,7530.2136,53.5987,451.3800,2053.1568,9.1290,417.4097,201.1655,1.5460,0.8248,0.0000,443.0000,benign
4522.9168,9.8979,9.6953,2011.3705,6253.4645,172.3054,665.9457,1927.4297,4.4407,445.8855,398.6475,1.0660,0.7791,0.0000,80.0000,benign
2850.2561,9.7725,9.5765,976.0574,3259.5747,69.1092,198.9870,1490.3578,5.0305,26.7692,191.1800,1.8594,0.7496,0.0000,80.0000,benign
2590.8956,9.2987,20.0831,1178.4713,2918.7528,99.4901,264.8573,1366.5647,8.0041,412.1140,284.7434,0.6294,1.8726,0.0000,80.0000,benign
2999.4262,8.4396,23.5959,956.2562,1650.2924,120.3332,71.7284,976.6442,11.2804,242.7447,204.4545,0.9215,1.0565,0.0000,443.0000,benign
5049.3635,7.6374,13.0441,1273.7242,6446.8703,177.1114,379.1374,1276.2490,5.1409,187.0794,308.0173,2.3380,1.9979,0.0000,80.0000,benign
5972.8010,17.6111,10.2350,1476.6518,3626.7720,83.7847,340.4523,849.0795,6.3595,343.1547,263.2144,1.3368,0.7630,0.0000,3389.0000,benign
3887.0066,17.0739,15.3969,577.4240,6277.7509,44.9937,209.7049,762.5826,6.2177,195.6573,125.7574,2.3254,0.9899,0.0000,80.0000,benign
963.3840,15.6542,16.8654,1625.7704,3460.3173,89.8378,249.0986,4505.0066,42.9392,197.4818,126.1661,0.9624,0.7397,0.0000,443.0000,benign
2288.6674,3.2492,6.9341,1820.0576,4150.2936,203.5756,832.7167,4192.1864,8.9552,306.2880,152.9359,1.0120,0.8195,0.0000,22.0000,benign
2515.8664,14.0959,16.4923,945.5517,6238.2568,90.9818,560.6788,3033.6904,12.4465,394.5100,299.7019,2.3416,1.5476,0.0000,443.0000,benign
1087.0855,0.0903,12.1797,1297.1853,4113.6279,828.1461,309.1812,5182.2453,11.8997,318.5586,349.7815,1.7110,0.9945,0.0000,443.0000,benign
3315.3593,24.7924,18.9124,1158.2818,3737.0104,51.5979,258.6938,3179.4074,18.1623,424.0169,205.6429,1.8638,0.9255,0.0000,443.0000,benign
9105.5338,6.3735,19.3030,1865.6623,1932.8609,211.4398,120.5960,453.0245,3.0385,329.8392,307.6468,0.9019,2.2009,0.0000,22.0000,benign
2795.4986,13.9060,10.4469,1385.3219,5428.6674,102.4719,402.2071,2472.4241,8.9049,299.8366,294.1933,1.9977,1.5091,0.0000,443.0000,benign
3788.2674,11.5130,9.7796,720.1329,1721.9157,51.5747,147.6032,459.5008,7.0131,364.2059,307.8220,1.0869,1.0521,0.0000,80.0000,benign
3532.4109,19.3566,3.6020,1128.2522,3880.6335,56.2224,1000.4977,1847.2421,9.1007,42.9724,335.2556,1.2930,1.4329,0.0000,443.0000,benign
2853.0453,8.3968,7.9540,1138.2173,2474.4870,62.0595,387.4013,1164.7398,6.4509,147.0739,288.9456,0.6301,0.8452,0.0000,443.0000,benign
4548.8725,15.5911,26.9458,1267.0107,3558.2095,63.1496,126.4588,852.6608,7.5319,156.3284,318.4802,0.6336,0.7892,0.0000,80.0000,benign
4054.1662,8.4307,16.7234,895.9804,6751.4415,72.9624,343.2718,1986.1232,6.9659,271.6036,290.8447,1.3041,0.8978,0.0000,443.0000,benign
3292.9064,14.8753,4.8279,2024.9054,4117.3731,187.7596,932.3183,1579.4343,5.1857,143.9511,314.1301,1.0163,1.9320,0.0000,443.0000,benign
3668.0408,1.5340,7.9578,548.8558,4201.6525,282.9593,525.9464,1485.9590,4.7365,224.9475,318.0629,1.5856,1.3049,0.0000,443.0000,benign
2308.0907,11.2415,7.9079,965.6503,9672.8983,76.0377,1512.5316,3450.1108,4.6936,189.6684,242.5671,2.2926,1.6233,0.0000,443.0000,benign
3599.7572,14.9384,12.9212,1539.5437,1092.1055,108.9505,57.2585,526.0234,7.9297,291.0233,455.6897,2.4468,0.9810,0.0000,443.0000,benign
4788.3967,22.2103,8.5968,851.2044,1927.3380,36.2197,297.6382,661.1992,7.6897,306.5869,319.2701,2.5218,1.6271,0.0000,80.0000,benign
4215.2435,3.3292,6.8405,1024.3134,3686.6658,311.5202,568.4211,1069.4029,2.5932,502.2619,141.8642,2.3198,0.8527,0.9839,443.0000,benign
4456.2030,2.3958,23.5849,574.8739,6320.7527,385.5614,268.7740,1964.6087,8.2429,360.2653,224.3724,0.7337,1.2876,0.0000,22.0000,benign
2386.1181,9.9398,18.5767,1923.8956,2591.8362,164.7783,177.8443,1740.2856,7.8599,230.9905,275.7411,1.1035,1.6499,0.0000,80.0000,benign
6147.2140,3.2426,11.0081,1083.0309,7412.5182,409.3573,518.7552,1759.1663,2.1347,430.3073,192.0862,1.3704,2.0162,0.0000,443.0000,benign
2851.5313,12.1434,7.8305,2199.2933,3311.3580,271.1861,445.1438,2050.8712,7.1597,279.9971,253.7604,2.1019,0.8517,0.0000,443.0000,benign
2398.7844,15.4241,14.0756,1501.2589,2770.0018,94.4131,210.1985,1872.1427,14.1878,291.4082,278.9001,1.3214,0.9659,0.0000,80.0000,benign
2848.7854,22.5884,12.9090,1546.6504,4300.2309,47.4769,386.5383,1998.1335,13.9475,0.0000,356.1258,0.7744,0.7326,0.0000,80.0000,benign
4690.5010,9.6972,24.8895,2215.6102,1305.9937,133.2831,39.3343,665.6145,7.5810,212.9306,23.4234,1.5777,2.3073,0.0000,443.0000,benign
2018.2516,13.0190,13.1493,1145.1646,5476.3582,66.0269,467.3991,3802.2735,11.9478,7.1325,382.0851,2.4059,1.0112,0.0000,443.0000,benign
4313.7615,17.7014,12.6590,1462.2076,5565.9251,96.2977,669.7341,1903.7184,6.9992,374.6311,432.9123,1.9868,1.0324,0.0000,443.0000,benign
1408.9418,10.5016,4.1717,1229.7866,5301.0425,77.8714,1343.8393,3434.0833,7.5940,283.1946,259.3572,2.8609,1.7254,0.0000,22.0000,benign
1558.1541,26.8126,25.5180,753.3032,5308.7662,39.9108,155.0652,4613.5235,52.4937,388.1318,325.7643,2.2440,1.3561,0.0000,22.0000,benign
3593.5043,11.9582,10.1563,46.0431,3498.3245,4.1191,385.1168,1050.9966,7.1121,334.4365,242.7041,0.8912,0.6638,0.0000,3389.0000,benign
5250.4162,4.2480,14.7253,1090.7738,5816.7441,238.5657,504.3192,1636.9369,3.6488,359.1061,228.8410,0.9429,1.1883,0.0000,443.0000,benign
2936.2001,27.7541,22.3675,993.5922,2910.2910,34.6198,69.8494,1057.5454,16.3005,105.9540,154.8676,2.2750,2.2345,0.0000,443.0000,benign
1416.2904,20.2191,29.1590,869.9203,3784.9754,43.3731,185.5212,3560.8804,25.3099,252.6958,375.8387,2.4233,2.5210,0.0000,80.0000,benign
3013.2885,16.9399,9.3867,970.6398,4399.2373,73.2301,444.1124,1940.3858,5.2803,226.7710,62.3532,1.8908,1.0660,0.0000,80.0000,benign
3609.9099,11.8550,15.4489,1243.6641,3137.4496,81.6385,290.9169,1100.0157,5.3697,239.0869,309.0562,2.0254,0.9632,0.0000,80.0000,benign
2530.3430,3.2496,19.6445,2617.3793,3308.0645,500.4626,286.2805,3500.3808,10.5916,382.5647,529.9171,1.1065,1.9430,0.0000,443.0000,benign
4818.7628,6.0286,32.7126,1793.6070,2682.9635,130.5483,117.5823,882.3399,7.7316,373.4856,134.0174,2.3116,2.3674,0.0000,443.0000,benign
402.4593,16.8318,7.1502,2032.6436,4686.9729,63.7265,399.0864,15593.4746,63.4798,232.1727,99.9593,1.6742,0.8600,0.0000,443.0000,benign
3822.7608,8.2326,18.5635,325.6786,5619.3953,65.9033,437.4308,1296.9162,7.3710,254.6397,146.5077,1.3428,0.9646,0.6963,443.0000,benign
3008.0503,8.2280,22.4085,1422.7878,9374.4916,252.7239,532.4417,3748.7140,8.0675,158.0198,335.7316,0.7304,1.1019,0.0000,80.0000,benign
3054.9741,11.1236,20.3522,1230.4219,4972.4712,73.3755,359.2219,1741.7234,11.6608,249.6782,348.9569,1.5541,2.0321,0.0000,80.0000,benign
3815.5628,16.8655,14.6576,1448.0258,4377.3906,102.5667,221.2209,1418.4842,8.1953,626.2595,93.7352,1.6210,2.3748,0.0000,80.0000,benign
3048.3516,10.0330,12.2738,110.9797,8416.7295,8.3273,888.2232,4160.2060,9.3688,410.3193,187.4657,0.7124,0.9234,0.0000,443.0000,benign
6370.8529,7.1374,19.7770,573.9943,3679.2004,89.9624,209.6414,671.9474,5.0206,356.3407,284.6458,1.2631,0.5734,0.0000,22.0000,benign
4548.1327,10.9038,10.2541,2077.6873,2524.2693,254.5994,270.1378,1271.4613,6.6215,449.2640,230.7142,1.8466,1.9238,0.0000,53.0000,benign
1886.5698,7.5203,18.1307,438.2522,2042.5018,59.6790,83.4687,2079.7969,19.6721,261.6237,174.0864,0.8391,1.0896,1.0563,22.0000,benign
3670.6722,25.0044,7.1844,1492.6600,2885.1750,54.0534,319.7122,1336.6795,10.6174,205.3205,135.3418,0.9032,2.6094,0.0000,80.0000,benign
2405.9490,26.3436,20.9651,948.1211,4470.8328,47.0854,172.3168,1408.6947,15.0312,257.1437,76.0146,1.7804,2.0444,0.0000,443.0000,benign
4990.7507,18.2840,20.6199,818.5408,5589.0282,45.9657,330.0243,1039.5643,5.7211,320.0441,101.8091,0.9972,2.3965,0.0000,53.0000,benign
4400.5390,12.7100,13.9789,1835.0296,3651.4010,98.6852,271.6560,1250.5376,6.7607,190.7472,241.4167,2.5190,2.4141,0.0000,443.0000,benign
3997.4447,9.8902,20.6535,1574.6809,6325.2055,71.9802,182.3673,1175.1792,6.7990,71.9896,330.4135,2.1339,2.5721,0.0000,443.0000,benign
1074.7301,8.6759,22.3400,881.7696,9594.5524,114.4042,391.5957,7933.0982,20.9718,428.3132,226.3672,0.7940,1.8814,0.0000,443.0000,benign
3631.1948,10.5603,10.8550,760.8686,5873.3716,56.1375,780.5025,1399.8191,4.4507,265.2789,276.6870,0.7751,1.1680,0.0000,80.0000,benign
4515.9621,13.5600,6.5268,1049.3600,0.0000,77.1683,0.0000,263.0753,4.1455,199.4350,306.3424,1.3050,2.2550,0.9732,443.0000,benign
3911.6622,15.9753,17.4110,1135.2616,5144.0070,63.8711,441.9775,2609.9521,5.4281,302.6426,405.0453,2.2046,1.2900,0.0000,22.0000,benign
3638.9061,17.9316,11.7744,1157.0817,7034.0723,88.5731,848.8969,1548.5783,8.1297,83.0518,114.0834,1.1661,2.0305,0.0000,443.0000,benign
7164.6546,20.3716,7.8455,79.2802,4243.9663,7.1173,712.5285,1053.3101,2.8667,160.4012,269.7547,1.6132,1.4214,0.0000,80.0000,benign
2092.2283,11.7570,12.0836,1049.5451,3676.4010,101.0380,252.4203,1265.5181,7.7637,237.6914,320.8108,0.7543,1.3753,0.0000,443.0000,benign
5616.7023,6.4993,18.8679,1101.2379,4585.7543,182.9690,266.6447,950.2957,4.9713,244.7278,274.2645,0.8996,1.3801,0.0000,80.0000,benign
3959.5529,8.4129,4.9511,2071.8735,6191.0500,188.1819,534.4086,1825.7220,4.0241,309.1161,134.5210,2.4039,1.0499,0.0000,443.0000,benign
4169.8355,8.8835,16.6526,552.8779,4426.2437,81.1046,232.0340,865.9477,5.8059,180.3756,115.6677,0.9205,1.7944,0.0000,443.0000,benign
4541.0978,9.1513,7.1411,1105.4083,4220.5570,119.8744,607.5453,1096.6384,2.6185,428.5848,400.5778,1.2805,1.1744,0.0000,443.0000,dos
3941.1004,11.5306,13.9305,1214.9129,3732.1909,80.5632,214.0945,1249.6758,6.3472,155.6196,359.8994,1.1223,0.8344,0.0000,3389.0000,benign
5093.3359,14.1446,3.5011,1894.4356,7423.9286,115.0585,1900.1245,2222.8776,4.4721,179.5793,124.0351,1.0600,0.6453,0.0000,80.0000,benign
5136.4186,16.1900,1.2033,1218.4113,4676.3543,65.8475,5849.6185,1462.4696,4.6304,253.8372,450.1852,2.0321,0.8177,0.0000,3389.0000,benign
3469.0159,16.4098,14.5114,844.5198,8082.8155,43.0714,770.2575,1950.1514,6.4572,219.8164,53.8501,2.0008,1.1641,0.0000,443.0000,benign
3485.3272,19.2596,8.9132,1204.9669,3491.5744,52.3798,218.3251,1636.8952,8.0698,341.0714,59.8935,1.0605,0.8242,1.0635,443.0000,benign
4083.8749,15.8867,11.2521,1164.3643,6724.3813,66.1522,645.4592,1833.1999,7.9744,176.2127,356.6596,1.8243,1.8254,0.0000,443.0000,benign
917.3171,13.5854,9.1925,2159.3905,779.2841,80.8775,95.4055,1835.8214,26.6635,87.2950,415.8777,2.1293,1.2231,0.0000,80.0000,benign
3008.4081,8.8165,12.1412,1102.4619,1224.7960,171.5503,44.9979,1036.4896,8.0425,102.1754,302.6672,1.1248,0.8752,0.0000,443.0000,benign
3127.9716,21.7351,18.1929,967.1095,1800.2339,39.0858,125.4819,604.0927,8.0757,411.2747,352.2159,1.7707,2.3437,0.0000,443.0000,benign
2509.4692,12.0507,12.0067,1674.3955,3204.0993,123.5873,231.1328,1601.0101,9.2586,210.7785,415.1535,1.9408,1.4777,0.0000,3389.0000,benign
4277.6406,6.9860,24.9410,328.2889,1348.2868,52.6689,84.4102,407.6200,5.9513,207.5224,168.5207,0.8941,1.0629,0.0000,443.0000,benign
1715.3138,12.5146,7.8570,1617.2234,2594.6487,90.4125,455.5214,2153.2282,7.7171,408.3006,165.1236,0.7755,1.5941,0.0000,22.0000,port_scan
3490.3116,7.8486,12.1332,1398.1518,9922.6899,123.7284,1095.6221,3443.1256,5.1821,455.7347,246.5877,0.6843,1.1866,0.0000,443.0000,benign
5821.3584,7.5416,11.1029,860.0682,2657.9369,112.4571,168.9457,600.8201,2.9584,247.7764,404.3360,0.8835,1.4948,0.0000,443.0000,benign
4404.3508,2.5200,5.6882,2742.9737,6126.1034,722.1249,772.4619,1635.2519,1.8424,291.8252,143.2117,1.9002,0.9760,0.0000,443.0000,benign
2117.5802,9.6970,20.6507,943.5639,0.0000,72.3119,0.0000,247.8852,12.7793,313.7438,262.9103,1.5088,1.2115,0.0000,443.0000,benign
4153.9373,8.9419,20.4109,625.6433,4931.0977,110.2045,308.9493,1061.8291,5.6961,208.6791,321.0196,1.3154,1.9071,0.0000,443.0000,benign
3320.0343,9.8290,5.8301,890.5395,6012.4097,121.4621,658.2193,1620.8689,2.7592,325.2781,135.0318,2.7142,1.1738,0.0000,80.0000,benign
1876.6965,7.4187,11.0590,898.8089,7687.6638,101.7356,428.9702,3811.8237,11.0668,231.5526,180.9726,1.6759,1.1081,1.0467,443.0000,benign
3051.6907,14.1059,16.5488,604.0822,4303.3014,52.9537,284.9692,3063.5944,9.6686,686.8258,262.6382,2.4132,1.0874,0.0000,443.0000,benign
2692.3770,11.8263,14.1513,994.8000,5424.6853,66.5522,594.1658,3776.1142,7.3057,150.9283,339.0844,2.2710,0.9854,0.0000,443.0000,benign
1506.6080,10.7914,9.1288,808.1061,8995.1518,64.6888,916.3577,3653.2386,10.6392,343.2879,215.0097,1.0241,0.9567,0.0000,443.0000,benign
8177.2165,20.0899,10.7460,1566.9849,3041.0363,124.0976,157.0558,617.6014,4.8285,342.7792,374.8270,1.0419,1.5266,0.0000,443.0000,benign
7861.5978,6.5534,10.1953,972.5757,7406.0570,255.1274,549.0810,1268.5064,2.6025,258.3503,427.8708,0.5816,1.2317,0.0000,53.0000,benign
3305.2533,6.3067,15.0818,1139.8748,11160.6661,135.3145,526.8990,3926.0614,7.5724,375.1038,197.9741,1.2211,2.6241,0.0000,80.0000,benign
1746.0295,10.9779,11.7626,933.3875,4852.6468,65.9432,254.1178,2179.2412,20.3056,335.7731,57.6499,0.7093,1.6621,0.0000,22.0000,benign
6625.3650,13.5546,14.9972,1129.9345,3596.9231,95.3729,272.3689,563.0908,5.4612,72.0013,245.1295,0.8267,1.3566,0.0000,80.0000,benign
718.9698,11.3809,18.8288,911.3293,3926.7121,108.7791,306.3235,6177.7306,30.4556,176.6997,165.5805,1.1862,1.4050,0.0000,80.0000,benign
3008.0971,12.0322,17.4772,1879.5067,4580.4377,184.1405,334.6380,2168.5935,8.2789,37.2942,233.7386,1.7358,1.1764,0.0000,80.0000,benign
434.7677,17.0009,15.2186,1662.7155,6843.0291,112.9051,260.7650,21979.2844,120.7932,207.5274,349.1675,1.0973,2.0917,0.0000,443.0000,dos
3572.6315,3.9907,26.0113,888.1698,8300.8077,308.5549,391.7610,1569.0029,6.6914,267.5248,52.0440,1.6977,1.0858,0.0000,80.0000,benign
2499.8318,12.7766,21.7724,960.6487,5891.9236,95.7254,314.3378,2589.5801,10.8819,224.2663,76.7322,2.2658,1.0340,0.8710,80.0000,benign
884.0639,11.9194,18.2108,1312.8851,2184.5546,88.5162,120.9241,3217.1828,44.9412,398.1755,110.6769,1.1540,2.1170,0.0000,80.0000,benign
3679.3257,12.0048,5.1545,670.1815,3677.9621,43.7075,638.8528,1375.2386,4.7199,326.8113,371.3503,1.8557,1.8086,0.0000,443.0000,benign
3171.3764,10.2157,10.4290,474.5811,10924.7537,30.7567,853.3826,3183.3587,7.1923,532.5557,81.4176,2.2037,2.0743,0.0000,443.0000,benign
4078.4684,10.6609,19.0121,1656.4903,2543.9556,98.7102,151.1066,595.5171,7.5989,453.9938,36.1538,1.0308,1.8285,0.0000,443.0000,benign
1799.9082,8.1045,4.6956,631.3658,1589.1307,108.7941,366.5876,1440.5929,7.4101,307.1578,134.5763,0.8713,1.9068,0.0000,80.0000,benign
2547.7688,14.1893,22.7706,866.4969,6394.0970,78.3742,230.8066,1636.6178,10.3242,572.4879,210.8029,1.0892,1.1775,0.0000,443.0000,benign
3416.9979,9.6065,4.1180,678.0356,8979.7755,57.0500,1440.0414,2168.4832,5.3200,323.2119,472.9926,1.2218,1.4490,0.0000,443.0000,benign
2519.6919,10.9222,15.9649,760.4069,4053.2461,65.4661,189.3466,1929.3484,11.5151,159.2445,159.4664,1.0367,2.5190,0.0000,80.0000,benign
4350.2185,11.1061,0.0000,1213.2685,6184.7361,117.1144,4872.6604,1938.2164,2.1076,329.6466,344.2424,0.7806,1.6442,0.0000,80.0000,benign
4460.0424,26.6239,18.5218,664.2729,4467.9959,57.4067,276.5857,1175.5037,6.9002,373.0844,301.9931,0.9945,0.9070,0.0000,22.0000,benign
4896.3085,12.7195,22.5616,1260.4533,6459.4967,97.3041,255.2995,2506.1968,10.7434,272.2847,219.4144,2.8096,1.9400,0.0000,443.0000,benign
4667.9534,0.4697,25.3268,1544.6248,3496.8721,1281.0363,161.5786,927.1748,5.1582,126.3493,235.0046,1.8534,1.1235,0.0000,22.0000,benign
3968.7615,10.2906,17.0434,779.6240,4321.4255,71.5247,287.5614,1081.1233,5.9556,386.2925,174.5941,1.5237,1.5683,0.0000,80.0000,benign
3730.7524,6.7544,22.3151,685.0192,0.0000,150.5664,0.0000,308.3239,13.5319,125.5057,164.0143,1.3802,1.0990,0.0000,443.0000,benign
1752.9359,4.7947,21.7719,1928.7934,5341.2625,498.5820,303.3230,3203.9049,12.8608,179.9549,243.3338,1.0908,0.8211,0.0000,80.0000,benign
6228.9318,10.1608,14.6150,966.6187,2529.6055,69.6190,120.2624,468.3320,3.1804,68.8546,91.5949,2.5681,1.9994,0.0000,443.0000,benign
6312.5520,10.5940,20.7809,1235.5566,4808.3685,137.3942,214.8926,846.3501,3.9077,0.0000,222.8590,1.0615,2.0615,0.0000,53.0000,benign
2213.0988,11.6369,27.3015,1026.0910,2689.0602,55.1517,114.9538,1208.4300,9.8133,187.9934,350.6630,0.8271,1.1234,0.0000,443.0000,benign
3753.2633,14.3678,12.8472,1729.8531,7437.8811,185.7605,512.5482,1956.4460,6.0319,455.5022,394.3228,1.0009,1.5599,0.0000,53.0000,benign
2826.7070,7.0157,16.5910,641.7873,1900.9064,80.3024,96.3090,1005.3045,7.7611,419.0670,224.4115,2.5018,1.7148,0.0000,443.0000,benign
870.6489,0.3767,22.9583,2293.0172,6073.4955,2149.8393,308.3383,7945.7071,19.9575,371.6705,240.6057,0.9860,1.2728,0.0000,443.0000,benign
7518.1569,14.1193,9.7805,1063.6920,2661.9802,88.7477,186.4097,458.5481,2.5064,42.4826,197.7379,0.7203,1.2418,0.0000,3389.0000,benign
4794.6115,5.8412,0.4604,1102.7469,11984.6840,117.7659,11168.6754,1954.3409,1.3892,341.6654,104.5276,1.0320,1.7859,0.8885,3389.0000,benign
4766.5439,20.6744,11.2205,1176.6874,7007.2021,63.3075,635.4468,1595.9594,4.0545,217.6531,208.9889,1.9089,2.0869,0.0000,80.0000,benign
1065.6234,18.3309,7.4434,1380.7865,6388.0496,76.2080,754.8047,5951.8968,23.8356,347.6152,110.4294,1.1293,1.1549,0.0000,443.0000,benign
2847.5484,17.0554,20.5678,1040.4547,2313.5787,47.6741,79.5572,902.4497,13.5569,292.3594,199.3499,2.1271,1.2470,0.0000,3389.0000,benign
1929.3374,11.6253,18.4019,809.1444,4282.8178,80.6916,249.2207,2150.3844,13.8273,307.9670,240.5491,1.9787,0.9731,0.0000,80.0000,benign
6331.8506,14.3557,16.9635,922.9820,2742.8583,94.3254,172.1730,745.7814,5.7920,564.9618,291.4580,1.5903,1.0340,0.0000,443.0000,benign
1942.3401,16.2688,5.4933,898.8513,4196.8901,60.4787,735.0920,2456.0002,7.4326,423.1668,296.0862,1.7672,1.6533,0.0000,80.0000,benign
4027.5369,11.3585,7.3232,764.9231,4411.0277,64.4357,429.2533,1045.8686,3.0812,263.4026,262.6501,0.7800,2.4066,0.0000,3389.0000,benign
5098.2210,9.0836,14.5323,974.3581,9274.1822,82.7684,663.1836,1995.2481,3.3289,198.4695,365.6581,1.7319,1.3716,0.7266,80.0000,benign
4329.2837,9.9758,15.6429,1637.4133,6052.9623,105.4735,423.0364,1584.8367,7.7211,171.3440,202.7829,1.3605,1.2431,0.0000,3389.0000,benign
5485.8910,6.3259,8.5513,996.3450,5080.5373,83.7414,171.0720,1137.8409,4.2194,110.2279,195.9645,1.0590,2.1934,0.0000,443.0000,benign
2967.3058,14.8642,12.1686,771.6155,6905.5470,75.2265,390.4352,1790.2761,7.9986,587.4690,228.5918,2.3758,0.9710,0.0000,80.0000,benign
1439.6915,3.0043,5.0278,494.7091,11915.0659,200.6366,1809.0177,11098.6848,8.5850,270.6335,162.8471,1.3001,1.0947,0.0000,443.0000,benign
2865.0182,6.3148,1.1631,781.4908,992.7572,70.0135,345.5809,490.2496,4.0174,363.5524,299.3887,2.4646,0.7598,0.0000,443.0000,benign
4027.3179,4.5799,12.2564,1458.6526,4514.3178,387.0783,434.9365,1139.2662,3.7415,178.7798,313.7756,0.9832,1.9161,0.0000,53.0000,benign
1985.5186,7.8183,6.8326,1718.6104,3085.1211,201.4806,403.6403,1885.7321,5.8165,320.6001,237.0043,1.0896,1.7553,0.0000,443.0000,benign
3164.7737,8.3370,15.7769,1206.1119,9971.1905,161.0323,440.6293,2910.7748,9.0073,251.3718,345.7364,2.1843,2.5369,0.9870,80.0000,benign
4527.5791,8.0399,19.2384,455.3936,10085.1883,92.7946,463.3286,1958.4292,6.9965,153.6302,335.8802,1.0430,0.9572,0.0000,3389.0000,benign
3034.3587,24.7735,19.0599,1482.3582,1364.5456,89.4843,72.7482,903.5050,15.3539,112.8767,148.1826,1.8157,2.2215,0.0000,443.0000,benign
2554.2235,20.7569,19.7839,1966.1237,4390.2133,102.3125,158.9894,1104.3500,8.5448,384.4087,170.2773,1.1348,2.0004,0.0000,443.0000,benign
1330.1727,19.5994,9.4679,1635.6306,5578.1619,94.8328,655.2975,6038.6759,17.9079,325.7781,193.4015,2.0430,1.9135,0.0000,443.0000,benign
3797.4888,8.6567,21.8928,647.1546,1134.3323,98.0375,65.9340,565.0144,9.3917,435.3100,463.0727,0.9668,0.9536,0.0000,80.0000,benign
3225.4725,22.3446,15.5751,1791.4784,1700.4322,85.3561,90.3845,1088.4201,9.1189,273.1964,379.4069,1.8796,0.9184,0.0000,443.0000,port_scan
3318.1970,18.3477,24.0448,1669.5776,3873.8220,76.5363,244.9593,1437.7729,16.3200,35.0612,182.4144,1.0449,2.2869,0.0000,80.0000,benign
3664.7681,13.4789,40.8872,1950.4370,2263.0043,129.0305,61.1061,1360.1030,9.3755,472.8625,226.1160,1.4844,2.2043,0.0000,443.0000,benign
5977.0591,8.4101,15.7640,553.5028,3785.6325,45.1955,198.0476,700.8553,3.6194,113.2586,161.4446,2.2325,0.8998,0.0000,22.0000,benign
2642.0773,10.0608,17.9369,686.7902,1286.4930,116.1934,134.9019,736.3807,5.0962,438.5795,197.1962,1.6586,0.5690,0.0000,80.0000,benign
5019.2610,22.2996,5.7233,1193.0225,3759.2878,51.0828,666.5793,1175.7995,5.3134,204.6863,165.7411,0.8178,0.7947,0.0000,3389.0000,port_scan
1281.6379,13.7654,14.8128,465.6428,134.7491,28.2276,6.8662,383.1630,24.9876,278.0847,166.3723,1.9593,1.0722,0.0000,80.0000,benign
5615.0604,18.7008,9.9969,2336.8458,4029.2144,67.6240,473.2669,1773.0562,6.0447,356.1388,283.0672,1.9858,1.1652,0.0000,80.0000,benign
4370.3094,5.5577,9.0478,630.2605,2103.2720,105.9261,326.9041,647.6594,2.7913,82.9524,256.6204,2.1410,2.0519,0.0000,443.0000,benign
4378.1494,9.7772,12.0236,1494.1846,1606.3427,92.4704,113.6011,450.3709,4.1124,115.6492,393.6136,0.6136,1.0019,0.0000,443.0000,benign
2320.1132,20.2649,16.6012,894.8743,3875.3123,31.8406,258.7574,2307.3351,12.4764,224.1624,194.0557,2.4918,1.0418,0.0000,443.0000,benign
3486.1051,8.1889,9.9459,1941.3598,3503.2619,105.9570,381.0642,1647.2411,6.5217,364.6382,387.7151,0.9348,0.8530,0.0000,443.0000,benign
2974.2304,10.4219,10.2541,634.2831,5133.6692,50.7577,603.1697,1972.5768,5.2373,428.5361,248.6013,0.6282,0.9600,0.0000,22.0000,benign
3513.6804,14.0774,15.2466,1621.7109,4847.6487,176.9265,580.0302,2634.9167,6.0888,192.5794,498.9128,2.1452,2.1328,0.0000,443.0000,benign
2472.4245,20.0867,5.7657,567.3273,715.2789,25.0069,183.4589,607.8065,8.2623,424.4713,300.0461,3.0173,1.5645,0.0000,80.0000,benign
3200.5907,16.3901,15.2831,1059.0244,4546.2365,56.2766,262.0176,1816.2309,6.5893,126.8298,267.3939,1.0734,1.3850,0.0000,22.0000,benign
3495.8714,12.4222,15.0026,2112.0037,5484.9514,203.8766,186.8913,2187.3716,8.1137,328.7434,383.0399,2.2172,1.9446,0.0000,443.0000,benign
2129.0720,5.2866,17.2443,1109.1906,4672.7494,176.5917,305.9482,3177.1226,6.7346,190.8983,500.8992,1.7923,1.6876,0.0000,80.0000,benign
5285.5942,7.1857,10.2162,1549.1521,1730.0256,140.4168,119.6862,577.2601,5.0604,404.5512,187.9879,1.1372,0.9576,0.0000,443.0000,benign
2484.7191,10.2992,17.7622,1713.5569,237.9609,227.2359,12.0859,1348.0087,13.7456,424.8447,0.0000,1.1952,1.0500,0.0000,80.0000,benign
3117.4034,13.1301,8.4913,79.1874,4299.5844,3.5678,273.3867,1816.6803,13.6706,122.1751,586.0800,2.0418,0.9941,0.0000,443.0000,benign
6267.0825,15.7634,27.4845,1883.5833,1558.6502,110.7836,61.6921,536.2395,6.4735,505.1420,159.9016,1.8919,1.8747,0.0000,22.0000,benign
675.9685,17.8464,13.4213,1064.9261,1086.1409,66.5289,90.4207,1325.3631,19.6088,167.6866,173.3535,1.1078,1.2711,0.0000,443.0000,benign
3332.4288,19.4618,19.6731,182.5625,3203.1696,17.4769,205.3371,1049.7654,8.6673,312.2939,312.7617,1.6177,1.9940,0.0000,443.0000,benign
3275.0331,12.1801,14.9959,811.2071,3649.9382,88.1934,199.9468,1262.7467,8.1650,206.1461,109.3654,1.2265,1.0345,0.0000,443.0000,benign
3451.2338,10.8738,7.6018,2040.1960,3354.8445,217.0078,412.8805,1364.8064,5.1423,336.1047,310.4811,2.4460,1.0392,0.0000,443.0000,benign
3158.8199,13.7375,24.1334,1149.8839,1762.3452,89.2631,126.5353,1104.9559,12.1119,253.9222,0.0000,2.2469,1.7984,0.0000,443.0000,benign
2086.4370,4.9457,13.2952,1011.9987,5885.8784,137.7813,707.8032,3107.0208,12.1518,91.9963,346.3779,1.6644,1.0110,0.0000,443.0000,benign
4020.2887,13.9135,8.4279,798.3922,3431.9926,66.6750,264.7895,1155.4378,7.4388,537.5508,74.6353,2.2218,0.9648,0.0000,80.0000,benign
1141.0057,15.4940,12.0098,1510.6225,13680.2571,197.6478,1126.0816,11441.9568,23.6409,375.1987,166.6228,0.8580,0.7857,0.8964,443.0000,benign
4648.1209,14.7799,0.8201,1465.9460,8003.7359,105.8058,5859.3594,1361.2164,1.8718,428.9345,86.8005,1.7615,2.0409,0.0000,80.0000,benign
2227.4790,10.9103,24.1447,806.9008,1923.7792,68.0518,259.4872,2663.6953,18.3833,148.4415,271.2225,1.1876,0.8164,0.0000,80.0000,benign
2794.5022,4.4952,16.6888,786.6177,2821.1739,200.8453,414.8340,1587.1223,6.8344,379.6345,225.4483,1.1435,1.0505,0.0000,80.0000,benign
2235.0751,12.8909,11.9699,981.0865,4942.3381,108.5648,285.2355,3436.6590,12.3469,155.2421,243.5952,1.0365,1.9833,0.0000,80.0000,benign
1626.8413,20.6478,9.9404,1375.7961,3243.4401,74.0506,469.8374,3467.2288,16.4479,202.5643,236.7767,1.0188,0.8444,0.0000,443.0000,benign
2334.8734,24.7092,10.4344,1724.7101,2527.3965,32.8492,137.5696,1935.3272,20.0577,120.7278,362.8195,0.8743,1.9148,0.0000,443.0000,benign
2888.8653,6.5393,16.0611,1209.7345,0.0000,148.2270,0.0000,414.1120,10.1582,264.7321,184.8857,1.6261,0.8176,0.0000,80.0000,benign
4737.7907,17.4944,8.8042,1648.0015,8519.4860,74.3234,1306.3099,1870.5875,6.6773,192.6509,313.5962,0.9869,2.0024,0.0000,80.0000,benign
5626.2338,8.5378,9.3525,1147.4111,2249.5032,153.3397,190.2545,598.9924,1.8545,210.9043,336.3875,0.9227,1.0043,0.0000,80.0000,benign
3843.9645,8.8931,19.9061,795.2759,4072.9477,65.2879,306.3186,1222.8182,7.6576,345.5971,278.5265,1.9562,0.8593,0.0000,80.0000,benign
4487.5678,11.4843,12.0828,1370.9444,4636.3977,110.9935,272.3019,2199.3623,4.4525,308.4847,192.5199,2.2400,2.1513,1.1468,53.0000,benign
3887.0336,10.2212,28.7626,1032.8734,7685.5435,118.2576,315.3881,2338.9758,6.2245,110.4069,154.1004,2.0504,1.0579,0.0000,3389.0000,benign
6279.8413,14.2644,17.5656,969.2372,5490.4407,83.6505,241.1241,812.9186,6.6570,168.3400,142.7357,1.1680,2.1572,0.0000,443.0000,benign
2644.2609,14.3801,9.5343,969.5203,5025.9517,75.4365,717.4900,4374.8970,8.9097,252.6956,298.7618,2.5840,1.7108,0.0000,443.0000,benign
6084.2229,20.8589,9.5820,413.4017,4099.4777,21.1507,326.2859,681.3229,4.9061,129.0622,144.5831,0.9353,1.2932,0.8868,80.0000,benign
3162.6936,15.5226,6.5649,321.8748,3823.4066,20.1721,634.9721,1116.0447,6.2151,39.7620,438.7860,1.8252,1.0236,0.0000,443.0000,benign
5157.4853,0.3567,7.8915,1734.7517,3177.6001,1625.2731,305.8779,975.7961,2.9574,50.3457,356.4286,0.4291,2.0579,0.0000,443.0000,benign
3930.9690,3.9666,19.8186,771.7352,10385.1839,121.0639,387.9320,1585.9235,5.5558,256.4558,196.0493,0.9887,1.9745,0.0000,80.0000,benign
5064.5271,15.3922,9.1768,1479.6212,2920.0054,52.1023,460.8326,1498.3007,4.2724,303.3566,284.3812,1.0461,0.5254,0.0000,443.0000,benign
6108.7132,10.7631,16.9474,741.1007,0.0000,58.2842,0.0000,126.5203,4.4067,219.0315,188.6033,1.7918,0.7995,0.0000,80.0000,benign
4134.8136,12.9350,5.7743,1916.2729,7235.0742,132.1511,577.0267,1948.3372,5.8790,426.0651,326.7579,1.9968,1.3075,0.0000,80.0000,benign
4139.2116,7.6490,19.9471,698.8201,2311.7943,56.7393,115.9307,762.0651,5.8609,87.3393,270.0125,2.0160,0.8281,0.0000,443.0000,benign
2790.4426,8.4755,26.6989,381.3822,3939.3865,41.9756,210.5855,1387.3505,11.9485,274.9506,194.8071,1.1493,2.0774,0.0000,443.0000,benign
861.8210,10.3763,15.6490,189.1914,903.4098,15.9196,76.8586,1054.6537,27.9117,242.7667,302.7325,2.0860,1.8049,0.0000,3389.0000,benign
2576.8502,9.3927,7.5778,1457.5272,4356.4253,156.8775,684.4552,3152.4943,7.1154,366.4926,150.8681,1.2550,1.3484,0.0000,443.0000,benign
2944.5621,6.9528,13.5189,2340.8421,2319.9629,218.3552,173.7957,1554.8954,6.9614,286.0045,121.8312,0.8868,1.0967,0.0000,443.0000,benign
2917.1013,17.4886,18.4425,761.8396,7131.3267,72.7116,383.9156,2389.3827,10.2718,286.5541,317.3253,1.5779,1.5710,0.0000,443.0000,benign
3120.0132,8.5762,10.1376,2071.2248,5662.8877,423.9504,513.6904,3188.0706,5.8820,263.8083,155.3856,1.7142,1.3391,0.0000,22.0000,benign
2750.4646,7.8044,12.5804,1781.3362,7563.4291,178.2652,629.3401,5364.0546,12.9436,624.8772,339.5500,0.8329,1.1689,0.0000,443.0000,benign
76.8206,13.2187,3.2637,1239.8117,4072.0972,68.8354,624.4289,73925.8969,244.9813,382.7884,177.7022,1.4969,1.2205,0.0000,443.0000,benign
5743.8299,17.0452,19.0927,981.0807,1887.8252,82.6549,186.8933,750.6651,6.6151,438.9450,201.4508,1.5124,1.1046,0.0000,3389.0000,benign
3156.2424,6.0003,12.5941,2032.9278,8553.8432,146.0309,568.1337,2271.1433,7.0359,333.4074,287.7456,1.8057,0.7764,0.0000,443.0000,benign
3349.6539,12.5750,18.6531,1580.1789,3013.6147,121.5654,125.5631,1247.2612,7.4991,182.2067,144.8654,0.7220,2.6463,0.0000,22.0000,benign
5207.2367,13.6959,5.7605,1819.8247,4332.3466,104.7386,1079.2758,907.9651,2.6627,214.4079,209.8937,1.8486,1.2194,0.0000,443.0000,benign
6845.8310,10.3641,4.9773,790.2098,2804.4505,99.3377,566.9614,884.5441,3.6678,178.9104,78.1159,1.0906,1.6113,0.0000,22.0000,benign
2086.5965,10.6650,12.5728,1617.5193,7541.4929,117.5811,539.3956,4118.5795,11.6247,134.6318,207.1948,2.2020,2.2582,0.0000,443.0000,benign
6312.2327,11.8198,20.2410,2345.0793,3052.4836,177.4421,174.1385,1096.9711,5.7279,334.9349,43.2018,1.0083,0.7101,0.0000,80.0000,benign
1900.8936,8.2896,23.3705,1175.3270,1593.2401,125.5731,61.5058,957.1403,15.3734,246.3568,91.6877,1.2756,1.0042,0.0000,80.0000,benign
4453.3194,7.6590,12.4922,789.4835,11837.2350,191.0847,508.8832,2052.0232,4.2906,345.9615,529.7142,1.5927,1.5903,0.0000,443.0000,benign
3028.8941,19.7679,15.1000,1254.1579,3088.2177,63.6089,193.8224,947.5255,10.4466,220.2563,240.2959,1.3638,1.3347,0.0000,443.0000,benign
9051.7443,13.8898,11.4408,690.0876,7187.5448,42.6819,794.8277,2289.7258,4.2796,471.0402,371.8914,1.3711,1.1834,0.0000,443.0000,benign
3376.9533,11.2163,29.2019,510.9080,3039.6672,38.9181,257.8363,1307.2152,8.9539,426.3944,393.7768,1.1461,2.4935,0.0000,443.0000,benign
3634.6809,5.6507,17.0339,1796.3272,2924.0204,242.0148,184.8914,1084.3846,4.5756,229.1363,107.0091,0.8968,1.1607,0.0000,80.0000,benign
1922.8970,14.2051,12.0913,1937.6811,5367.1458,164.7460,362.1506,3418.8175,12.2883,256.2199,247.8754,1.5740,1.1377,1.0116,443.0000,benign
4148.4856,11.9164,15.9232,1356.2109,1166.4747,64.8645,79.2926,712.2089,5.1875,116.3246,226.5896,1.1296,1.5118,0.0000,80.0000,benign
4208.6119,5.1290,10.5229,470.1251,929.3604,84.8052,117.4215,323.3476,4.4372,167.6198,414.5654,1.5596,1.7931,0.0000,3389.0000,benign
2661.5168,12.2498,8.0714,708.8563,6710.4986,102.0018,753.8543,3052.5904,7.2828,265.7313,255.0221,0.9303,2.1182,0.0000,3389.0000,benign
3458.6926,12.7218,16.7356,1083.5987,8048.6442,109.0048,632.3614,2961.0924,7.0502,349.7193,389.5902,2.1132,2.2936,0.0000,80.0000,benign
6319.7816,14.7071,11.0523,2440.6785,5361.6474,203.0824,566.4203,1374.2508,3.5229,282.7931,169.3517,1.9162,1.5751,0.0000,443.0000,benign
5582.7223,16.6705,15.8514,918.1256,6093.2486,65.4646,581.5320,986.9512,6.3506,372.3304,448.0045,0.7510,0.6911,0.0000,22.0000,benign
3298.9518,26.7495,18.0613,534.2563,1785.5040,28.1752,115.8334,575.4377,11.8861,95.7325,66.3697,1.0246,2.0403,0.0000,80.0000,benign
2150.0013,15.0346,11.9426,0.0000,9669.7821,0.0000,775.2156,1778.7254,4.7920,111.4403,245.9681,2.5705,0.7476,0.0000,443.0000,benign
3064.9551,15.0463,13.3744,745.9465,7690.5829,49.7874,717.0736,3262.7204,8.2544,382.7695,433.3339,1.2434,0.8562,0.0000,3389.0000,benign
3511.3922,7.1398,19.9450,1613.1738,2859.2657,175.7437,117.0552,1196.9624,12.3263,320.4998,251.5803,2.1484,1.7970,0.0000,443.0000,benign
4155.8854,10.8322,13.4335,1301.6748,5798.6604,95.9492,398.2756,1697.0136,6.3396,244.7248,428.8858,2.4795,1.5887,0.0000,443.0000,benign
2546.7516,13.4716,11.7402,926.1526,4650.1843,91.6158,367.6516,1562.4607,10.4059,401.1439,353.8147,0.9956,1.7961,0.0000,443.0000,benign
4434.7266,18.1187,17.5480,1870.2852,5796.0099,119.6408,250.2574,867.9589,6.0338,349.8847,364.0051,2.0484,2.1735,0.0000,80.0000,benign
5775.0457,16.4615,15.1288,753.4795,6207.9736,51.2889,635.4875,997.3981,3.8029,83.9712,378.5180,1.9667,2.6850,0.0000,80.0000,benign
2515.0954,9.7133,2.6138,578.7560,5995.9450,74.2600,3281.7338,2455.9807,2.9436,202.3303,321.5555,2.3062,2.5260,0.0000,80.0000,benign
2519.7323,12.1869,16.1518,982.2548,7645.3149,58.3513,535.8929,2605.2883,11.1050,344.6877,307.3564,2.1802,1.2090,0.7855,443.0000,benign
2425.1639,4.3745,10.1622,767.4263,2349.4169,126.3824,204.4742,1347.4051,6.5375,6.4905,274.2038,0.8933,0.9466,0.0000,443.0000,benign
4305.8437,19.0825,14.0720,1060.0689,3855.6131,67.9164,414.0097,1006.6250,4.3997,222.9688,314.0878,1.9980,1.5687,0.0000,443.0000,benign
1932.9983,14.5977,18.1519,1202.4007,3169.8191,96.2262,145.6243,2198.2588,23.7302,149.7504,138.1833,3.0092,1.2555,0.0000,80.0000,benign
3350.3201,5.4178,15.1499,1291.6263,3031.1860,177.9843,204.8695,1268.3505,3.8320,419.3795,57.2598,2.3629,0.9136,0.0000,443.0000,benign
3507.3581,10.5165,19.2438,262.2949,3537.4805,51.8044,178.7098,832.1267,7.3759,280.8496,193.2861,2.4063,2.6139,0.0000,443.0000,benign
3122.4841,10.2333,15.8049,1459.4607,3157.6016,124.0615,115.4410,1169.7134,10.2482,101.1177,218.0504,0.8190,2.3964,0.0000,3389.0000,benign
501.0281,14.0318,23.2511,577.1463,7522.5844,52.7869,240.2698,11940.9003,40.7521,16.3449,626.9819,1.9718,2.3238,0.0000,443.0000,benign
5082.8339,9.3306,21.4967,1042.2050,8383.2644,101.4142,293.3337,1988.7477,6.6531,309.0283,270.2875,1.3363,1.6413,0.0000,53.0000,benign
2374.1523,9.6263,20.7910,1143.5880,4896.1072,115.0109,392.0848,2330.4987,11.7504,158.3330,19.2623,2.7776,1.1074,0.0000,443.0000,benign
3422.5695,13.2969,37.4429,1464.8685,4582.0520,99.7868,145.5469,2118.5025,12.2584,452.8081,252.3973,1.1427,0.8847,0.0000,443.0000,benign
2182.3648,0.0000,17.8568,1002.1562,4617.4786,1504.1401,246.9012,2308.3221,10.3497,391.7598,322.5593,1.2510,2.0671,0.0000,443.0000,benign
1701.7191,8.5793,6.8069,1472.8114,6731.2680,176.3432,1043.6804,1581.0141,3.4963,106.1188,271.9769,1.8544,2.0811,0.0000,443.0000,benign
5710.3933,6.0172,15.5236,529.5320,3193.5062,77.0668,203.2400,670.7245,3.9549,295.7742,49.5158,2.3042,1.6447,0.0000,443.0000,benign
4024.8984,6.9236,8.3547,1724.0678,4444.8429,377.7430,388.7774,948.7641,3.3824,284.9803,255.0673,1.2842,1.0594,0.0000,53.0000,benign
7788.7528,9.8959,16.1140,511.1992,3670.3717,39.3138,340.3099,1035.1033,3.4826,357.1358,179.3455,0.7525,0.9781,0.0000,22.0000,benign
6262.0497,10.6904,9.7733,1073.3632,2913.3463,73.0136,231.1994,560.3309,3.2907,470.2567,239.4318,1.1174,2.1969,0.0000,443.0000,benign
4290.8048,9.3136,20.7335,533.8886,5969.4214,45.2473,343.8571,1829.1800,6.3017,545.8511,187.7842,1.4156,1.3614,0.0000,53.0000,benign
6971.0962,20.0629,18.1012,364.0101,2478.2961,25.5758,195.0919,448.0499,5.5995,249.5480,575.7928,1.2065,1.0323,0.0000,80.0000,benign
5372.1743,2.0061,21.9458,2066.7325,4109.2927,488.4851,163.1362,665.1285,3.6007,415.8870,217.1237,0.9986,0.8569,0.0000,80.0000,benign
1568.9310,10.8769,16.3166,1497.7897,2861.0318,189.8954,165.0862,2370.1270,17.2654,29.7162,247.4325,0.9379,1.1995,0.0000,80.0000,benign
5389.7600,14.1037,5.5821,1474.9492,7017.7712,132.0289,1009.5801,1675.2965,3.2978,229.2760,194.1779,1.8323,1.7552,0.0000,443.0000,benign
3253.0163,24.1639,16.3991,193.6109,8267.2632,10.5827,412.6474,2914.1696,14.6153,169.3357,358.0115,0.9421,1.7976,0.0000,443.0000,benign
2665.8554,9.1583,12.2844,776.9542,5690.6303,105.3713,368.7199,1486.3852,5.0450,575.5742,213.4248,2.0960,0.9298,0.0000,80.0000,benign
3846.0842,17.7501,6.2730,929.6566,5281.0756,40.6003,1084.4746,1443.7206,4.4876,187.5965,299.4763,1.0613,0.9645,0.0000,443.0000,benign
3107.5401,7.5166,0.2676,1577.6576,4349.8720,159.1092,4863.0439,1322.6170,2.9045,252.3860,257.8461,1.2590,1.9015,0.0000,443.0000,benign
748.4146,5.8108,11.2489,1331.5748,2507.1333,272.4743,195.4192,6643.4401,23.7829,530.8623,226.3763,0.9362,0.6470,0.0000,443.0000,benign
535.9288,2.6448,24.5424,675.3571,2618.9528,249.5431,148.2451,5466.5264,43.0208,346.6388,459.2901,1.8576,0.7354,0.9709,80.0000,benign
1397.8486,7.1870,17.4832,2588.5563,7217.4839,321.1956,448.4664,8450.7081,20.8044,123.7839,59.0967,2.7442,1.2380,0.0000,3389.0000,benign
2469.9460,10.7220,16.1232,979.8827,7866.2747,91.1898,578.2029,3381.0054,8.6399,330.1623,150.0315,0.9629,2.1406,0.0000,22.0000,benign
2033.8057,7.4355,20.9099,1540.2323,5682.6707,190.0416,241.4387,4911.0428,17.3627,263.1264,314.3235,1.8186,2.1249,0.0000,80.0000,c2_beacon
2999.6782,24.7089,12.0750,1145.3113,5440.1123,70.2834,917.4309,2591.5766,11.0118,329.2044,308.1721,1.0346,1.2799,0.0000,443.0000,benign
2962.1704,13.0039,7.6805,204.8534,8356.6108,19.4552,761.5929,1861.4854,5.9774,143.3113,0.0000,1.6642,2.1343,0.0000,80.0000,benign
4896.9945,16.9000,7.2777,2080.9417,6559.5574,147.6641,854.2021,1119.9237,3.1664,368.2745,271.5676,2.2886,2.0786,0.0000,80.0000,benign
4985.4782,9.9112,21.3515,1249.6722,3346.8419,152.0558,150.2717,1355.8453,4.6920,172.5623,363.3202,0.8220,1.8934,0.0000,443.0000,benign
3290.8296,5.9923,22.0132,1180.5224,1466.0315,171.3648,98.7698,611.6562,5.6671,331.4387,244.4087,0.8358,0.9700,0.0000,80.0000,benign
2086.7909,8.8212,27.6798,683.1900,5165.0249,97.3819,267.2544,3052.3657,15.7219,506.9588,188.3272,2.0587,0.9914,0.0000,443.0000,benign
3099.1721,13.9622,14.0746,137.3140,5574.3846,10.9185,517.1355,1580.2489,8.3822,315.4530,148.0964,1.6922,1.0960,0.0000,80.0000,benign
5128.2798,19.6238,4.6683,956.8131,6398.8206,40.6885,1201.1794,2054.4972,7.5009,291.5265,226.2474,1.8072,2.4539,0.0000,443.0000,benign
3042.4016,11.9350,10.3912,1009.2914,11170.1785,96.4455,1171.7013,3140.6305,4.0526,305.3286,291.6228,0.9792,2.2900,0.0000,443.0000,benign
2526.7041,16.3767,10.0915,1122.6501,431.9293,87.2963,51.9522,584.3404,9.1098,220.3822,267.0582,1.1303,1.1320,0.0000,80.0000,benign
985.5357,8.1410,21.3994,1538.0702,4973.5411,133.3032,255.6389,6453.2305,32.4501,377.0203,224.2892,2.2620,0.9925,0.0000,80.0000,benign
3953.3601,22.1801,18.9452,1416.2330,1736.3540,132.9108,100.5576,697.2561,12.5402,257.6575,283.3123,0.8570,1.6106,0.0000,22.0000,benign
2464.3387,18.1794,22.3098,1959.3739,3845.4660,107.3701,185.6506,2439.9141,13.7760,504.3487,296.6395,0.9505,1.2059,0.0000,443.0000,benign
3541.0962,13.9320,14.5257,996.4488,1338.6376,50.5896,51.9845,597.4088,9.2903,192.0985,661.5803,2.0347,0.8867,0.8481,80.0000,benign
3056.7328,6.7737,4.1951,1052.3443,2260.0526,140.3771,303.4558,739.7346,3.4311,332.8419,343.8968,2.0168,0.9875,0.0000,443.0000,benign
2795.6893,21.5291,0.0436,567.5781,4473.6922,23.6547,5097.6481,1885.3400,6.9862,271.5413,216.8874,1.5124,2.2585,0.0000,22.0000,c2_beacon
1704.5208,15.2675,18.4943,1142.8935,4520.4310,90.1888,151.8418,2451.4469,20.0534,115.5139,354.7820,0.7368,0.9487,0.0000,22.0000,benign
3806.6127,13.0096,14.2535,1115.3199,10002.4485,64.2194,422.9872,2638.2082,10.2897,89.9668,175.4647,0.8108,1.7731,0.0000,443.0000,benign
2392.2541,13.3486,8.9073,1114.6051,7902.2194,58.3897,815.6654,1561.6154,7.6529,381.5784,310.6516,0.9457,0.8879,0.0000,22.0000,benign
4244.0434,15.0391,20.0447,1075.9255,4753.1516,55.4341,326.7255,1341.8235,6.2520,336.2063,71.9872,1.8685,2.2931,0.0000,80.0000,benign
2692.7112,16.1859,13.5473,932.6178,4754.8304,45.5517,714.9785,3180.6440,10.6867,356.1903,431.9007,1.6907,1.5114,0.0000,80.0000,benign
1267.1131,19.4957,34.7900,1410.9129,3948.3362,82.3033,92.0268,2722.9435,28.4635,279.1604,209.9745,0.8440,0.8878,0.0000,80.0000,benign
3292.4723,14.6684,26.1515,1014.5347,6307.0086,101.2255,422.9261,2747.9426,9.5465,128.7245,561.1888,2.0890,1.5256,0.0000,443.0000,benign
5131.9864,7.8284,12.5702,1709.7884,5061.0527,139.6056,335.1893,1594.2660,4.7179,219.9692,211.6046,2.3774,1.0932,0.0000,80.0000,benign
4530.3040,14.1559,20.1693,1232.9138,7921.3579,81.4484,249.2765,1629.2339,6.4201,79.3260,303.4774,1.9101,2.4081,0.0000,3389.0000,benign
1419.7504,9.1450,19.3582,927.6354,3631.5099,83.2608,335.1514,4429.1117,21.9138,437.9738,173.0881,2.2063,2.4544,0.0000,80.0000,benign
3808.1324,6.6378,15.0674,1490.3430,6866.9578,135.1007,433.9218,1752.5077,9.5504,423.0870,355.5024,2.4819,1.9407,0.0000,22.0000,benign
3269.9835,15.8192,7.9410,1631.3951,7900.6879,95.0155,750.4102,2826.6556,6.9792,459.9993,332.0932,1.8476,1.0660,0.0000,443.0000,port_scan
3600.5432,19.2560,8.5426,1756.9707,6563.7889,98.7383,945.5719,3159.7683,7.4843,156.1438,130.8614,0.5378,2.3943,0.0000,80.0000,benign
2621.2133,4.6604,12.0175,967.2522,3444.6236,164.7642,393.5579,1316.5795,5.4970,332.6648,438.2549,0.7249,0.9620,0.0000,443.0000,benign
4063.1705,17.5128,16.6385,1217.3289,2753.3059,70.6049,91.2113,499.3486,10.5624,420.9527,182.1119,1.0144,2.6261,0.0000,80.0000,benign
4501.5842,21.2025,6.2723,1831.7183,7993.8519,65.3845,1214.9235,1697.0157,5.4400,55.8702,289.5481,1.2370,1.6898,0.0000,80.0000,benign
3265.2364,11.0306,16.6527,1072.8444,2823.6620,105.9984,133.0232,571.1461,3.8749,345.3926,285.7871,1.0971,0.6897,0.0000,80.0000,benign
4200.9326,8.1193,15.2535,904.5557,1466.9575,112.4831,88.0322,597.5332,4.3610,94.0282,185.7911,0.9917,1.8275,1.0797,443.0000,benign
4674.0572,20.5853,6.9448,787.5845,9030.3288,48.3271,1131.8526,2454.7238,6.2468,281.3782,224.7245,1.1024,1.0571,0.0000,53.0000,benign
4407.5739,5.4068,17.2187,3413.5034,3200.2615,449.3617,165.3367,969.4950,5.1815,362.1692,315.4249,0.8681,2.2886,0.0000,443.0000,benign
3992.5528,5.5138,12.2049,919.2890,7785.7558,114.7380,441.3290,2249.5058,3.9879,524.8969,158.0302,0.8691,1.0823,0.0000,443.0000,benign
5388.5712,11.2709,13.2802,1365.5856,922.0796,91.5393,117.7002,432.5604,3.6355,564.5191,321.2234,1.0696,2.5009,0.0000,80.0000,benign
2147.5032,5.4648,17.0481,1354.7049,5301.7210,201.1389,525.6592,5049.0406,9.0887,326.9667,124.5872,1.0130,2.7091,0.0000,80.0000,benign
2043.4109,2.5483,5.0004,1002.0829,11100.7791,773.5837,3142.9825,4700.5911,1.9594,575.2351,50.2688,2.0660,0.8687,1.4235,80.0000,benign
2048.5276,2.4281,20.7236,1314.3771,3773.2671,853.7855,171.1333,2624.4011,8.7855,383.3906,246.2813,1.0228,0.9865,0.0000,3389.0000,benign
202.4369,6.3909,6.6535,1218.2477,7828.9169,147.3413,1325.4360,54878.1115,63.8310,324.2379,264.2869,0.9584,1.8889,0.0000,22.0000,benign
2902.9723,8.8443,10.7889,1856.6277,764.5646,310.9743,54.2845,974.1286,4.9072,426.7126,179.8011,0.8089,2.0578,0.0000,443.0000,benign
4698.5334,10.6121,14.8564,1564.2680,2081.7201,148.7152,115.0167,985.8092,8.1787,477.7187,468.8511,1.1489,1.4439,0.0000,443.0000,benign
478.9167,8.7928,33.3102,1563.1249,3453.4174,156.8270,75.8215,9824.0001,124.2064,220.2322,174.7539,1.2735,0.8026,0.0000,443.0000,benign
1918.1786,2.6391,19.4195,1236.8622,3956.1183,250.0759,348.0882,4078.0794,9.2856,192.8809,275.5185,2.2659,2.0611,0.0000,3389.0000,benign
3791.6974,10.6854,14.0789,107.4179,4237.8210,7.6557,261.3572,1081.8158,9.3949,89.3195,78.0377,1.5218,0.9001,1.0303,443.0000,benign
2642.0893,5.4937,18.7605,1079.2308,3382.0151,249.1552,237.8558,3626.5676,7.0364,331.6252,185.9299,0.9282,2.5663,0.0000,443.0000,benign
1369.1969,13.6169,14.3376,1272.9119,2342.3396,87.1666,142.6130,2796.3739,14.1433,475.2884,177.4268,1.0702,1.3032,0.0000,80.0000,benign
7246.0762,17.1120,18.9850,437.1734,2017.7721,25.2225,108.2396,308.7650,4.7973,102.1059,251.6852,1.0567,1.9697,0.0000,443.0000,benign
2273.8714,18.1328,24.8908,1422.8631,1038.0698,91.6548,41.8981,1457.2268,14.6569,140.8521,184.7138,1.7717,1.1073,0.0000,443.0000,benign
2372.0185,18.8968,15.2315,1211.5703,5509.1883,69.7362,340.0119,3647.3456,15.8239,47.1294,103.9004,0.8494,1.2355,0.0000,80.0000,benign
4295.5858,6.9885,13.1072,1545.3740,5944.3097,203.1974,371.7943,2787.5777,5.6662,469.8353,489.6321,1.1571,1.9936,0.0000,443.0000,benign
3477.7868,10.9027,6.8648,661.5230,3207.6857,88.8227,594.2781,1474.7004,4.2786,81.7977,133.1499,2.3829,0.7885,0.0000,80.0000,benign
3657.4096,15.6260,11.5684,960.7188,3808.4745,58.9789,237.6374,704.6852,7.0373,40.9845,300.7199,1.9193,1.9507,0.0000,22.0000,benign
4948.7023,22.0478,15.1753,2737.9947,1450.3390,107.8013,78.6726,605.1115,7.0826,157.9676,343.6627,1.0541,2.2079,0.0000,443.0000,benign
3960.4918,7.3294,24.5248,1386.9056,5764.1452,87.4649,240.0058,1365.8817,5.6319,251.4800,262.6842,0.9516,1.0380,0.0000,443.0000,benign
3520.2079,11.4030,0.0000,1160.7144,3121.8486,84.3569,3567.9025,957.5023,3.0030,172.4730,129.0175,1.5322,1.9967,0.0000,443.0000,benign
4919.1594,5.5675,17.8726,826.6134,2744.9534,212.7864,308.3485,1180.3277,6.0761,105.0408,32.7769,1.1476,2.2213,0.0000,443.0000,benign
1367.4961,12.0237,17.2254,1137.3356,2806.2975,89.6039,164.2856,2523.0386,15.2433,261.2244,186.6674,0.8523,1.6035,0.0000,80.0000,benign
7963.2544,10.3187,0.6779,1929.9609,2573.4432,154.9235,2304.0871,336.5046,1.8587,263.0723,185.6974,0.9353,1.9305,0.0000,80.0000,c2_beacon
2634.4325,22.7076,19.0237,1621.7256,5720.0456,81.3076,495.4981,2360.7141,7.4788,377.3001,181.0800,2.1582,2.6441,1.0621,53.0000,benign
5805.3586,16.1294,19.0597,580.1508,10050.4666,52.7280,313.6320,940.7713,6.4732,57.0705,333.4056,2.0663,0.9743,0.0000,80.0000,port_scan
6416.8661,8.9038,10.5440,474.8688,3952.0347,66.5683,280.4626,582.5837,6.2025,268.6349,215.8238,0.9797,1.7634,0.0000,80.0000,benign
1818.6943,12.4440,16.2010,2263.2530,2396.5862,254.5793,128.4296,1333.5493,8.5305,203.3748,243.3073,2.0625,0.8436,0.0000,80.0000,benign
1817.1359,5.2201,10.6636,1698.0013,5059.5448,261.5861,546.3282,3249.2500,7.3044,194.1702,348.7694,2.8801,1.0344,0.0000,443.0000,benign
2971.4294,11.6037,17.2349,730.3914,4609.4288,104.7621,193.2552,1378.4875,10.5948,383.2029,309.7371,0.8837,1.5154,0.0000,80.0000,benign
1991.8639,15.7935,7.8262,1666.3912,3628.7289,78.7659,348.8548,2160.5293,10.9751,260.8332,287.6347,1.1809,1.4450,0.0000,443.0000,benign
4151.9663,25.4946,9.8887,1290.0272,4155.7076,54.2062,322.7953,1384.5254,8.1201,112.3157,495.9140,1.0798,0.7474,1.3143,443.0000,benign
1619.0536,22.4448,14.2234,1822.2511,0.0000,55.6312,0.0000,988.3397,35.7560,143.5106,22.1020,1.0560,1.4373,0.8542,3389.0000,benign
3467.6726,20.9795,22.9902,2834.9974,5199.0668,138.6017,270.4476,1697.7080,13.5898,385.3187,80.1751,0.7824,2.2931,0.0000,22.0000,benign
4604.4306,15.9108,11.8569,2021.9944,3346.3892,79.8271,239.0318,1155.9599,7.6467,426.1519,84.2295,1.8544,1.1404,0.0000,22.0000,benign
4107.7448,9.5658,13.5537,952.9964,4279.8899,118.7032,364.9983,1611.1964,4.7968,52.8217,311.1859,2.3600,2.4906,0.0000,80.0000,benign
2133.9267,6.5341,13.4506,1130.2583,5295.1188,128.9929,280.5283,2549.7924,12.2862,345.1194,371.7418,2.2631,1.0068,0.0000,443.0000,benign
5469.8670,24.7206,22.8861,1712.3634,4039.0869,118.0354,201.4002,1075.9031,7.0042,338.9986,17.0791,2.2475,1.5980,0.0000,443.0000,benign
1862.4494,12.3854,16.4291,292.9158,7030.0603,27.6097,271.3614,3135.0176,10.1356,488.9927,18.0461,1.8400,2.6014,0.0000,443.0000,benign
2677.5119,16.5547,10.2642,708.2731,1497.9334,48.0234,178.0646,806.4473,7.5460,173.7162,0.0000,2.0492,2.4372,0.0000,80.0000,benign
2872.2958,14.7485,14.5010,108.0632,7821.1448,11.2103,751.6145,3161.8878,13.0295,357.8680,265.5763,1.0374,0.8712,0.0000,80.0000,benign
2461.6778,10.7090,13.6576,1244.9408,8390.9139,180.0255,315.4432,3668.0825,15.6922,371.6301,180.5991,2.0177,2.3331,0.0000,80.0000,benign
3411.3142,10.4513,11.5662,2613.2762,5492.5336,112.9269,255.8626,1218.8574,8.5361,69.6079,223.9208,1.8074,1.9674,0.0000,80.0000,benign
2312.8262,7.3023,20.2670,704.1825,1252.7703,71.3532,37.7049,1175.5348,14.5182,593.4655,439.0519,2.1712,1.6160,0.0000,443.0000,benign
4923.0496,11.1124,11.7704,872.0935,1154.7760,46.2864,109.4769,460.7969,7.4468,205.7310,241.8086,1.6313,1.0199,0.0000,80.0000,benign
2512.6856,7.6860,14.3969,577.5577,6880.8730,33.8600,426.7516,3415.5949,8.8150,279.1604,149.4404,0.9843,2.2100,0.0000,80.0000,benign
5149.5187,9.6309,10.0045,601.4435,4482.3958,60.9538,574.8365,1470.9535,4.7033,270.7233,76.6078,0.9846,0.7335,0.0000,443.0000,benign
2245.9193,5.4348,15.2822,1709.5752,6578.2269,431.0969,376.8345,3319.7669,7.4501,155.8408,183.2477,1.7074,2.2432,0.0000,443.0000,benign
7078.7957,16.9992,6.8948,1481.4533,2607.4435,126.2731,456.5682,952.8872,3.6689,187.1264,343.5992,0.8732,1.0624,0.0000,53.0000,benign
3958.3138,15.6069,13.0660,1072.3687,6596.0455,51.7188,479.8483,1960.0781,8.7201,465.4653,264.9391,1.1078,0.9576,0.0000,443.0000,benign
5345.2175,18.5376,6.6391,1215.4653,5969.8713,44.0528,812.1824,1159.0913,4.5147,459.3120,309.7300,1.9313,0.8639,0.0000,22.0000,benign
7303.8328,5.3306,7.7088,1291.2636,3604.8695,275.2738,458.1255,829.8524,2.1330,310.5230,418.8656,2.2748,2.3343,0.0000,80.0000,benign
1787.3004,9.2218,16.1687,758.4893,6142.9662,102.6938,289.1641,2360.3223,10.6277,229.2316,163.7308,1.8494,2.0432,0.0000,80.0000,benign
4129.4060,5.7652,7.1526,1043.9753,2665.6420,112.1157,264.2998,778.4776,5.1033,800.9737,527.1342,1.6088,0.7618,0.0000,22.0000,benign
2780.6896,9.6267,17.1793,1382.2150,1373.5845,158.2608,82.9741,1687.1596,10.3520,112.9459,184.0669,1.0179,0.9788,0.0000,80.0000,benign
3350.8707,10.9493,11.1108,662.6690,4841.5964,62.2554,401.9977,1074.8623,6.0827,374.9785,227.3829,0.7903,0.6347,0.0000,443.0000,benign
2503.8267,20.9028,12.6022,872.1630,1796.1508,39.9256,144.2198,1221.8476,15.7039,361.5251,209.1981,0.9786,1.8335,0.0000,80.0000,benign
4228.4016,13.0880,28.7424,835.2912,5909.6673,95.8272,199.3453,1264.8321,8.4637,437.9815,446.4109,2.2449,1.1533,0.0000,80.0000,benign
2171.0744,11.3618,23.1675,584.6269,6207.3870,103.0790,211.4934,3895.7425,18.9590,247.4520,105.6132,1.8683,0.9969,0.0000,80.0000,benign
2140.0224,17.9043,17.7210,2268.4638,2112.7386,158.3743,94.4123,1644.6889,12.5200,568.9597,146.4893,1.7699,0.8898,0.0000,80.0000,benign
2652.0573,21.5622,11.7076,377.9646,3183.9080,18.7062,275.9995,2581.6244,10.4081,231.0924,238.2347,0.8182,1.0276,0.0000,443.0000,benign
5492.3344,23.5407,27.8406,1306.5200,10533.7636,48.7821,314.8778,1589.4326,6.6528,485.8793,246.3204,1.1820,1.0994,0.0000,443.0000,benign
3697.8856,7.8715,11.8712,1189.1351,3659.7513,149.2611,271.2240,1350.6000,7.6833,265.6042,298.2791,0.9472,0.7491,0.0000,443.0000,benign
2578.6609,0.1796,22.0823,645.5222,4896.7797,529.7156,272.2197,1805.8017,4.2105,330.7168,394.7802,2.5975,1.3640,0.0000,80.0000,benign
2381.7154,8.2986,8.5486,1308.3292,2114.8504,161.3626,337.5585,1252.5129,7.9759,428.7490,160.5470,1.0604,1.7544,0.0000,443.0000,benign
2986.2163,12.8544,18.9436,1594.6830,6485.4829,193.4191,305.6988,2337.8690,14.4649,281.3909,362.0160,2.5671,1.7021,0.0000,3389.0000,benign
2006.1616,9.8603,11.0270,1417.4547,4689.6742,95.9748,410.0090,4405.0025,15.5211,219.2677,377.5434,1.0239,2.3864,0.0000,443.0000,benign
5755.7255,11.8308,3.9029,1191.2327,6909.1204,106.1375,1288.4875,1523.3652,1.4959,251.8929,159.2614,1.6360,1.4273,0.0000,80.0000,benign
5093.2610,12.3262,14.9820,733.7132,4831.2938,77.9177,448.3482,1356.0888,5.5593,382.2847,501.3276,2.1324,1.1306,0.0000,80.0000,benign
2458.6707,8.1774,20.2460,1249.3253,4836.6329,124.2869,179.0808,1366.5218,10.2314,275.3856,186.4046,1.8817,1.8203,0.0000,443.0000,benign
3435.7004,5.9354,19.9840,1374.7874,4795.9553,436.4124,330.6092,2148.3028,5.0709,266.4799,196.7577,0.9172,0.9795,0.0000,53.0000,c2_beacon
4539.6509,11.0629,18.3138,2165.0745,2214.3928,109.0226,144.4947,968.6959,8.6048,645.8954,0.0000,0.9915,0.9376,0.0000,443.0000,benign
1784.5711,10.2039,20.0222,838.0851,3408.3136,58.3669,206.0134,1788.7718,12.5211,257.8947,473.7984,1.6944,0.8378,0.9170,3389.0000,benign
2540.9159,3.1232,10.8670,1667.3180,3330.4266,498.8448,212.8665,1475.4687,5.3940,312.2908,199.0979,0.7468,2.8751,0.0000,443.0000,benign
5119.6621,19.1715,13.3901,1511.2165,7884.4458,86.5093,704.8861,2139.7366,5.0007,253.1370,224.0775,1.9339,1.0898,0.0000,443.0000,benign
3116.9001,12.6562,10.2739,1707.6626,7023.4330,99.1748,710.3892,2261.9768,9.3350,26.6754,253.7006,1.7839,1.3377,0.0000,80.0000,benign
1929.8830,16.7445,17.6130,630.2126,4367.3153,87.7995,329.2850,2750.1583,15.4683,311.3393,222.5195,1.7647,0.7985,0.0000,443.0000,benign
4209.0223,10.0556,11.2268,1276.7031,1427.7917,146.4950,88.6662,655.9494,6.7613,617.7675,395.7331,2.2294,2.1492,0.0000,80.0000,benign
3665.2594,4.9959,15.0487,1171.2193,2798.5282,239.6661,221.3997,1129.4616,6.5663,382.6592,289.8956,1.0779,1.1225,0.0000,443.0000,benign
2025.3316,12.2659,23.6165,1298.8563,4596.3068,95.0109,242.8898,3592.6250,18.9300,399.2265,442.5233,1.5434,1.0280,0.0000,80.0000,benign
1597.8451,17.2917,14.7148,1295.5820,5135.2308,77.0402,386.2661,3443.5871,20.6258,302.8567,223.3853,2.0922,1.0623,0.0000,443.0000,benign
5289.5281,8.2690,8.4705,1883.0540,4863.0314,120.0473,565.7834,1627.2180,6.4245,354.5328,186.7274,2.1376,1.2933,0.0000,443.0000,benign
3313.3095,13.5606,16.2582,1034.1875,5472.6544,72.8763,455.8431,2129.0890,6.9039,41.3677,277.7450,1.0604,2.0827,0.0000,80.0000,benign
5114.9769,14.2904,8.3987,1925.5843,1980.5159,149.8717,245.7641,1081.1930,5.4426,398.7442,131.7561,2.2028,1.1176,0.0000,443.0000,benign
800.3844,15.5685,11.9090,1423.2741,7952.0690,44.4299,544.8347,15257.2331,33.5093,312.5196,255.1020,0.8446,2.0601,0.0000,80.0000,benign
4565.6617,10.1507,15.1238,407.1366,1212.8023,50.0116,109.2148,563.5856,4.5081,600.1977,188.4504,0.7835,1.7291,0.0000,443.0000,benign
3921.8071,14.8109,8.3001,1480.3012,3728.1893,103.6051,397.0199,1100.9243,5.5800,193.1722,134.7044,0.9379,1.0976,0.0000,80.0000,benign
2469.5007,16.7400,19.0703,2270.6745,7605.5559,140.1183,391.1231,3869.5378,18.8475,184.4208,249.8598,1.6424,1.7442,0.0000,80.0000,benign
4572.2318,8.8354,20.0983,396.4595,2574.2172,52.1179,149.2503,458.4933,6.3094,218.6476,99.6226,1.1043,1.7002,0.0000,3389.0000,benign
4459.0890,4.4615,7.5191,281.6232,1506.4866,94.1385,139.8123,398.8099,4.2850,84.7766,399.0609,1.0190,0.8022,0.0000,80.0000,benign
6210.1374,18.1999,13.1205,2003.3045,2756.2458,106.1943,290.1381,1090.6064,4.2095,92.0810,127.5364,2.2549,0.7879,0.0000,443.0000,benign
1651.5205,0.0000,10.3979,1376.7655,3707.2995,1339.7053,503.8897,3177.4971,5.5436,500.2215,211.9910,2.4604,2.6978,0.0000,80.0000,benign
3190.2208,21.6542,15.4063,763.9838,5091.0239,72.3523,534.3073,3423.8247,13.0033,171.2057,51.6906,1.7289,1.0123,0.0000,443.0000,benign
1342.4101,10.1690,11.1473,659.2762,8504.3614,42.8680,473.1774,5290.5449,11.3279,355.5284,346.3920,1.9972,2.3170,1.0176,443.0000,benign
5346.7022,16.3345,20.1373,1215.8592,6122.4450,51.2566,352.0930,1356.3646,6.7102,405.1131,97.0121,2.0323,2.4958,0.0000,80.0000,benign
918.1949,15.6600,27.7878,899.0509,5866.8944,53.8411,195.2144,5970.6879,41.9440,18.0979,223.2958,1.5021,1.0199,0.0000,53.0000,benign
706.5054,11.6242,19.9705,1620.2224,2580.8760,140.1247,147.7913,3294.0737,29.7904,254.8087,262.6198,1.1570,0.9395,0.0000,443.0000,benign
858.3598,13.5261,0.0000,1735.4195,12041.2922,148.0649,12101.4814,12998.4056,22.5705,61.1829,152.7966,1.2651,2.5768,0.0000,443.0000,benign
3214.8527,8.7989,9.9885,1894.0059,6038.2390,165.5276,425.5850,2364.6193,8.3809,184.5610,139.7830,2.1167,1.7581,0.0000,443.0000,benign
3029.3778,7.9080,29.7019,102.6780,4822.4848,22.8061,214.1691,1905.2377,11.7991,310.4233,173.4078,1.6212,0.9971,0.0000,53.0000,brute_force
3550.5582,8.8923,8.5004,841.7216,6203.1403,69.9428,538.0212,1610.1772,6.6872,367.8981,366.1899,1.5293,0.9686,0.0000,443.0000,benign
4055.7559,11.5458,12.4062,692.6467,1594.6717,73.4339,112.1187,668.9109,7.9308,257.4989,280.3823,2.6927,1.0072,0.0000,80.0000,benign
1618.6340,8.4418,16.4938,989.5747,5668.9270,101.2310,214.5590,4070.8525,17.9380,476.9177,316.2498,0.9423,1.0319,0.0000,53.0000,benign
771.5420,17.4489,11.4047,846.6387,7696.6904,56.3862,594.6768,7920.3789,34.0741,283.4008,167.3097,0.8343,1.1742,0.9049,80.0000,benign
4476.8343,7.7108,11.7330,1696.6937,1296.5601,121.0411,87.7758,534.7852,3.8228,351.6167,277.7763,1.7503,0.6146,0.0000,80.0000,benign
3746.8120,11.4873,18.1473,1804.8611,2509.8095,195.9243,179.2520,1087.0520,7.0326,276.9665,161.4746,0.9510,2.8221,0.0000,443.0000,benign
4366.8263,14.4540,23.5982,1883.8629,3008.4230,96.0575,108.8557,1407.6997,13.1242,235.4013,396.0982,1.9359,2.5543,0.0000,22.0000,benign
822.0102,9.2940,16.6577,729.3535,6511.6463,93.1090,431.6234,3568.9781,13.2160,345.8075,159.2779,1.5630,0.9568,0.0000,80.0000,dos
2873.1019,19.7757,17.9987,1116.7846,8035.3732,67.0948,613.4356,2738.9075,11.5334,447.6057,221.4795,0.9891,0.8668,0.0000,443.0000,port_scan
1032.3746,7.0412,10.0493,1696.6664,2844.7967,216.2392,413.1057,2441.9427,9.8934,335.2765,496.1549,2.4128,1.6767,0.0000,80.0000,benign
3276.5928,15.4579,17.3044,1445.1521,3426.0242,154.1642,293.5940,1043.6408,8.0894,350.5596,319.5270,1.9697,1.1831,0.7461,80.0000,benign
4379.6595,5.5782,5.1799,1704.4857,4827.5893,181.6295,991.4838,1436.4032,3.1174,292.4205,182.8472,0.5747,1.5751,0.0000,443.0000,benign
2671.1733,6.3404,9.7794,519.0447,3470.3138,88.0805,415.1128,1669.5534,5.9530,192.7900,210.4335,1.1211,0.9970,0.0000,80.0000,benign
2552.4517,9.1767,18.2749,1169.3848,2349.7216,199.8155,134.8061,1540.9417,6.5646,83.6698,96.9364,1.2728,0.7918,0.0000,443.0000,benign
2042.2054,15.6072,15.0667,192.1152,879.7602,8.6545,71.3439,744.6205,14.5750,114.0797,237.4870,2.0190,1.6832,0.0000,443.0000,benign
1971.9973,8.6051,14.5413,1054.9761,4126.8594,142.5024,303.8555,2793.4518,9.5689,270.5554,211.7512,2.0886,1.9109,0.0000,443.0000,benign
5401.2280,9.8688,15.5869,1521.0618,5211.3637,226.9872,253.6963,947.4105,3.7638,356.6425,155.8782,1.0252,0.8050,0.0000,443.0000,benign
4741.7829,8.5609,21.9573,1765.0532,3525.5691,121.8100,201.0373,602.2601,3.9818,365.1893,169.5318,1.8881,2.1265,0.0000,53.0000,benign
2626.1404,2.4486,16.1449,1003.2392,2388.4528,467.2251,134.9462,1477.3998,8.4033,220.4749,380.6410,2.1965,1.9817,0.0000,443.0000,benign
2986.5509,6.7112,14.8620,844.5539,4743.5938,181.4496,501.0492,1789.1258,6.8831,197.1076,317.9000,0.8942,1.1732,0.0000,443.0000,benign
2053.5983,13.6136,21.8913,969.2591,2956.0437,60.3327,115.1705,2232.5373,14.2793,316.2409,221.0699,1.1605,3.1979,0.0000,80.0000,benign
4155.9897,16.8494,2.8028,2924.9536,1442.7314,205.3727,341.5181,721.1180,1.5934,399.7528,214.4035,2.3856,1.2316,0.0000,22.0000,benign
4004.9963,6.6656,14.6965,1416.2885,4262.3370,92.4760,235.8296,1417.5270,8.2655,261.1180,20.4279,2.0494,2.1746,0.0000,80.0000,benign
1727.5264,13.5117,8.7127,1682.6644,4092.4134,161.2763,451.0410,2698.7754,10.3295,279.2584,338.7543,1.6266,2.2444,0.0000,443.0000,benign
6649.3612,12.7999,13.4544,706.3905,697.4962,82.2748,75.9668,352.9955,3.7530,378.1809,237.9006,0.8797,1.1956,0.0000,443.0000,benign
4573.9328,14.5597,17.0882,855.5776,8140.3064,66.3466,272.0403,1491.1996,5.2734,646.6447,264.4977,1.8679,1.6685,0.0000,80.0000,benign
5474.6042,10.3501,11.9650,1268.5047,11668.9965,101.6314,718.5374,1696.1405,4.2532,242.6969,197.3483,1.3441,1.9075,0.0000,53.0000,benign
6851.3232,19.8354,21.5964,707.8570,2663.0625,66.5875,110.9095,582.3735,5.1142,157.7319,93.3284,1.7503,1.5144,0.0000,443.0000,benign
2791.8184,16.0578,11.1918,1540.0254,6563.4176,79.4143,504.0763,1851.9215,9.0861,271.3883,183.3215,0.9653,0.7643,0.0000,443.0000,benign
1619.8862,11.8047,17.1093,2006.5101,8432.6206,122.6687,434.0089,5270.6264,17.4482,186.3713,246.3153,1.0487,1.7953,0.0000,443.0000,benign
2862.3762,10.5318,8.7914,225.5074,5253.9649,17.3457,563.4886,1973.2017,9.4792,250.0807,190.4984,1.5126,2.0560,0.0000,80.0000,benign
4218.4348,24.6256,14.7840,993.8796,3647.7929,38.8619,315.4577,1254.4796,11.1199,205.0489,297.6448,0.9127,0.9431,0.0000,443.0000,benign
1142.2637,16.2533,21.5371,1813.5874,5190.7141,94.0901,296.3845,4776.1393,27.6726,240.1089,328.8474,2.0543,0.6290,0.0000,443.0000,benign
4071.1047,13.7438,17.9725,1378.7255,5286.8698,76.8001,297.2376,1366.0576,8.4648,510.9705,231.2955,0.9047,1.6305,0.0000,53.0000,benign
3717.5587,7.8030,19.4132,1767.9482,5140.4648,216.2410,209.4315,1714.4218,6.0194,94.1041,297.3254,1.8498,1.8360,0.0000,80.0000,benign
4443.6055,14.1051,5.4970,1705.2636,1602.7918,112.1944,385.8271,898.2353,5.0892,631.1718,106.6256,2.0025,2.2693,0.0000,53.0000,benign
3800.9152,10.9352,11.3167,1295.4588,3624.5609,73.1339,292.7913,901.3142,5.1640,331.0981,370.6325,1.9144,1.2161,0.0000,80.0000,benign
2941.6772,12.4931,21.1246,1071.0071,1548.7563,120.4010,106.5389,465.9623,8.0065,178.8298,103.1435,1.0189,2.3529,0.0000,3389.0000,benign
3055.2716,12.5702,10.0974,73.2509,5137.2124,13.3436,433.6154,2090.7648,5.6228,71.6506,381.8924,1.0717,0.8945,0.0000,443.0000,benign
2368.3832,4.5318,11.4434,613.8502,7112.9678,234.5991,653.5296,2476.4598,9.0092,221.7918,159.4584,0.9039,1.1810,0.0000,80.0000,benign
4601.0275,15.1547,17.4011,1559.3115,3403.5365,100.4013,100.2355,1340.5726,7.1236,80.4447,272.2039,2.5333,1.2966,0.0000,3389.0000,benign
4332.3433,12.4797,9.7592,1181.1526,2691.6248,110.5356,306.4935,727.6297,4.5219,426.0167,235.9614,2.1163,1.9962,0.0000,53.0000,benign
5308.8180,11.0218,4.8227,1316.4263,7424.1076,90.2780,1303.8968,1369.0331,3.7536,207.5452,137.5755,1.6860,2.1409,0.0000,53.0000,benign
2426.7813,16.9393,11.5822,938.1565,6462.4647,53.9693,610.7859,1842.1242,8.0684,187.5457,0.0000,1.1158,2.2185,0.0000,53.0000,benign
3916.6037,0.5839,13.4155,1219.6544,2791.9654,1260.8951,235.7757,1251.8936,6.7488,340.8051,169.7310,1.7420,0.9685,0.0000,80.0000,benign
3633.5173,9.9689,6.0909,1422.6029,2580.4802,243.5798,453.6756,1215.5434,3.5333,725.5244,96.7736,1.1722,1.8899,0.0000,443.0000,benign
1676.6238,0.0000,14.2115,1156.1844,6347.9551,980.8692,649.6652,2268.1809,3.9300,217.8473,252.6304,1.8033,2.2241,0.0000,3389.0000,c2_beacon
4259.3692,22.4499,24.8392,1825.3749,10732.4094,73.2629,336.1287,2137.0858,11.8685,363.2674,160.0589,2.4688,2.8119,0.0000,80.0000,benign
139.7288,11.7517,10.7754,1133.1615,4496.8493,136.2281,395.2508,33134.8078,88.9762,351.0900,230.5780,2.0817,2.5853,0.0000,80.0000,benign
4154.7977,10.1424,21.3115,788.5878,4429.5734,87.8972,237.8740,1348.6787,5.1857,249.0264,170.5361,2.2127,2.2946,0.0000,443.0000,benign
2988.9850,15.3645,19.8112,1304.7758,5453.8537,85.1275,243.3014,1490.3502,11.8701,282.4077,5.3931,2.4481,1.7546,0.0000,443.0000,benign
3577.2221,11.5781,23.5947,975.2800,8625.4731,73.9126,348.2222,1126.5201,8.8698,378.6870,177.6378,1.9209,1.7966,0.0000,22.0000,benign
2322.0314,10.5700,27.2084,218.7339,3152.7198,16.9287,162.9139,1218.9493,12.9861,177.5078,239.1161,2.0527,1.1803,0.0000,22.0000,benign
3137.9962,16.4837,16.8506,1424.5847,4321.2733,98.7624,436.8303,1533.9645,6.8481,399.2645,245.9349,1.0814,1.9996,0.0000,53.0000,benign
1992.2582,25.8404,4.1298,1825.4574,6197.2945,98.4569,1667.6385,5266.1628,16.7662,409.4818,70.3002,1.9732,2.2537,0.0000,80.0000,benign
4169.3314,11.3896,17.5013,1503.0068,3700.9811,75.5478,376.2269,2098.1734,7.2121,287.0377,271.8547,2.4993,1.9368,0.0000,3389.0000,benign
2104.3618,4.1478,9.9879,1037.4400,6298.9988,282.1087,534.2568,2857.5915,5.5196,354.8677,375.2604,1.9097,0.9398,0.0000,443.0000,benign
4398.1946,12.7130,21.2186,729.1422,6351.1437,73.0484,365.6954,1459.7378,8.6810,135.6437,128.5633,1.8155,0.8181,0.0000,80.0000,benign
2823.3007,14.7720,16.8400,918.8778,6227.2749,55.9267,269.9666,2729.2803,10.6856,240.7963,279.7060,1.4397,2.9332,0.0000,3389.0000,benign
1362.9823,18.7741,17.1074,0.0000,8648.4414,0.0000,732.0396,5414.1634,19.0364,544.2496,354.0960,0.7007,1.0873,0.0000,443.0000,benign
2209.3027,11.8602,7.5891,1259.3571,6676.1379,90.0142,406.6116,1816.6347,9.7084,333.6619,140.8776,0.7751,0.9809,0.0000,443.0000,benign
3685.3626,10.6489,12.8956,1677.4670,6204.9345,129.8931,268.3296,1863.5058,8.1412,49.9263,310.0322,1.0628,2.1406,0.0000,443.0000,benign
2272.7629,16.4732,22.6042,712.1607,6141.2720,57.6378,307.8658,3116.0839,14.9388,518.1893,397.5468,1.3638,1.1406,0.0000,53.0000,benign
3602.8578,6.3914,11.3107,1822.3469,3256.6481,188.2224,347.8288,1480.8920,5.7543,198.5936,178.9169,2.2839,1.8744,0.0000,80.0000,benign
5628.7550,6.5082,8.4727,878.9833,7818.6409,87.1425,928.3331,2795.6370,4.8084,212.5692,325.1207,1.1523,1.9977,0.0000,443.0000,benign
2664.3918,18.5502,13.9727,1198.7205,4590.0484,72.0611,300.9630,2071.5257,15.2803,500.2387,195.1208,1.0357,2.0811,0.0000,443.0000,benign
2543.6258,14.4731,20.0810,531.5045,4811.7880,34.9252,265.7871,2072.0756,10.5683,182.2654,280.3146,0.7497,2.5682,0.0000,443.0000,benign
1625.3929,13.7402,13.8476,982.5860,3607.8033,57.9646,191.2382,2385.2468,19.5228,163.4977,162.3611,1.5861,1.4109,0.0000,443.0000,benign
4946.4697,16.4334,19.2422,909.5206,7410.6252,69.2167,282.9786,1029.0776,5.5015,151.2429,266.0375,1.9257,1.2004,0.0000,22.0000,benign
3014.8185,12.2780,17.7385,1739.4849,2694.0369,115.4691,158.6355,960.3126,5.1412,270.3295,351.4652,1.5339,2.2442,0.0000,443.0000,benign
7904.3992,13.8459,24.0372,80.6434,7033.2958,3.8896,429.0633,1180.7125,3.8027,380.7791,199.6139,1.2389,2.2610,0.0000,443.0000,benign
2616.0120,3.8681,13.3549,1455.5218,3042.3094,263.5829,335.4654,1762.2084,7.9319,237.5718,98.8783,1.2260,2.1910,0.0000,80.0000,benign
7433.9974,14.8143,18.4510,534.4863,6940.6421,39.6703,502.9283,1183.9852,4.8144,253.1009,205.5158,1.2516,2.0722,0.0000,443.0000,benign
6164.2540,7.0258,14.8555,0.0000,2939.2730,0.0000,194.6696,496.5441,3.1426,204.3312,195.9729,1.1553,1.8291,0.0000,443.0000,benign
54.2995,12.1082,9.1195,1439.5502,2734.5916,108.1730,264.4782,83718.3881,410.4238,221.8483,245.9498,1.1654,0.7251,0.0000,22.0000,benign
6120.8953,9.8814,21.0203,1947.8269,2563.5444,116.7388,164.8247,731.4743,4.7252,399.2429,178.0454,1.1925,1.9717,0.0000,3389.0000,benign
2617.8930,2.9727,8.0552,2243.9572,8491.9470,639.7846,1045.2760,2884.4534,2.9354,218.7905,122.3085,1.0014,1.8578,0.0000,443.0000,benign
4145.3637,14.7657,15.9753,1433.1956,11798.6965,93.0454,898.1222,2277.0974,6.4466,182.1962,402.0851,1.3901,1.0037,0.0000,443.0000,benign
2395.0473,3.9204,6.3164,1592.5291,7629.8836,342.0618,671.4068,3473.1325,4.0856,377.6853,334.6844,1.8616,2.1344,0.0000,443.0000,benign
2741.0080,2.1514,17.6409,1574.1473,7253.8136,845.9683,527.0738,3471.1203,8.0311,179.6748,324.4563,1.1697,1.6117,0.0000,3389.0000,benign
4400.2606,13.8625,11.4495,1083.6081,8870.2313,89.1837,775.9463,2241.1625,4.5235,159.4064,250.5757,1.9818,0.8343,0.0000,80.0000,benign
2243.4130,11.7279,15.7993,434.4525,4895.1119,36.1523,292.0991,2087.7861,11.5300,382.9504,450.6703,1.6681,1.0481,0.0000,80.0000,benign
4122.6896,3.9757,5.1588,1138.6111,738.2261,339.0100,140.1713,479.1406,2.1659,192.1045,249.8595,1.1552,0.7862,0.0000,22.0000,benign
5461.9634,9.5004,22.2780,1866.0672,5047.2351,160.2255,206.7389,921.4695,7.0541,266.8480,250.8925,1.1793,1.0228,0.0000,443.0000,benign
2222.1610,15.3906,20.4662,1690.5576,3974.0888,101.3166,277.1499,4454.8619,15.8293,109.9174,208.9581,2.1361,1.2087,0.0000,443.0000,benign
659.2287,7.8468,36.1990,759.6230,4712.2003,65.9999,188.2769,8204.0061,51.8561,75.1935,217.2549,2.3648,1.4004,0.0000,80.0000,benign
3576.7208,11.1985,23.4678,1171.2752,6036.9040,192.1862,258.0255,2202.5720,5.1575,168.5809,67.9784,1.6255,1.4930,0.0000,443.0000,benign
2428.2957,7.2931,4.7591,1069.9924,4509.7967,153.8534,795.6248,2551.2822,4.3001,106.9995,181.2165,1.6866,2.2024,0.0000,443.0000,benign
5295.5530,9.0625,18.5801,542.3531,3057.6195,37.1727,172.4507,724.1182,5.2613,430.7726,164.5313,2.1053,1.4411,0.0000,22.0000,benign
2677.3568,14.8171,14.3918,1488.2210,7347.4847,113.3237,474.2612,2648.9394,7.1248,443.4513,281.5404,1.2730,1.6725,0.0000,80.0000,benign
6984.9483,8.6392,4.5080,1245.9160,3048.1495,137.3378,493.8562,751.1179,2.5501,257.5561,169.5014,1.2011,1.9114,0.0000,80.0000,benign
5650.5641,15.4058,21.8933,2251.0604,4402.2749,156.7486,336.5103,1289.3531,5.5788,354.0303,135.8471,2.2874,1.0151,0.0000,443.0000,benign
1730.2309,13.2380,11.8858,990.9967,4057.1010,64.8452,454.3021,2957.6640,9.2335,219.3079,173.6132,0.7953,2.7626,0.0000,22.0000,benign
3607.1418,9.2006,15.9956,1627.7190,4791.6540,163.1808,342.0389,2392.9700,10.3650,353.2812,96.3397,0.9549,1.6467,0.0000,443.0000,benign
5664.7642,11.6863,8.6596,1402.0086,7430.1169,138.1419,810.2963,1962.1316,4.8943,315.3488,266.3646,1.8749,2.2710,0.0000,22.0000,benign
1713.0943,10.6450,16.1802,652.4125,8621.1839,110.4290,504.2577,5293.9593,17.4898,149.1716,214.2025,0.8265,1.1220,0.0000,80.0000,benign
6177.1765,13.4440,1.0244,831.7962,8791.0879,85.9723,4372.3945,1416.3362,2.4333,325.2533,112.3784,1.9596,1.9387,0.0000,80.0000,benign
5286.4127,21.1581,14.0264,491.3667,6374.5763,29.2898,349.9636,1165.9781,4.5010,244.3737,281.6679,0.8153,1.4191,0.0000,80.0000,benign
2159.4460,12.2500,9.3232,1617.9688,5378.1026,179.9646,622.0974,2748.6291,6.2967,122.9761,237.6291,0.9228,0.6798,0.0000,22.0000,benign
5041.6507,12.6025,13.4523,522.5629,4794.5255,82.4219,362.1842,1423.8576,5.6556,320.2354,157.9083,1.3174,1.3489,0.0000,443.0000,benign
4410.3691,18.6796,12.8760,642.4908,4397.5517,36.7497,162.2744,1123.7062,7.4729,159.2972,214.0332,1.0585,1.0017,0.0000,443.0000,benign
330.3747,11.3897,10.3852,1383.0696,4775.0709,100.9788,786.1756,22280.5476,93.4716,212.5449,106.6941,0.7443,2.0355,0.0000,443.0000,benign
2925.2940,12.9600,7.9330,395.4753,5085.4167,35.9641,552.0991,977.6175,6.2619,72.1999,100.4249,1.8118,0.8707,0.0000,443.0000,benign
2005.3228,12.8518,18.3955,1521.8226,10430.9103,152.1554,637.2999,2945.6195,11.5627,226.9149,168.1575,1.3137,1.3594,0.0000,443.0000,benign
3522.9625,7.3672,12.0174,112.1587,5896.0942,13.7009,475.0327,1467.1623,5.4114,227.9502,364.7180,0.8636,2.1139,0.0000,80.0000,benign
1429.1474,7.5077,30.9359,2188.1984,3313.5732,209.8600,151.6962,4146.9975,15.2549,495.5170,80.7177,1.7909,0.8530,0.0000,443.0000,benign
453.3322,5.8966,7.2906,1262.8918,3520.6454,159.4687,327.4766,11478.1897,36.3814,640.8701,259.7578,2.1821,1.2185,0.0000,443.0000,benign
3332.9418,11.6122,26.8147,1158.7655,6628.1909,112.3191,375.0286,3860.2544,12.3837,389.6281,139.3568,1.7828,0.9795,0.0000,80.0000,benign
5915.8070,21.8457,4.2941,1298.6938,4619.1155,69.5291,1877.2224,1629.2546,5.6089,267.4551,252.4523,1.6691,0.8732,1.0899,80.0000,benign
2928.0666,9.9306,5.4795,924.0469,7648.1255,88.8348,763.0098,2063.6008,8.3427,168.6992,381.3784,0.9809,2.0457,0.0000,443.0000,benign
1010.6976,10.6339,13.2429,1578.7267,7428.5989,109.1628,462.1747,9040.0959,24.3985,386.4132,345.2806,1.0417,1.2049,0.0000,3389.0000,benign
4614.1844,11.0150,31.6992,1337.3300,4880.0832,135.1025,205.9540,1754.7981,8.7189,360.4817,292.2465,1.0702,1.0297,0.7681,443.0000,benign
4122.9801,7.2918,30.5602,852.8582,5659.6760,177.7723,281.1095,1466.1769,8.9968,481.9204,346.7775,2.4805,1.2758,0.0000,443.0000,benign
3594.1829,10.5803,15.1782,1266.7528,3751.7457,82.2167,307.7008,1439.6338,6.2708,66.9560,518.9513,1.6982,1.8341,1.1403,80.0000,benign
2408.9800,9.0146,1.6877,678.3829,2978.5439,59.4279,1171.6690,734.2056,3.1375,296.3997,108.0815,2.4101,1.2838,0.0000,80.0000,benign
4254.8560,15.5765,12.6537,1759.3072,3646.0108,130.3817,223.4235,1683.5654,7.5357,171.8248,448.8907,1.7457,1.8222,0.0000,53.0000,benign
2270.6534,3.0564,17.2491,1654.9737,6078.9593,490.0002,253.8567,2435.8349,7.9048,413.4988,289.4257,0.9527,2.1825,0.0000,53.0000,benign
5280.4908,10.2459,2.2086,2375.5624,3761.2808,255.0740,1337.0797,1483.9448,2.9150,281.0760,311.9072,1.8847,1.7167,0.0000,443.0000,benign
0.0000,25.5530,26.5004,203.5274,6394.7161,9.7205,242.7633,390526.0659,3395.2908,137.0824,34.9792,1.0752,2.2991,0.0000,443.0000,benign
5729.5128,16.6365,9.2564,1231.1806,6140.7804,55.8117,842.5080,1505.8008,5.0334,186.3285,291.9410,2.4393,2.3338,0.0000,80.0000,benign
7835.1854,14.1573,13.4583,889.5257,2308.4686,43.7186,100.4097,397.6944,5.1604,326.8149,31.1513,0.9130,0.9578,0.0000,443.0000,benign
3558.2762,11.1719,13.6667,1343.0040,3170.8927,198.5723,209.7805,1140.7828,6.4710,312.6287,174.7722,2.0740,0.9567,0.0000,443.0000,benign
2751.9887,27.0843,13.2315,1962.3737,6362.4919,65.6331,298.8266,3146.4836,12.3982,163.2757,308.2212,2.5792,1.6699,0.0000,443.0000,benign
4094.2528,20.4852,2.5006,634.1370,3064.8298,27.4819,1251.4860,848.8818,4.1565,599.4788,228.2593,2.5951,1.9884,0.0000,443.0000,benign
4549.4679,17.5300,11.3367,1253.3476,3204.9692,88.2487,409.2311,899.6389,6.0146,509.3528,278.0330,0.8666,1.0798,0.0000,22.0000,benign
6416.1945,20.4044,25.1731,1858.6112,7686.3630,68.5553,337.0886,1200.6002,6.3410,296.6308,144.9719,1.9763,2.3450,0.0000,443.0000,benign
3486.0430,10.8097,19.6760,1600.7955,3865.0795,128.1947,179.4500,1695.6002,9.4900,252.6000,244.6763,2.2971,1.0438,0.7962,53.0000,benign
2847.1350,12.3454,4.4262,1118.5909,2091.2146,89.9062,371.9804,1152.3028,9.3036,346.7447,254.5620,0.9690,1.4862,0.0000,80.0000,benign
5556.8776,7.9123,20.5821,1846.5064,5840.5149,137.7869,252.3018,944.3518,5.6329,290.2737,201.3929,0.9260,0.4865,0.0000,443.0000,benign
1976.1629,15.8518,7.3653,948.9712,4943.9117,93.6744,913.5149,3921.6517,9.3083,306.1660,331.4772,0.8124,0.8663,0.0000,80.0000,c2_beacon
1999.4186,2.4321,0.7396,512.1096,5748.3916,196.5551,2996.4065,2883.3966,2.0132,298.3527,331.1486,0.9220,1.2041,0.0000,443.0000,benign
4040.7737,8.5945,12.8473,1027.4074,1560.4552,137.1833,90.1940,499.2841,5.7827,234.7593,334.3523,1.1895,1.9812,0.0000,53.0000,benign
3577.0755,18.0205,12.7474,2208.2923,5677.7699,124.5561,410.1433,1653.1908,8.0059,241.6980,264.7666,2.5161,1.1332,0.0000,443.0000,benign
4509.3476,15.2700,12.4521,785.3990,3827.4802,63.1908,322.2376,1325.4559,6.1355,321.8274,81.9794,1.0623,1.6637,0.0000,443.0000,benign
2301.4629,12.5182,16.1896,1015.1281,8291.3016,63.7743,458.3055,3690.0911,15.6308,397.6295,488.5342,1.0281,1.2488,0.0000,53.0000,benign
2371.1830,19.4188,9.1307,577.6980,6742.9699,29.2714,221.1729,2651.9172,7.8886,206.8127,219.0719,0.8579,2.0978,0.0000,22.0000,benign
9403.5272,18.7146,13.0345,2513.7494,1156.4933,93.6718,113.5007,449.0970,4.0724,731.6520,149.1412,2.0386,1.9762,0.0000,3389.0000,benign
4350.4718,14.4788,8.2506,1237.3973,2037.2883,101.0857,248.0297,513.1866,4.3472,262.6167,294.6441,2.0785,1.7090,0.0000,443.0000,benign
4233.8886,13.3481,10.8307,1736.1793,3581.4217,132.6632,371.6479,2461.1084,10.5219,122.8420,124.0786,1.6582,2.2338,0.0000,443.0000,benign
2986.9289,7.0863,10.8603,1446.1355,3274.9512,210.8869,349.8948,2705.8089,5.7051,404.9904,407.6954,1.4467,2.2286,0.0000,443.0000,benign
5501.5495,14.6941,18.9340,673.2075,3834.8807,45.9870,270.1298,1093.9993,6.6804,219.6354,380.8830,2.7015,2.1409,0.0000,80.0000,benign
3624.8582,12.9656,20.8829,1982.4713,5453.8341,163.7352,157.7515,1476.2485,10.7515,225.9806,69.8524,0.9401,2.3053,0.0000,80.0000,benign
1634.6426,15.6836,23.5879,428.0148,2881.8942,45.8422,69.2852,1943.3395,25.1769,235.5972,401.0908,2.7093,0.8632,0.0000,443.0000,benign
2088.3582,14.6211,19.9398,587.9995,4507.7454,49.2122,251.2064,2019.2422,12.7289,458.5750,155.8642,1.3890,0.8336,0.0000,80.0000,benign
2371.8424,9.0697,5.9405,1129.4170,4750.4454,83.8550,806.8491,3051.4664,10.9658,130.6614,372.5941,0.9562,1.4132,0.0000,443.0000,port_scan
686.5705,17.6154,16.0587,900.6346,2402.9686,71.0816,219.8012,3694.0034,39.5699,101.7407,205.0323,1.1523,2.1430,0.0000,80.0000,benign
3255.9791,21.0643,4.6229,1290.5198,4371.0692,55.6567,620.9395,2335.1026,6.6564,248.2893,106.7114,2.0111,0.4807,0.0000,443.0000,benign
4339.1413,6.4104,9.1177,926.2361,4679.5561,97.9214,275.8583,935.4708,3.1017,317.2394,421.7321,0.6627,1.0384,0.0000,443.0000,benign
2343.9920,3.0773,11.7475,1355.2379,2854.6126,221.1618,214.5308,2366.7406,10.3747,280.8071,335.3212,2.1703,0.9363,0.0000,443.0000,benign
3335.9870,12.8304,14.8386,1369.5989,6096.8644,78.1335,326.2773,1870.5804,8.0093,289.2511,283.0856,0.8285,1.1624,0.0000,443.0000,benign
5748.9607,9.3062,13.3539,1315.3643,3095.0023,154.6999,316.4441,1079.8891,4.5508,216.6952,448.0685,0.7169,1.2443,0.0000,3389.0000,benign
1629.3272,13.9691,4.1386,1238.7400,255.0677,71.6399,30.6935,647.6173,10.6820,129.2451,244.7896,0.8676,2.5237,0.0000,22.0000,benign
4100.9523,3.1096,19.2195,1300.2582,3527.8127,281.0464,261.1764,1066.9171,4.8787,151.6048,260.5795,1.2015,1.6371,0.0000,80.0000,benign
3684.5402,4.4008,14.8030,1091.8222,3037.6327,364.6060,250.6312,1278.8263,7.3914,155.2151,205.4815,0.8205,2.3495,0.0000,443.0000,benign
2981.1537,10.5364,21.6086,964.6589,4989.3843,82.9192,212.0803,2267.8836,20.9846,244.5847,195.0950,2.1811,1.1322,0.0000,443.0000,benign
4604.9649,8.2901,24.0112,1470.3023,4055.1716,156.6125,206.8802,1444.4494,3.1352,305.6165,364.5637,2.2851,2.7276,0.0000,443.0000,c2_beacon
2893.6116,10.2472,13.4261,1811.4366,3660.7578,151.7021,198.4258,885.2725,5.5537,140.0355,0.0000,2.2990,0.6660,0.0000,80.0000,benign
4684.0452,18.2236,15.8843,1295.1256,5443.7631,57.9796,377.5113,1373.7332,8.4025,339.2020,164.3589,2.6956,1.0846,0.0000,53.0000,benign
2779.1622,21.7433,8.5350,1387.4498,2992.0701,143.8842,415.5780,530.4023,5.9926,162.4202,216.9358,1.7730,0.6211,0.0000,80.0000,benign
2410.9867,16.4053,13.3134,936.4159,3460.6988,45.7438,195.6657,958.1487,10.9833,467.5980,297.8865,2.0852,1.6568,0.0000,443.0000,benign
6680.5958,4.6868,10.0763,1943.6719,3650.8937,312.9022,407.0329,937.8237,2.2457,90.6400,255.2509,1.4046,1.4933,0.0000,443.0000,benign
4718.6182,16.2443,17.9405,1271.7616,7344.6073,77.3917,380.0690,1385.6697,6.8375,477.7185,96.6942,0.8337,2.1191,0.0000,22.0000,c2_beacon
2911.2740,1.2765,12.8040,1466.3709,7137.0524,887.4264,645.0921,2135.3419,5.2915,120.6035,188.0957,1.0806,2.4549,0.0000,443.0000,benign
5889.1503,11.1406,9.9061,1569.6329,0.0000,107.1646,0.0000,248.2801,3.5838,290.3042,152.4687,2.5100,2.0343,0.0000,80.0000,benign
2149.1321,19.1958,12.6891,959.5627,2519.2192,45.4113,258.9405,1499.9219,7.0604,408.7505,366.2872,2.3706,1.3011,0.0000,80.0000,dos
3125.3480,9.9790,14.5955,241.1399,7149.1343,30.8469,308.8896,1898.3531,8.3371,422.7463,291.6559,1.2243,0.8894,0.0000,22.0000,benign
2289.3985,3.3791,22.9218,1153.6762,2510.2450,284.9122,126.1912,1444.4885,12.6599,0.0000,424.0543,2.0758,1.8667,0.0000,443.0000,benign
47.4109,7.3323,21.6245,1658.4864,5403.4175,157.0094,157.4008,126255.6127,443.7775,275.3746,311.9580,0.8942,2.8891,0.0000,22.0000,benign
2399.8749,7.5074,9.2927,1254.5939,4559.3195,131.4648,453.8700,1765.1988,7.9602,199.6723,249.6224,2.7309,2.5063,0.0000,443.0000,benign
3286.8693,3.0024,25.4693,1424.6564,5939.3346,494.4092,332.2108,3012.0029,4.6442,233.2125,164.3936,2.2771,1.8375,0.0000,80.0000,benign
3880.2189,16.5407,11.7643,619.1467,4356.1243,75.9852,331.5569,1605.8812,8.0992,349.6449,268.1154,2.0315,0.8012,0.0000,80.0000,benign
3194.3721,12.8528,14.5151,1261.9026,10509.1199,84.1700,582.0002,1768.8235,7.1894,338.8010,159.6791,1.7736,1.1151,0.0000,443.0000,benign
1813.6765,12.4913,13.3712,550.2511,6841.2735,52.8001,895.3780,4327.1377,11.5076,332.5642,154.5510,1.6412,2.4024,0.0000,443.0000,benign
3773.5109,16.0985,21.3023,731.8311,5841.2148,40.1670,300.6887,1579.7533,11.4222,291.0655,398.8402,1.1441,1.9543,0.0000,80.0000,benign
3600.9454,14.1723,15.7529,1393.6256,6417.0626,62.6503,347.9554,3083.3800,12.3722,302.9146,358.9005,0.7950,2.0094,0.0000,443.0000,benign
4512.7343,10.1205,25.1492,1067.6074,3341.4113,121.6668,109.7664,846.4029,9.7565,129.6130,249.7545,1.6254,0.9927,0.0000,443.0000,dos
4019.3702,17.3631,7.1256,163.2367,3426.7674,13.8422,234.5926,1017.7133,6.6756,336.1941,0.0000,0.8309,1.1837,0.0000,22.0000,benign
5009.7549,8.0789,23.6277,731.2900,2271.9225,100.4169,81.6754,406.0551,5.6449,410.3850,362.4772,0.8639,2.6679,0.0000,443.0000,benign
5501.7716,3.0833,23.2785,455.1666,6996.7529,63.8451,263.1158,1762.6384,8.3827,210.2534,145.1420,0.6974,1.9581,0.0000,443.0000,benign
3606.7633,11.4281,18.2059,116.7406,7184.4803,14.4745,433.9826,2140.5433,8.5197,141.9385,314.3210,1.9067,2.3022,0.0000,443.0000,benign
988.8730,9.2267,11.2983,1668.6193,5954.7583,188.2007,594.7036,5362.0849,15.9981,63.7502,196.3969,0.9009,2.3990,0.0000,53.0000,benign
4894.6687,14.1668,4.7593,1458.5930,3917.5907,102.7277,714.6917,932.9282,3.8482,347.8683,406.9635,1.7052,1.5980,0.9187,80.0000,benign
3356.4831,18.8072,2.2904,965.0279,4005.2844,49.4764,3069.8946,1372.3438,6.1640,457.8890,185.5502,0.8695,0.9810,0.0000,443.0000,benign
1220.7263,12.2356,15.6668,1319.9700,4127.3404,50.2122,345.2482,3188.7763,20.2702,258.5733,211.4145,2.0163,1.0966,0.0000,80.0000,benign
5612.4906,9.2466,11.9938,625.1884,8108.7148,72.7015,527.9689,1587.0274,2.5482,158.4077,267.3624,1.3453,0.8376,0.0000,22.0000,benign
3667.6892,10.8811,16.2337,876.3536,7202.2755,138.0512,684.3030,2417.2406,7.5861,313.1867,116.3478,1.6885,1.4014,0.0000,443.0000,benign
2842.9895,5.4822,14.5985,958.1720,6262.0127,149.7675,546.7556,2455.0616,7.6901,136.1368,40.1653,2.0053,1.1015,0.0000,80.0000,benign
4628.2894,2.1444,10.0557,980.5099,4173.7123,562.3698,396.1882,1475.3322,4.0598,331.6982,93.1497,0.9930,1.1549,0.0000,80.0000,benign
3040.3432,5.7445,26.1807,687.9581,339.0375,111.0882,20.0924,364.9814,13.0233,252.9365,198.0538,0.9121,1.7304,0.0000,443.0000,benign
2481.9924,7.9649,21.9558,1061.3027,4573.5795,75.5888,213.3479,3299.2438,13.4647,234.0336,192.3587,0.9135,1.2984,0.0000,22.0000,benign
4882.9242,8.7032,10.9379,1176.2965,2108.2261,121.2992,197.2095,507.6351,3.8665,416.8405,124.7780,1.9669,0.9342,0.0000,22.0000,c2_beacon
2481.9178,5.9831,15.8942,1256.2934,3188.7828,171.3925,229.6626,2537.2621,12.2550,261.5626,141.0139,0.9486,1.2355,0.0000,443.0000,benign
4178.0060,12.5544,11.6661,1811.2304,657.5192,165.5995,51.3608,569.2260,6.6738,225.4325,161.3241,1.8870,1.9509,0.0000,80.0000,benign
3253.5324,18.7989,5.2006,1566.4349,3968.6727,104.2340,915.1430,1589.9456,6.1885,193.2197,216.4236,1.9767,1.3075,1.2108,443.0000,benign
2914.1920,0.0000,15.6883,1417.4955,4999.1211,1722.9803,299.9268,927.2753,6.0609,402.8220,194.8320,2.7424,0.7803,0.0000,53.0000,benign
1548.0040,13.3951,7.7437,404.0807,6524.9087,35.8298,1097.5317,3749.6674,8.9767,204.0359,156.5354,1.7933,1.5687,0.0000,3389.0000,benign
0.0000,5.0532,15.2026,611.4550,4320.8856,134.0705,241.7896,292598.3277,3080.7916,221.4402,244.8196,1.1237,1.0750,0.0000,53.0000,benign
1983.0855,7.9017,15.9670,972.4144,3341.4928,153.2562,228.2680,1907.2187,9.1495,107.0753,277.1044,1.6783,0.7360,0.0000,443.0000,benign
6924.9032,16.0445,8.5474,451.7421,7823.2762,17.8450,903.2522,825.0481,4.1307,207.8802,393.4722,2.4030,0.7382,0.0000,443.0000,benign
3565.2955,1.0596,4.6349,1185.0806,7681.4442,1096.4099,1137.7998,2387.1055,1.9067,71.5504,347.9983,2.5865,2.4096,0.0000,80.0000,benign
5472.6242,12.4260,6.9642,867.0525,3144.1021,62.3467,185.1177,743.1005,4.6938,200.7169,620.0531,1.7534,0.8615,0.0000,443.0000,benign
3297.2538,11.2579,17.3464,970.7993,11845.9015,60.2668,601.5228,2146.2796,4.8858,460.4998,217.4810,0.8749,1.4087,0.0000,3389.0000,benign
2479.1133,12.0101,15.1250,1067.4711,5547.6122,113.1937,227.3831,2112.9248,11.6258,478.5497,196.9635,2.0388,2.0298,0.0000,443.0000,benign
2114.5050,9.8810,10.2971,465.9982,3425.5774,35.2953,325.3743,1908.7397,5.5474,340.8125,379.2213,2.2423,1.0097,0.0000,443.0000,benign
2296.9342,19.8807,15.1534,516.4431,4695.2012,23.6400,357.1202,2127.6508,12.9696,421.1833,160.7901,1.0405,1.0843,0.0000,22.0000,benign
3348.9899,5.7061,11.6921,537.6827,3664.9542,138.8287,209.3336,1086.2943,4.7843,303.1855,9.8580,1.7976,1.6345,0.0000,53.0000,benign
4006.1060,9.5850,12.3792,770.4232,4704.9904,122.0646,426.5074,1632.3787,5.3814,283.5679,299.4713,2.3719,1.4669,0.0000,443.0000,dos
5442.7798,5.2446,14.4158,1575.8610,8854.9410,330.3313,533.1654,1897.6671,2.8362,465.1605,245.2083,1.6430,1.0588,0.0000,443.0000,benign
5557.2851,22.5610,24.2390,1178.2341,7143.4719,89.2614,236.4058,1121.7059,7.3950,375.0120,177.3970,1.1913,2.3656,1.0571,80.0000,benign
2306.9896,14.0616,7.7744,2423.9527,5511.8600,163.4549,605.2954,2825.0867,4.8685,365.0611,256.1872,1.4515,1.9629,0.0000,22.0000,benign
3443.3255,16.0960,18.9910,1388.0777,6280.1798,48.1079,630.7835,2866.6093,9.7650,148.4508,370.0596,1.9388,0.9490,0.0000,443.0000,benign
2513.8728,7.3598,5.8261,0.0000,4062.7189,0.0000,430.0783,1565.2664,6.5877,381.2461,271.2765,1.1698,0.9200,0.0000,443.0000,benign
3095.5830,14.4910,12.5527,1069.5251,5060.6240,55.7219,437.7119,1703.9891,9.9577,307.6941,221.6895,1.1360,0.9186,0.0000,22.0000,benign
1537.0321,5.8388,15.8859,798.1085,4561.1489,169.5451,282.9345,3626.6275,13.9785,195.9851,207.6968,0.6665,1.3623,0.0000,443.0000,benign
6936.5001,22.5356,14.5018,842.7482,3933.9869,51.9296,248.4838,495.2471,6.1496,27.7079,228.4467,2.1754,0.6251,0.0000,443.0000,benign
5845.7928,9.9514,16.3470,948.2415,4534.2281,47.5613,197.8259,513.1741,4.2572,409.5989,312.5597,0.7296,2.2638,0.0000,22.0000,benign
2415.0593,7.9725,12.4540,1524.3936,5081.1328,151.6030,248.4740,3194.1592,8.3244,205.8363,369.7551,1.0476,2.3146,0.0000,80.0000,benign
5523.8469,5.5916,1.1387,1317.0380,4459.0835,282.0832,3961.6599,958.9211,0.5451,46.0616,102.1656,2.4180,0.9096,0.0000,80.0000,benign
2396.0485,7.3018,5.3186,2527.4969,5200.3827,360.5733,881.3886,1823.0331,3.6981,108.9048,451.4616,1.8842,2.1347,0.0000,443.0000,benign
2252.1258,3.0998,16.4832,1489.0498,4281.3732,589.0896,291.8279,2429.0987,8.2173,196.6094,130.1425,2.2233,1.1365,0.0000,443.0000,benign
3769.9893,19.9313,11.5514,996.7381,5073.5663,22.0303,330.4108,1860.5973,8.4240,57.2982,272.6707,1.0556,1.1087,0.0000,80.0000,benign
2187.4682,3.1803,7.9426,123.1839,4604.7397,35.4243,1173.1385,3540.6107,7.5527,118.2740,140.1562,0.8845,1.1990,0.0000,22.0000,benign
2025.2283,12.0641,25.2601,1268.6230,4298.4514,81.2294,151.8342,1996.6857,11.8422,441.6663,334.7107,1.8945,1.6598,0.0000,80.0000,benign
1907.7430,26.8584,4.3235,1204.4143,5722.1070,63.3875,1998.3831,2716.4480,8.8160,376.8461,1.2793,1.0845,2.1826,0.0000,80.0000,benign
5234.9311,14.1807,14.7098,1393.3262,5842.3606,118.9478,314.6354,1765.4435,6.9201,516.2742,465.8071,1.1418,1.0650,0.0000,443.0000,port_scan
1512.7580,14.4390,16.3775,1049.5406,4651.6033,122.6425,320.2400,5090.2068,21.7196,622.3948,210.3697,0.8640,1.1152,0.0000,443.0000,benign
2880.9873,21.9403,12.3342,1307.4282,4673.2453,78.8568,406.3482,2273.4662,11.0885,233.3060,188.2608,0.9922,1.1302,0.0000,22.0000,benign
4771.4802,19.4827,20.3321,555.9178,6228.2401,62.2788,376.4001,2363.9386,7.5625,338.8606,185.4839,0.7519,0.8888,0.0000,443.0000,benign
4166.4938,12.5253,26.1531,900.2131,2412.0241,80.1572,117.4862,683.7304,10.2375,443.1178,181.4523,1.0565,1.1298,0.0000,443.0000,port_scan
2636.5212,16.4772,2.4709,145.7236,7187.5773,7.0406,2529.0696,1784.6713,5.2669,212.3739,204.0099,1.1750,1.8836,0.0000,80.0000,benign
2829.3297,12.4345,18.2037,947.1307,6215.7156,57.1263,423.8269,2550.9320,5.4838,125.3421,551.3336,0.9846,1.8473,0.0000,443.0000,benign
3452.5590,3.9129,21.4806,595.0672,6132.7531,118.2639,257.7017,1616.6772,7.4210,282.6999,225.5011,1.4622,1.0530,0.0000,22.0000,benign
3216.6361,14.3081,22.3046,819.2689,6730.6045,72.7010,277.6243,2494.7284,16.2007,322.8407,226.8443,0.9328,0.9655,0.0000,443.0000,benign
3931.8013,14.8900,16.9525,1077.2622,4194.5099,134.9595,247.1302,1158.9358,6.4084,286.0168,175.8791,2.2416,1.0667,0.0000,80.0000,benign
4165.3152,1.5665,10.4650,472.5205,9330.7945,383.6264,909.5622,2414.0260,2.7259,139.8467,192.5392,1.1413,1.2425,0.0000,3389.0000,benign
4798.8703,5.1019,19.7266,605.2238,3775.0509,73.9686,218.5892,1059.2181,6.4908,114.2541,251.5683,1.2541,2.1937,0.0000,80.0000,benign
0.0000,13.7861,25.8629,2383.0546,4161.5402,184.4511,146.5172,526800.4716,4288.8400,363.9830,386.8354,1.3772,1.1529,0.0000,80.0000,benign
3653.4412,12.3672,10.8626,929.7942,7054.7136,85.0815,507.4653,2557.0662,6.3702,100.9139,73.2102,0.7962,0.9163,0.0000,443.0000,benign
4442.9694,5.9256,17.8908,1739.8403,3872.2253,248.4061,487.6790,2003.8727,5.8608,481.0047,192.4932,1.1678,1.3777,0.0000,22.0000,benign
1825.3394,11.3072,14.3772,2063.8145,5637.5019,138.6743,262.3100,3366.4937,13.2915,693.1901,286.2525,1.8937,2.0073,0.0000,443.0000,benign
1905.2652,11.5761,8.1064,464.6700,7768.8983,51.1472,448.8461,4546.5935,14.5341,136.2440,0.0000,1.7161,1.2992,0.0000,80.0000,benign
1637.8848,9.3207,24.6647,1380.7315,5414.7395,154.2321,253.3807,2850.0453,11.8411,397.9242,172.0110,1.0578,2.1451,0.0000,80.0000,benign
9806.7813,13.3554,12.9615,687.4501,4659.1620,77.7461,463.7092,886.7261,4.4557,41.2442,145.1061,0.9492,1.7844,0.0000,80.0000,benign
5599.0835,14.5019,7.1194,292.1728,4872.8233,39.2428,642.9282,935.0105,3.0849,537.1964,357.3349,2.8562,2.2070,0.0000,3389.0000,benign
3097.1253,11.4923,5.8124,1369.0167,2483.4227,137.2776,407.6900,904.0240,3.5482,193.8255,299.5889,2.4805,0.4114,0.0000,22.0000,benign
4085.3379,13.1438,18.3106,270.6411,4230.2951,37.4728,326.1303,1600.4295,4.3007,177.1502,108.7879,1.8378,1.5148,0.0000,80.0000,benign
1012.8348,16.7282,18.5944,1431.4040,7063.1105,85.1841,438.8583,5872.0636,29.6552,187.5429,277.9477,0.9894,1.2033,0.0000,80.0000,benign
3420.7575,6.4318,14.6575,981.9724,3668.6365,168.9500,273.3823,2733.7994,5.6012,207.3009,210.9213,1.3119,0.9314,0.0000,443.0000,benign
1542.8466,11.3442,20.2691,1445.9434,8201.2921,126.0918,255.3988,7214.9123,19.9608,244.0045,147.8075,0.8695,1.2627,0.0000,443.0000,benign
5517.7873,18.1719,12.2733,2169.8411,6922.2795,132.9297,468.0314,1242.9686,4.3490,261.5970,477.2071,1.0913,1.5871,0.0000,80.0000,benign
3147.7525,21.2376,9.3217,1937.0173,6797.3378,75.0336,620.8655,2893.2028,10.4830,332.3543,177.4543,1.8438,1.1800,0.0000,443.0000,benign
3154.0369,12.3014,13.4571,190.8964,3572.1672,15.7861,346.7004,1207.6104,8.7972,430.0095,270.7077,0.7224,1.9543,0.0000,443.0000,benign
4460.3586,12.1391,12.7835,99.9091,212.7369,6.7645,17.6035,72.5947,5.3679,301.2034,293.5618,2.1578,2.0230,0.0000,443.0000,benign
3269.5653,7.4621,14.3516,1827.7542,4684.1895,232.1277,334.4898,1802.0738,10.0904,580.2416,407.8963,1.1502,1.6037,0.0000,80.0000,c2_beacon
1475.0296,18.6378,5.6881,1495.3739,9738.3486,75.3977,1216.3731,6424.9087,10.8439,250.1610,178.2796,2.1984,1.0239,0.0000,443.0000,benign
997.7122,12.8965,13.7649,1576.5702,7756.3720,58.5950,591.0401,9893.0126,29.5414,266.1080,506.2310,1.6580,1.0671,0.0000,443.0000,benign
2750.3183,6.2427,20.5383,939.0423,4319.6446,202.6993,199.3646,1954.5887,11.4436,471.9194,188.2804,1.8100,1.7921,0.0000,80.0000,benign
1810.7086,11.1911,23.4325,1479.3589,8024.7648,129.5212,320.9932,4436.0487,17.5510,148.8210,223.4184,2.0219,1.1966,0.0000,80.0000,benign
4896.4716,14.5179,10.3891,2238.7486,5057.4140,126.6044,507.8641,1930.6781,5.1071,305.8738,349.7614,0.8164,1.0927,0.0000,80.0000,benign
3352.9487,9.7179,7.9401,1745.0752,5861.2299,89.4515,627.0224,1529.4339,4.7517,447.5207,165.0101,1.1213,1.7425,0.0000,443.0000,benign
4696.2477,10.6891,26.1598,886.7810,3960.2896,139.0699,178.6358,1152.1860,8.6921,362.5953,226.4285,1.6097,2.0324,0.0000,80.0000,benign
3746.6518,6.4927,17.9474,592.6328,1880.7678,134.7729,128.1537,633.4719,5.4716,174.3212,289.8596,1.9810,1.1452,0.0000,80.0000,benign
4511.1982,11.4329,28.4925,780.5740,3455.0510,46.4556,212.0718,1489.2908,7.8511,393.5117,178.6879,1.7309,1.0252,0.0000,80.0000,benign
2928.1574,8.9424,16.1149,944.0599,2500.2651,86.1204,177.0092,1628.0851,10.1037,86.8932,144.0738,2.5516,1.9737,0.0000,80.0000,benign
4749.7669,13.4659,24.5205,711.9867,4545.8921,49.0217,184.3832,995.2066,7.0821,196.9264,239.2953,1.8192,1.8020,0.0000,22.0000,benign
4765.2453,12.6671,6.0442,1487.6407,4098.6286,147.9529,867.0674,1181.2205,3.9727,506.7405,277.2818,2.3225,1.5433,0.0000,3389.0000,benign
2422.3180,15.2014,10.3587,1455.7974,4612.5499,91.9016,481.1690,2829.6145,15.0120,227.0446,193.5337,0.8470,2.0213,0.0000,443.0000,benign
7805.0430,5.3551,11.8562,1055.7298,3309.8795,118.6155,247.9971,681.2732,3.7700,73.8300,345.2684,1.9223,1.0969,0.0000,80.0000,benign
4457.5445,0.0000,17.2708,2567.2777,10637.7834,1633.8450,446.1777,1809.9779,4.0551,191.9146,4.8750,2.2138,1.1729,0.0000,80.0000,benign
2111.3376,15.7326,25.5518,2027.5686,3647.1179,97.7576,163.7359,2602.8347,12.9184,138.5868,189.2806,1.7114,1.3901,0.0000,443.0000,benign
4221.7439,13.5698,20.1801,106.6333,634.5474,34.2243,41.6752,196.7731,8.9116,99.1741,330.2221,1.6032,0.9888,0.0000,3389.0000,benign
2124.9258,18.4494,25.9937,592.7704,6116.9144,26.7676,266.1707,2792.6968,12.2670,360.5669,199.0616,1.8657,1.8394,0.0000,443.0000,benign
4415.4329,7.4239,15.2839,1766.4564,8520.8651,166.3440,500.7802,3642.0787,6.8335,280.4871,164.7400,1.3707,0.9362,0.0000,80.0000,port_scan
4112.6077,14.1862,14.5895,750.5370,6212.2671,36.0771,416.8123,2277.0735,9.7239,186.9546,325.8854,1.2011,1.7923,0.0000,443.0000,benign
8853.3497,16.4993,22.5406,1139.6072,6148.3283,81.1425,296.3525,1162.6506,3.3364,178.9274,190.5680,1.9935,2.2806,0.0000,443.0000,benign
3174.4528,4.2075,5.9914,692.8269,2175.4535,85.2392,524.6665,899.4674,2.2405,342.3277,247.1761,0.8311,1.9839,0.0000,80.0000,benign
3710.3734,10.4870,11.5609,1643.6188,5188.0660,128.9129,585.5795,1358.5890,6.2034,658.8162,148.9444,1.1015,1.1502,0.0000,443.0000,benign
3813.2745,10.1766,14.2602,1047.0801,5927.9742,96.4626,553.9757,1287.7222,5.8811,361.4154,396.0103,0.5432,1.2026,0.0000,80.0000,benign
1902.6697,9.1682,19.6715,2288.6833,6703.2290,136.3214,340.6356,3648.8574,13.7055,272.7864,328.0347,1.8099,2.1781,0.0000,3389.0000,benign
5383.1645,11.0868,10.6483,1417.0344,5003.3341,88.6417,511.5325,811.9773,5.6235,35.2634,253.3057,1.1317,2.2342,0.0000,80.0000,benign
3026.0407,8.0824,7.5961,505.6607,6284.8289,49.7010,620.3325,1485.6918,5.0395,205.3617,207.4727,0.6940,0.9656,0.0000,443.0000,benign
4361.2631,4.3622,5.9892,1741.5342,5261.4046,294.3026,588.6659,2422.7108,3.5864,293.3642,189.5474,1.5639,1.7459,0.0000,80.0000,benign
0.0000,2.6103,10.6418,1049.9233,5936.1291,426.9960,660.5233,746913.6820,1386.9829,242.7224,239.5127,2.3316,1.1190,0.0000,22.0000,benign
3077.3798,18.0971,17.8532,1129.3091,4807.6201,50.1078,325.0856,2229.0684,13.4984,319.7968,54.8248,1.3796,0.8660,0.0000,22.0000,benign
1973.0333,16.2009,14.2235,1960.6593,2661.5244,169.5992,177.5455,2294.2635,13.3128,119.1346,350.1708,1.1142,1.1828,0.0000,443.0000,benign
6042.2806,10.7605,24.5998,0.0000,10457.2739,0.0000,325.4091,1182.2318,7.0976,82.1746,442.5109,2.0813,0.9276,0.0000,443.0000,benign
3048.4725,17.2472,6.4741,798.1669,3915.2296,41.3640,514.9258,1843.4752,5.5678,0.0000,308.6103,1.9446,0.9243,0.0000,443.0000,benign
2579.9969,3.3508,27.5108,1531.1480,4653.6983,198.4074,258.7783,2482.8570,10.0327,40.2303,161.5012,1.0872,1.8906,0.0000,22.0000,benign
1879.0959,4.3177,38.1638,447.6292,2921.7777,121.1210,128.2871,1360.9682,11.8793,234.0326,110.9207,0.9235,0.9448,0.0000,443.0000,benign
1906.3928,3.7240,18.0966,2207.9118,4942.1117,464.9114,128.2345,2348.8796,11.4773,367.7346,288.2647,1.0015,2.4161,0.0000,80.0000,benign
5379.0024,7.0166,11.9289,1626.3330,6075.3345,224.4363,359.6677,1047.6750,3.6395,254.6452,149.7703,2.1047,1.9740,0.0000,80.0000,benign
2965.6041,16.9027,8.6714,1773.2535,6013.6044,99.9927,659.9820,1532.8815,6.1123,230.8240,242.1401,1.1889,0.9849,0.0000,3389.0000,benign
738.8797,7.0976,16.1777,594.4798,4413.8862,133.1653,178.0639,8908.0954,39.2556,284.3578,181.4645,1.0469,0.7466,0.0000,80.0000,benign
4959.6584,10.5720,6.6228,1235.7329,3200.4667,109.8991,357.6754,1109.0835,3.8152,337.7888,207.5631,1.0741,1.5758,0.0000,443.0000,benign
4757.1744,15.1335,7.8776,1154.4328,6574.3710,69.1584,1262.7775,1208.3291,3.6138,167.4914,116.1080,1.5092,0.7386,0.0000,80.0000,benign
3113.5629,13.0260,2.4557,665.2563,7469.7067,37.9066,2148.1754,2512.7840,6.4179,273.9507,249.1008,2.0567,1.9791,0.0000,53.0000,dos
3552.6686,18.5362,18.5182,1496.2115,3951.9903,105.8289,149.9514,1857.8333,12.0043,425.7506,354.8646,2.3968,1.7185,0.0000,80.0000,benign
2864.4788,11.5071,24.1461,962.5123,8684.4115,83.2512,474.5281,2491.9353,9.2555,301.2182,230.4608,1.2220,1.3249,0.0000,80.0000,benign
3796.5869,20.9444,17.5346,1864.2994,2884.4500,47.8386,274.7920,1442.4180,11.8270,259.8043,4.3875,0.8783,2.3535,0.0000,443.0000,benign
2806.0061,5.6721,13.7606,801.2928,2793.2214,107.5593,192.5536,1251.3954,9.3639,273.2233,51.6831,2.0389,0.8714,0.0000,443.0000,benign
4256.3389,5.7717,28.6453,1469.6062,6767.5100,249.8396,249.1492,1412.3455,7.5536,346.6502,256.7071,0.8195,1.3646,0.0000,80.0000,benign
4902.3321,7.0578,6.4205,1139.6747,3532.4749,169.5249,653.6800,968.0725,3.6729,178.7618,339.9908,0.7619,2.0491,0.0000,80.0000,benign
4012.7676,5.1237,16.0670,1239.3839,0.0000,209.5077,0.0000,366.1414,7.1454,252.3039,314.5482,0.8638,1.9119,0.0000,3389.0000,benign
4448.1483,17.8349,17.9391,474.0158,2419.7308,33.6474,120.3746,810.7683,9.1834,373.6872,105.4094,1.7442,1.4232,0.0000,443.0000,benign
3617.2981,6.7550,18.3073,2254.2152,5674.4029,321.0787,278.6096,2850.3209,12.2416,188.9305,310.9490,1.8470,1.9042,0.0000,53.0000,benign
5934.4846,8.8576,19.4686,664.9193,7579.3908,44.4503,371.9438,2058.6760,6.1231,213.2037,146.9636,1.7589,2.0673,0.0000,443.0000,benign
1154.9618,8.6147,12.1577,553.3880,4636.7728,50.2943,267.8357,3786.1668,8.5033,206.5767,302.5946,1.7405,2.4017,0.0000,443.0000,benign
5238.5590,14.8811,10.1008,1379.3874,4578.2732,149.2728,505.9111,1216.9641,5.9341,510.1755,216.9498,2.0345,1.0487,0.0000,443.0000,benign
2937.4927,16.9463,16.5433,1071.5743,6557.4787,58.5152,341.0178,3006.1722,8.0570,118.3440,264.5530,1.6356,2.0339,0.0000,80.0000,benign
2355.3883,7.8270,14.9923,581.0364,6576.2443,40.0028,424.1466,2361.8515,9.3284,178.3296,247.2715,1.2107,1.8587,0.0000,443.0000,benign
5469.3334,8.6263,10.6227,2342.1515,3808.6995,156.7529,259.2546,962.0620,4.6860,209.1828,150.9237,2.1236,1.0360,0.0000,80.0000,benign
4867.3974,5.8319,16.7192,1535.1978,5077.0540,212.5257,313.9187,1463.4055,6.4677,96.2131,275.0564,1.9092,1.7480,0.0000,80.0000,benign
2304.6175,16.2955,25.6170,1196.5260,7055.0768,97.3326,308.4016,2666.0601,13.0277,340.4844,309.9265,1.5253,0.8154,0.9833,80.0000,benign
3201.0623,6.8577,21.6397,1399.4491,5908.8234,153.4060,293.8595,1496.0967,5.1817,259.9709,105.0693,2.1506,1.2791,0.0000,22.0000,benign
3733.1586,19.9449,22.3282,510.5974,2721.5129,52.9803,117.9225,986.4360,8.6817,367.1314,201.0299,1.0787,2.0855,0.0000,22.0000,benign
1714.1612,16.1148,11.7173,285.0381,5952.1854,16.9078,298.2306,5840.7868,14.0909,270.8894,205.3119,0.8530,2.3312,0.0000,80.0000,benign
2033.0180,15.7471,17.0875,1027.9990,4913.7861,58.7273,312.6611,1975.6042,13.3621,146.0300,351.0915,0.7705,1.3536,0.0000,3389.0000,benign
0.0000,12.7735,18.8254,345.9370,6800.2596,25.3375,272.6069,535629.7881,3122.9276,194.1532,146.2592,0.9089,2.2608,0.0000,80.0000,benign
2638.1792,17.4748,17.3695,744.6460,4655.5654,43.3973,331.1186,2246.2064,9.4620,67.3124,169.0473,1.2066,0.9012,0.0000,80.0000,benign
3639.9418,3.4100,21.1054,1854.3623,2481.1233,465.3486,219.8967,1515.0103,4.3133,65.0286,277.9855,2.3594,1.2336,0.0000,80.0000,dos
5528.7690,9.6932,3.9965,1318.1329,5714.7817,137.4030,1160.7754,1049.2908,3.1838,322.6814,539.2577,0.7748,1.0590,0.0000,80.0000,benign
1215.6576,8.2147,10.4390,1380.0478,8349.4792,105.1496,976.2722,5458.5923,10.3472,406.1782,226.5845,2.6046,2.6347,0.0000,443.0000,benign
2437.5661,3.0995,11.7987,603.9336,6481.7637,152.3827,373.6714,2684.2866,7.7746,665.0819,181.9646,2.2422,1.0534,0.0000,80.0000,benign
4213.2793,14.5273,17.3194,2219.6051,5338.6475,92.8924,206.1293,1580.0374,6.8870,199.4491,296.6996,0.9877,1.0697,0.0000,3389.0000,benign
6095.1026,17.6707,16.8130,705.9521,5961.6049,48.5747,419.6903,934.1618,5.7881,576.0553,302.5267,0.8232,1.1431,0.0000,443.0000,benign
2693.0156,16.2287,0.0000,956.8442,2584.4901,55.9106,3250.6494,1140.2227,4.4420,438.0905,207.6296,1.1156,2.5070,0.0000,80.0000,c2_beacon
3012.1840,16.5401,14.6634,404.3317,6203.8311,14.8487,451.3475,2062.3772,5.0013,159.9993,181.2742,1.7693,2.4447,0.0000,443.0000,benign
1715.8903,4.9940,10.2804,1417.7696,2825.8877,279.7494,273.1022,1773.6015,8.6881,63.7444,153.3746,1.2564,1.0425,0.0000,80.0000,benign
3320.5450,11.6333,18.8798,1060.9695,5356.6201,122.4543,227.8792,1713.4750,10.5389,265.8384,239.7981,1.2631,2.6335,0.0000,3389.0000,benign
4727.0504,16.5646,14.0603,893.9731,7330.9308,96.7009,375.9172,1491.8861,8.0046,239.9196,261.3108,1.9374,1.1926,0.0000,80.0000,benign
5026.8051,7.9694,6.5827,797.9688,6016.0953,134.2913,811.4285,2316.0477,3.2210,50.4003,299.7769,1.1770,0.9723,0.0000,443.0000,benign
1698.6189,15.3991,14.9126,1076.0113,5223.6679,112.0877,328.3744,2377.4402,10.9389,498.8456,295.7774,1.0581,1.9016,0.0000,80.0000,benign
4034.5507,9.8354,21.6769,2313.7674,4560.3419,222.4803,204.2204,1797.3692,9.2125,303.3554,287.2777,0.9379,2.3319,0.0000,443.0000,benign
4876.8181,10.7659,19.8098,1190.1093,3981.6137,84.1071,264.4820,1162.9935,7.8120,280.8825,237.1370,1.7182,1.0753,0.0000,53.0000,benign
744.7615,14.2552,17.1028,1235.6795,10024.9266,74.6302,471.3310,14141.1521,30.5976,346.8213,316.4904,1.0531,0.9568,0.0000,443.0000,benign
2928.0589,15.5136,24.1070,1509.4920,5681.4128,78.8219,323.7064,2289.2838,7.9360,222.7823,161.1729,1.0250,0.9060,0.0000,443.0000,benign
1063.6773,2.7948,13.0047,1026.9246,4322.3153,570.5554,352.2433,7197.3868,14.2284,166.5732,56.4795,1.4535,1.1787,0.0000,80.0000,benign
4322.8788,9.7443,14.8211,500.2265,3623.5288,43.5773,294.9941,1548.2325,6.7465,124.6163,78.8323,0.6809,0.9933,0.0000,443.0000,benign
3292.5071,12.1922,11.8821,1403.4180,0.0000,58.7039,0.0000,325.3339,8.2925,151.7247,192.1633,1.2348,0.6976,0.0000,443.0000,benign
5889.8263,2.0467,7.3133,812.2788,10165.2585,503.4657,996.7758,1906.8214,1.9496,483.0056,215.9959,1.0979,0.7785,0.0000,80.0000,benign
3328.0226,0.0000,26.6446,476.1597,5702.0478,355.0010,231.2574,1566.5570,7.1557,266.6862,375.1309,0.9522,1.3201,0.0000,53.0000,benign
5348.5739,8.9096,10.2439,1279.9190,6029.4905,108.9042,509.3931,1796.0813,6.7911,292.7098,360.8128,1.0516,1.2035,0.0000,443.0000,benign
6003.0391,15.1253,12.2261,883.0123,9564.0724,51.2145,907.0260,2078.7445,9.7344,206.1090,0.0000,2.6760,2.4841,0.0000,443.0000,benign
5625.0118,9.0934,21.1658,892.6876,6969.4931,51.9299,590.1101,1793.7350,6.5707,100.9696,177.9260,1.8955,2.4750,0.0000,443.0000,benign
3573.4406,17.5654,17.9058,1399.7891,1687.2929,57.7075,63.6302,827.5696,7.9926,269.7609,301.9756,1.2299,0.6863,0.0000,443.0000,benign
2734.2168,12.4848,24.3240,1449.0703,5508.1048,110.1604,148.9158,1944.3764,13.4072,362.7997,219.0838,2.0622,1.9221,0.0000,443.0000,benign
2851.9519,8.4255,16.3570,1287.9869,2887.5949,190.2554,120.9408,964.1352,5.1169,320.6058,350.6295,0.9494,2.2009,0.0000,443.0000,benign
931.0118,12.4516,9.4938,1260.8717,4253.1895,98.4231,446.4779,3896.2552,20.1892,48.9838,143.9573,0.9433,1.4880,0.0000,443.0000,brute_force
4580.4303,19.0173,13.5745,26.8155,5249.5060,1.5740,410.9492,1005.2348,3.9121,147.6493,416.2481,2.0197,2.3579,0.0000,443.0000,benign
5237.0485,10.5722,10.5534,475.3014,4698.1853,66.7304,641.9729,1196.1511,3.5559,223.6691,119.8412,0.9962,1.6499,0.0000,443.0000,benign
1946.1120,0.0000,11.9603,903.8245,7662.9908,1015.7702,946.6687,2898.5505,3.6506,317.3684,273.2006,2.0788,1.5844,0.9646,80.0000,benign
7840.2544,10.0523,3.2366,1115.1454,7261.7930,97.3657,1761.0486,1586.6715,2.6050,35.2048,306.8192,2.0098,0.7174,0.0000,443.0000,benign
3895.5505,15.8557,15.5219,1286.8884,4707.6992,109.2067,218.2607,1248.5938,4.3967,223.9569,313.6695,1.0421,1.0668,0.0000,443.0000,benign
3740.6484,11.2913,16.4606,1455.7437,4672.0724,139.0657,157.7280,1389.2651,6.6313,669.0348,281.1983,1.7870,1.1632,0.0000,80.0000,benign
4272.4506,7.8828,14.8335,1168.7189,4408.6921,110.6618,246.0032,1313.7528,5.0997,225.1219,136.9446,0.6307,1.7861,0.0000,443.0000,benign
1413.8534,11.6654,23.4048,1315.8898,2234.9710,66.8945,129.7725,2370.0825,24.3153,329.5286,222.4680,2.2216,0.9746,0.0000,80.0000,benign
5220.6971,8.5961,15.6992,973.1548,3167.0167,196.1838,166.4255,629.6146,5.1959,297.5131,220.0219,2.7198,0.7689,0.0000,443.0000,benign
259.3411,2.6420,9.7933,0.0000,4750.4780,0.0000,738.2453,29575.5864,33.6502,294.9988,181.6624,1.3077,1.8922,0.0000,22.0000,benign
4884.1987,9.8711,9.5713,856.8975,1957.9779,127.2472,194.0858,703.0708,4.9183,159.0049,534.3329,0.9328,2.5438,0.0000,443.0000,benign
5804.2107,4.8851,16.7729,772.5736,7139.2069,176.0586,356.9205,1025.3672,4.1318,361.8903,194.9512,1.9712,1.4243,0.0000,443.0000,benign
4059.4906,17.9732,9.0240,299.9698,2656.8585,12.1813,273.4456,626.3648,8.0344,175.3515,332.3432,1.1191,1.5405,0.0000,443.0000,benign
3162.1004,14.0042,25.2358,1149.7773,4875.4018,55.2213,165.3547,2425.7857,10.9127,281.6243,214.3006,2.6313,0.9952,0.0000,443.0000,benign
7920.0939,8.2983,19.0491,926.8753,12898.5462,101.3009,540.4817,2461.7290,4.9172,37.4079,319.9620,1.0323,0.7203,0.0000,80.0000,benign
4304.4029,11.0401,23.6914,1605.0795,6958.6688,226.0495,228.6876,2774.8319,8.0666,237.1623,253.1784,1.8415,2.2594,0.0000,80.0000,benign
4277.2360,17.7850,13.2033,1080.2039,3473.7015,62.6897,177.3718,987.4497,7.9475,95.7441,142.8060,2.3040,2.2420,0.0000,80.0000,benign
5343.4593,6.4643,3.2139,867.9761,4604.2223,161.7102,2405.4039,1380.7380,2.2936,267.0657,158.0501,2.6578,2.1132,0.0000,22.0000,benign
1861.2227,7.1656,11.0798,1146.7821,3562.8795,83.6701,363.3204,2603.0714,9.2631,336.3587,321.9649,1.0676,2.0449,0.0000,3389.0000,benign
3020.3384,4.2053,17.8053,1014.5439,11237.3387,472.6673,576.1447,3436.8376,7.4467,239.5119,324.2104,1.0441,1.9814,0.0000,53.0000,benign
2948.3423,10.1397,20.7755,2262.8096,5572.7833,173.5817,294.7768,2895.2906,11.0519,350.5453,163.3998,1.5828,0.7322,0.0000,443.0000,benign
3795.4198,5.9016,0.7713,2189.9817,7648.5299,256.8506,6633.6741,2331.0290,2.6843,145.0851,506.0671,1.4444,1.3631,0.0000,443.0000,benign
587.6206,8.5956,14.5520,1912.3997,6915.5107,274.0593,528.8951,14426.9036,38.1137,269.9126,206.6145,1.8843,0.8350,0.0000,80.0000,benign
3398.2608,7.3422,21.0994,2211.5174,7450.6028,174.8343,648.6976,2419.4985,5.2726,253.7428,478.8249,1.1588,2.0639,1.0352,443.0000,benign
260.8784,6.8602,5.0979,1741.9767,7345.1925,268.7171,2165.5350,17419.4721,47.2618,248.2273,229.3662,0.9167,0.5081,0.0000,443.0000,benign
3238.6476,8.8158,19.0708,1039.3660,4974.7992,129.6807,125.3741,2284.3167,9.8746,309.2404,431.6344,1.0010,1.7922,0.0000,443.0000,benign
6069.7826,5.2051,9.9328,791.0509,4510.3638,198.3168,445.8312,863.3820,3.1720,491.2104,226.0706,2.2754,1.0485,0.0000,80.0000,benign
3062.3594,7.7590,7.8516,497.0506,5911.3102,59.2399,579.4602,1586.0444,3.4986,83.5052,193.4120,1.2568,1.3797,0.0000,443.0000,benign
927.3392,9.4474,17.3270,1616.5417,3820.7896,129.3927,326.7515,8170.3106,19.9376,250.1303,314.2555,1.9152,0.8535,0.0000,80.0000,benign
1407.9212,18.3762,21.6037,938.9126,0.0000,41.8662,0.0000,696.8316,23.1587,219.3720,267.6188,1.0518,1.2854,0.0000,80.0000,benign
0.0000,12.3657,7.5892,976.4041,6594.2133,67.0848,473.7089,807787.5265,2432.9926,454.9577,492.7449,0.8342,1.9441,0.0000,443.0000,benign
2043.5653,10.1013,11.3802,1943.2868,4797.3849,101.8840,505.5181,2150.2581,10.2832,342.5706,154.4172,1.7650,1.1954,0.7610,22.0000,benign
1624.0389,15.0874,21.5268,1445.8611,6588.3472,80.0521,359.0754,3847.1010,23.2208,283.5242,251.6264,1.2071,1.8469,0.0000,443.0000,benign
6146.9598,14.4118,24.4686,684.9099,10473.1147,56.2328,553.9109,1962.0021,6.4411,485.2593,360.3136,2.2353,1.0682,0.0000,80.0000,benign
1556.8794,24.3730,13.3393,593.7274,10596.6593,27.2237,331.4366,3452.1315,22.2742,286.8139,235.8422,2.4317,1.4236,0.0000,443.0000,benign
3860.6832,13.5087,8.0021,1460.4059,4261.5337,121.4946,427.3616,2154.5523,6.5916,410.8503,100.0747,2.1277,1.0188,0.0000,443.0000,benign
1842.5142,14.9440,13.9065,1007.4019,7661.9038,116.9077,527.6670,3818.6925,10.2729,232.1249,22.5619,0.8605,0.8273,0.0000,53.0000,benign
1432.1299,14.5444,34.2250,2685.0777,5184.7005,168.4652,230.1321,5304.1964,21.5298,140.3545,434.6107,1.0899,2.7047,0.0000,53.0000,benign
2565.9499,0.0000,12.6369,1039.5269,1208.7461,1018.6888,161.2123,803.4271,3.8573,357.8150,149.3091,2.1070,2.2314,0.0000,443.0000,benign
2598.4164,12.5549,8.3477,2753.0391,1105.5777,212.3162,84.8125,1558.0237,11.8102,317.9128,159.2895,1.0897,1.6404,0.0000,443.0000,benign
2801.6055,9.2688,23.8437,977.5941,3855.9324,62.1776,189.3238,2749.9769,9.8238,385.2186,273.8604,1.0373,1.0134,0.0000,443.0000,benign
1763.5032,5.7262,9.4772,921.0393,5685.6833,160.4591,463.7850,3258.0986,8.8072,319.1942,373.9481,1.0948,1.2233,0.0000,443.0000,benign
5415.9601,5.0212,16.6620,1018.1250,6747.3122,188.7134,267.0165,1441.6011,2.8779,431.1274,178.3710,1.0738,2.6260,0.0000,80.0000,benign
3341.4907,5.1175,8.2763,1720.9640,3251.4444,272.2102,568.2435,1936.2573,3.9805,418.8872,277.4624,0.8066,1.1636,0.8569,443.0000,benign
1352.4390,5.7758,12.5668,1028.7810,3078.4961,117.8380,295.1459,3362.9861,20.2020,144.6604,320.6826,2.2312,1.0470,0.0000,443.0000,benign
2846.6310,13.0603,7.1521,1702.2266,6300.1271,156.9666,478.9408,2996.5208,9.9551,502.2113,379.9022,2.0983,1.0873,0.0000,80.0000,benign
5010.3575,19.0489,2.8149,485.9275,2951.7915,24.2023,485.3804,962.0968,6.5704,185.7738,250.9956,1.9124,0.8386,0.0000,443.0000,benign
5875.2180,9.7215,4.6476,1794.2568,5368.4950,192.4614,1785.0402,2138.9493,3.3201,403.5726,214.2244,0.9720,1.6607,0.0000,443.0000,benign
2914.9790,13.5209,17.8015,966.0492,7256.2667,75.7170,272.0507,1620.1963,8.3505,203.8781,184.3852,2.1489,0.9966,0.0000,443.0000,benign
547.4102,14.1504,23.5010,1628.3224,471.7819,108.4378,35.2010,4042.0982,68.5091,351.8824,129.0177,2.1055,0.9454,0.0000,443.0000,benign
1885.5009,10.1339,15.6450,1237.3825,2751.1639,262.2934,165.7349,2635.0342,19.8726,209.4764,301.5413,1.2558,1.1045,0.0000,443.0000,benign
5722.0069,18.7840,13.3908,761.4617,4908.9916,49.1186,322.8851,1022.3523,6.5773,226.3071,109.5451,0.9707,0.9520,0.0000,22.0000,benign
4751.9578,6.8466,16.8041,922.9932,2883.6100,135.6357,267.4645,690.8682,4.7453,347.7989,215.6827,2.0205,1.4442,0.0000,443.0000,benign
6307.5149,5.4047,9.9384,826.5737,4827.1112,118.5753,277.6208,1225.3586,2.5984,548.0991,200.1028,1.1834,2.5609,0.0000,22.0000,benign
2902.1193,11.0646,12.7432,671.8297,6134.4198,56.1497,797.1836,2393.4366,9.1823,396.4051,184.5217,1.7719,1.0018,0.0000,80.0000,benign
4346.7845,14.0713,18.0210,1818.5938,3940.5001,129.1105,274.4536,1937.7995,8.0973,405.1443,97.1583,1.0118,1.1577,0.0000,443.0000,benign
2099.2002,12.9503,22.5911,196.6643,3784.0619,11.6826,121.2229,961.4268,21.0980,344.1364,211.7019,2.2578,2.8380,0.0000,3389.0000,benign
3459.5557,16.0594,8.6605,965.2159,2654.6992,63.1483,264.6642,1445.0735,7.2315,543.6539,395.3778,0.8933,1.0670,0.0000,80.0000,benign
1517.0956,16.4806,6.5579,1105.5537,3622.0127,92.3516,348.2871,2614.5064,14.9139,306.9499,122.5373,2.5307,2.0887,0.0000,53.0000,benign
3729.5196,12.1184,19.8951,1166.0240,5229.9050,72.4099,348.1252,2491.4151,13.2664,239.1120,311.1815,1.8999,0.7648,0.0000,80.0000,benign
3436.7753,9.9943,3.3268,259.3434,3277.5825,19.6641,792.1245,822.8351,4.1040,282.8380,303.2017,1.6835,2.3074,0.0000,443.0000,benign
2980.2430,19.2893,11.0197,1243.9199,2350.7663,100.8060,170.0931,1186.7540,10.8059,0.0000,25.0490,1.0767,2.2645,0.0000,22.0000,benign
4010.0657,19.9500,19.5628,2744.6307,5315.2386,114.9321,411.5707,1908.1771,10.4474,348.7785,387.7463,1.9864,1.9860,0.0000,443.0000,benign
3561.2274,9.2358,8.4324,1670.2658,4080.9260,158.4757,269.0964,1886.4872,9.4071,398.6691,274.7605,2.1824,0.6729,0.0000,443.0000,benign
4284.4200,9.3163,16.9306,258.0482,1376.0076,32.6698,142.7010,645.2735,6.1505,224.4195,313.8458,1.0252,0.7756,0.0000,443.0000,benign
4420.8469,12.3904,7.1003,1454.5576,7104.6269,149.2056,894.0513,3516.4951,7.1889,202.6342,181.9838,1.8701,2.1060,0.0000,80.0000,benign
5554.4290,8.2874,0.2059,1777.1976,7346.4104,223.6335,5725.2702,1129.2570,1.8761,59.5440,276.7280,1.7492,1.8469,0.0000,443.0000,benign
2465.4074,10.7289,14.4805,744.9155,2564.3868,66.2765,193.5970,1354.8009,12.6323,158.8085,28.3126,2.1480,0.7763,0.0000,443.0000,benign
3577.6384,12.8348,24.2473,736.7725,6115.5659,56.4739,304.5298,1450.8631,5.7915,356.7109,306.8606,0.8116,1.6755,0.0000,3389.0000,benign
3809.8422,19.2646,11.3051,1092.3220,2505.8657,73.2802,150.2803,1044.0000,13.0701,199.1664,328.3888,2.5124,0.7379,0.0000,80.0000,benign
2341.5583,9.2880,17.6377,1627.5451,3053.2060,195.9473,152.4612,2556.0889,10.8183,238.5695,426.7555,1.8603,0.8948,0.0000,443.0000,benign
1549.3968,12.6309,8.0028,797.2832,2131.8511,53.9390,257.3656,1232.6320,8.7990,303.5409,267.3770,0.9092,1.9233,0.0000,80.0000,benign
2231.1297,8.1607,5.8088,1787.5399,4394.7831,215.8032,918.3839,3790.3526,8.5511,311.4786,266.7248,1.4570,1.5885,0.0000,53.0000,benign
1903.9469,28.7807,14.3167,1032.0470,3280.5719,55.7829,264.4861,2453.1874,18.0185,350.3490,225.1575,2.0362,1.7264,0.0000,443.0000,benign
2716.8094,16.1065,21.0479,235.2428,2999.6431,14.1164,171.6832,1167.2469,16.4461,188.7939,317.0723,1.8065,2.0813,0.0000,443.0000,benign
4870.2384,20.6948,8.4289,291.9894,3216.1938,16.6752,253.6788,886.1147,7.2488,175.1319,245.0505,2.9384,1.1967,0.8317,443.0000,benign
628.9369,15.5528,21.2844,1142.1440,2896.2063,66.5669,116.2966,8519.3107,63.0162,301.9666,167.4427,2.1930,2.2091,0.0000,443.0000,benign
3421.5793,16.3801,18.6298,1047.8370,2684.7808,67.4294,198.1661,929.2234,9.2740,204.2688,209.2306,1.3465,1.0539,0.0000,443.0000,benign
2927.0061,16.1713,18.6855,1854.0990,3506.9703,139.7513,218.5765,1284.5706,9.2970,375.7824,309.3745,0.7622,0.8783,0.0000,443.0000,benign
2920.0213,4.5265,8.2539,844.3707,6935.9920,294.7593,460.0768,3010.3357,5.5641,147.2334,376.1445,1.2079,2.4653,0.0000,443.0000,benign
1299.5060,5.5600,17.4805,2545.9316,6687.6478,407.8728,337.7134,4938.7059,5.9658,428.9929,402.0328,0.9412,0.8176,0.0000,443.0000,benign
1474.6023,13.8441,12.3534,59.2508,6402.8358,3.3316,305.3575,3639.5489,20.6907,182.8630,369.9892,1.9049,0.7737,0.0000,443.0000,benign
677.0215,19.3635,12.2490,2781.4787,8125.7248,105.7880,610.8293,7912.3051,44.0484,120.6647,207.3662,0.8987,2.0414,0.0000,80.0000,benign
2838.4212,20.7485,9.6782,1389.4884,2369.2527,108.4025,284.1751,1853.5584,10.0201,112.9340,202.6880,1.4085,2.9546,0.0000,53.0000,dos
7283.7683,7.8064,13.9166,758.2258,3044.7924,58.2122,163.2985,696.1367,4.5639,549.4675,290.2392,0.8394,2.3208,0.0000,443.0000,benign
2814.2845,13.1078,12.1841,1605.9583,4657.8188,125.8153,521.5862,2507.2028,6.8435,46.8606,192.3975,1.8447,2.0283,0.0000,443.0000,benign
2615.2921,12.0266,21.7473,1096.1101,2081.5908,139.0341,93.9101,1143.0573,8.4656,326.1798,95.6490,0.7725,1.1415,0.0000,22.0000,benign
3249.7956,9.5867,27.0173,1180.4233,8874.7069,140.0851,354.8439,2444.4286,5.8616,402.6564,169.0219,1.7658,1.5775,0.0000,80.0000,benign
5637.2452,22.6276,18.0387,2761.4381,1470.9543,134.8694,75.5893,579.2469,5.3163,322.4973,357.9915,1.3219,2.1951,0.0000,443.0000,benign
2265.8560,11.9764,19.3525,673.6512,2809.8890,49.5027,308.3195,2653.5566,10.5865,269.5200,274.4367,2.5429,0.9777,0.0000,443.0000,benign
4861.7183,15.3294,22.8137,1064.3800,3947.4091,84.0831,202.6319,1105.7958,7.6740,70.9482,224.9761,1.1840,1.6294,0.0000,80.0000,benign
2372.6164,2.9617,6.6412,1112.4718,7774.9929,370.6401,742.8314,3016.9692,4.7378,257.0564,262.6399,1.0237,0.8802,0.0000,80.0000,benign
3367.7504,8.3428,20.7314,900.6128,5096.6138,109.6833,276.3527,1001.7894,6.0793,118.7212,386.3672,1.7418,0.8424,0.0000,443.0000,benign
4104.4850,13.2465,12.5533,1491.7261,7104.0494,111.2407,499.9259,2997.0211,5.3378,471.2199,495.0936,1.0271,1.0512,0.0000,443.0000,benign
3278.0331,10.6353,21.2029,521.0630,2357.1000,73.8443,77.4345,922.4031,11.3706,327.2884,218.2684,1.8271,0.9734,0.0000,80.0000,benign
859.7831,11.9983,4.3496,1035.4252,7516.3798,69.9461,2486.6753,6552.0727,12.8297,0.0000,319.3636,1.0226,2.2667,0.0000,80.0000,benign
3856.5942,14.1112,14.5240,2367.0167,6143.6298,133.1038,450.2666,2277.2252,8.0120,405.4107,177.3633,2.0426,1.7874,0.0000,3389.0000,benign
1313.8334,6.4535,16.8380,1217.8100,3295.0789,186.3407,134.5679,2779.9118,8.8892,181.7096,140.0080,2.5838,1.1668,0.0000,80.0000,benign
7316.8957,11.4115,12.8438,1799.0820,3155.3332,161.9117,220.1214,874.6960,3.5158,300.9906,84.2013,1.5553,2.1238,0.0000,80.0000,benign
3566.9910,11.7786,11.8102,650.2355,4986.7695,58.6040,268.7664,1197.7465,6.8521,321.9965,327.0483,1.5453,1.0350,0.0000,443.0000,benign
5341.5626,15.8489,18.6010,267.3418,1091.2488,25.3361,72.0919,404.8106,11.1223,198.4472,346.5865,0.9993,2.1267,0.0000,22.0000,benign
3445.7472,9.0184,9.7359,1048.1802,6210.2693,143.7100,1000.0118,3531.5317,4.7213,213.9820,213.3605,1.6036,1.0130,0.0000,80.0000,benign
5962.0941,18.6927,15.3637,0.0000,3528.8296,0.0000,320.9178,820.2486,6.3394,131.4332,241.9972,0.7989,1.9604,0.0000,80.0000,benign
5685.0007,16.7558,8.9816,703.4107,4471.3572,42.0611,882.1685,1407.3000,5.3310,377.5409,165.5132,1.0228,0.8061,0.0000,80.0000,benign
2606.8943,11.9493,7.7140,1511.2216,6758.0814,86.0358,909.3733,3737.5285,7.9134,207.8250,308.2404,0.8903,0.9940,0.0000,80.0000,benign
3245.6428,1.0223,22.0966,1571.1531,4584.5499,1237.2166,368.9935,2156.9115,6.6767,132.3017,88.8927,1.5641,1.0853,0.0000,80.0000,benign
4161.4021,11.6771,12.1841,1853.0988,6116.1743,143.8855,642.0702,2895.5195,8.1597,144.4565,254.3456,1.8386,1.0802,0.0000,443.0000,benign
4226.8258,12.3012,23.8651,1688.7004,6719.6963,122.3853,453.9476,2445.7392,13.1387,80.6624,123.6215,1.0081,2.1111,1.0497,80.0000,benign
5508.2917,7.7659,14.2132,1985.8692,9632.0420,183.9696,748.8330,2779.1036,4.4825,437.6177,192.0185,1.0426,0.9810,0.0000,443.0000,benign
3713.3340,9.1192,17.1621,1133.8066,8313.5172,165.9255,383.8019,1786.2102,7.0597,286.9144,399.7890,2.1625,1.8645,0.0000,22.0000,benign
2750.1659,11.9345,24.3139,785.9124,1983.3582,162.3506,122.0715,1673.3824,11.6658,383.9382,264.2366,1.7819,2.1997,0.0000,80.0000,benign
2576.3896,8.9367,9.4513,1794.9456,983.4224,163.9080,72.7277,948.2317,7.5205,102.9263,153.5060,1.0313,2.1451,0.0000,22.0000,benign
1305.3368,6.7468,18.9083,1114.3417,4831.6108,143.4491,232.5177,4195.9567,20.3697,556.2407,295.5886,0.9583,1.9808,0.0000,443.0000,benign
2306.3324,17.7934,5.8239,850.3528,3717.3193,36.5741,895.1436,1849.8909,10.6561,160.5609,246.4834,1.1522,0.8738,0.0000,22.0000,benign
1246.4103,5.5851,14.3569,1226.8568,6676.3651,87.3877,464.2030,4774.0989,23.9212,128.2972,219.6837,1.0360,1.8958,0.7744,443.0000,benign
1955.9518,13.1384,7.4246,1241.7124,7686.3631,104.8580,714.5851,2895.1292,8.7574,180.8975,248.7686,2.2947,2.0375,0.0000,80.0000,benign
2782.0679,7.4531,9.4560,844.7481,718.5428,86.0629,79.0772,459.2109,7.1409,271.9478,220.6990,1.0393,1.0175,0.0000,80.0000,benign
3645.0975,14.3239,6.5173,1426.3957,2211.0691,104.5503,343.9034,1140.1168,5.3560,510.0090,388.6625,0.7418,1.3971,0.0000,443.0000,benign
2102.0778,7.4162,8.6087,1479.8512,5433.1851,246.7852,559.0092,3559.8039,9.2461,156.8232,369.5089,2.1600,1.9656,0.0000,80.0000,benign
6559.5574,3.2623,11.2531,1425.4255,9385.0220,440.4345,449.9908,1439.7252,3.6878,516.2702,486.0816,1.1915,1.1581,0.0000,443.0000,benign
6520.7999,12.3188,11.3415,1312.0013,5385.6827,88.2421,575.6744,1735.5177,8.0862,326.0763,294.5489,1.7460,1.7902,0.0000,53.0000,benign
1276.7296,20.0421,10.0364,91.3509,6963.7499,4.9540,564.1259,4635.5848,20.6072,476.4511,356.9194,1.0204,1.6271,0.0000,80.0000,benign
5464.7250,8.7439,7.0876,977.1318,7320.6693,171.5736,865.3522,1811.7381,2.9315,333.0056,165.4265,1.2136,1.1069,0.0000,80.0000,benign
6926.7027,13.4901,11.4445,898.4972,6746.5133,109.4242,411.6675,1259.7359,2.4178,174.5546,266.6283,2.9154,2.4312,0.0000,443.0000,benign
3718.4674,18.8745,15.2129,1572.3178,5256.1760,77.9006,385.9435,1650.6168,7.8369,319.8316,332.9100,1.7479,2.3599,0.0000,53.0000,benign
5437.6205,17.1950,12.9816,391.5508,4887.1951,12.0575,357.9375,1700.7424,10.4631,160.7632,169.4230,1.5641,0.7255,0.0000,80.0000,benign
6448.7450,15.6955,9.4921,583.2319,7670.4864,28.8759,1128.2750,2204.9908,3.9521,113.1878,168.4403,1.0869,0.8282,1.0170,80.0000,benign
2028.6583,7.8845,25.5390,946.7436,6465.4923,196.8881,172.4864,3858.4886,19.0257,140.5193,239.3710,1.5515,1.4802,0.0000,443.0000,benign
3679.3579,14.1043,21.9261,895.0478,7410.5856,50.6945,428.7891,1406.2574,6.6859,226.5623,197.2583,1.1018,0.9257,0.0000,22.0000,benign
1796.0348,8.5506,11.4566,903.1304,2909.0720,108.3740,222.7767,1937.6226,10.9393,255.3747,269.0903,1.9533,1.4472,0.0000,80.0000,benign
5057.4866,15.5393,17.2834,1482.4260,2954.2245,127.6921,146.8189,734.0210,7.2256,265.3278,79.7403,1.1175,1.9303,0.0000,22.0000,benign
3536.2718,9.2696,4.6766,1259.4774,5661.5985,121.2780,1349.1566,1536.5609,3.8918,405.0502,151.2649,1.7746,1.3119,0.0000,80.0000,benign
3702.1552,10.9370,12.0574,1402.6084,3166.0201,123.1245,151.6031,997.2985,4.5843,315.4037,223.5142,1.9222,0.8402,0.0000,80.0000,benign
2530.5798,15.3228,15.3362,491.3457,6240.2035,33.3233,510.3972,2383.4328,8.2072,197.6308,61.6641,1.1173,0.7597,0.0000,443.0000,benign
4455.9175,10.8644,17.2238,1577.1305,1815.4137,136.9103,64.5912,659.1285,8.0419,698.6391,504.9634,1.1183,0.7734,0.0000,80.0000,benign
3422.2868,9.7750,35.6259,901.1030,5162.5691,62.1624,250.5028,1122.7310,8.3025,543.7118,146.9487,1.0636,0.6516,0.0000,443.0000,dos
3875.1887,18.7321,13.5181,504.6951,2432.5569,28.8608,371.1829,961.2944,5.0145,211.2742,336.7903,2.5085,2.4046,0.0000,80.0000,benign
3897.8599,6.8624,6.8658,2037.7439,4378.7792,190.0782,623.4586,1479.9664,3.8008,379.1248,201.9821,1.1349,1.0083,0.0000,443.0000,benign
3934.3965,11.0123,18.2295,743.4886,4848.0793,101.3850,336.5072,1863.7594,7.6385,273.5452,204.2400,2.8097,2.0102,0.0000,443.0000,benign
5081.2628,3.2885,9.9517,0.0000,4611.5552,0.0000,392.7918,1245.8009,4.1332,157.4383,128.3783,1.9346,1.7708,0.0000,443.0000,benign
5347.3972,7.2861,11.1046,1855.3589,2670.8555,260.9518,209.2515,896.6466,3.9002,503.4462,250.5949,1.9701,0.8018,0.0000,3389.0000,benign
433.8782,18.5014,1.9584,894.3859,3200.3990,58.9559,1921.1767,16184.5076,66.6344,249.7956,361.5251,1.6445,1.0131,0.0000,443.0000,benign
7005.7575,12.7078,22.5501,1017.1193,4900.2901,46.9910,142.2916,774.4560,5.4360,330.3521,140.0001,0.9666,0.8242,1.0813,443.0000,benign
3445.4330,9.3969,15.4375,1572.4195,5816.6929,219.0001,333.8505,2414.7431,5.2469,287.2802,162.7293,0.8690,2.5051,0.0000,80.0000,benign
2070.5443,16.7474,4.7495,669.3230,6646.5511,63.5411,1523.9391,3954.6594,7.1670,424.2497,208.4630,2.5534,0.8094,0.0000,443.0000,benign
5221.0198,9.5910,23.1228,1639.5191,5512.2779,146.6008,247.6529,1794.9907,8.1702,182.2383,106.7545,2.2521,1.9905,0.0000,3389.0000,benign
3018.2702,16.6885,18.1246,752.6320,9167.8036,65.9687,309.0438,2876.9336,7.1878,104.8531,235.7863,0.8824,1.7171,0.0000,443.0000,benign
1576.0912,8.8112,21.3482,1501.0176,4651.9724,110.6896,138.4664,2313.0111,11.0300,540.4165,304.0936,1.0398,1.1246,0.0000,80.0000,benign
596.9996,5.5257,6.3007,1465.9910,4017.4440,340.1433,905.6509,13819.6587,24.2299,438.7116,201.1434,1.2552,2.1613,0.0000,22.0000,benign
2419.7951,7.8288,14.3480,741.3602,1249.9848,87.2786,138.9072,924.5851,7.7614,322.1858,271.1419,1.2086,0.8601,0.0000,443.0000,benign
4311.6792,19.6266,6.4260,994.9538,2367.2377,77.2135,283.6453,947.4385,6.5324,221.7554,176.0133,1.5114,0.8481,0.0000,22.0000,dos
5500.5686,12.9951,5.6450,66.7986,1735.0967,11.2543,210.8590,283.2078,2.5086,533.9786,115.0451,2.3776,1.0476,0.0000,80.0000,benign
5809.9074,13.1121,24.2344,1359.0248,2378.1966,97.2042,160.9543,892.4991,6.4167,166.8654,385.1796,0.9398,1.8391,0.0000,80.0000,benign
2125.0679,16.8194,27.0150,3008.1307,5165.6839,128.6062,220.4266,4016.2839,25.8575,193.2673,153.1981,0.9609,1.6674,0.0000,3389.0000,benign
3020.4104,13.5792,12.8829,1123.9023,1944.7685,116.9490,146.2295,998.7295,7.0718,393.0575,234.2942,1.1387,0.9351,0.0000,3389.0000,benign
6345.8188,6.1054,5.1230,1937.9701,5329.7232,353.6199,880.5821,1367.4288,2.2182,91.8634,36.1693,2.1084,0.4830,0.9765,443.0000,benign
1490.5385,9.8480,21.0326,1289.7060,5775.5259,101.9431,294.2347,3989.3699,10.9749,554.6722,48.5702,1.8925,1.0347,0.0000,443.0000,benign
3831.9743,11.3621,6.0023,1395.3057,2977.6157,78.4948,821.4823,832.8295,3.5497,297.9961,255.8396,1.0936,1.0067,0.0000,443.0000,benign
1611.8566,12.2888,17.4847,883.6535,10036.3071,62.6585,229.3465,4833.6287,17.9742,328.5381,184.1155,0.8492,1.1145,0.0000,80.0000,benign
3984.0596,6.8295,11.1298,677.0617,3902.6817,60.6468,587.8180,1223.0461,3.5304,354.7863,298.0378,0.8681,1.2485,0.0000,22.0000,benign
1557.1289,8.6692,12.8770,1673.2784,3268.4232,220.1981,341.2962,3048.4781,12.8134,322.8286,274.3496,0.8669,1.2544,0.0000,80.0000,benign
4619.0560,19.6731,12.7351,3169.0814,4334.3712,143.0813,168.9056,926.7709,9.1123,293.8579,129.6602,1.8410,1.0383,0.0000,443.0000,benign
4259.3581,18.4945,5.6084,672.6399,1986.7352,35.3934,280.6591,830.1570,6.3657,339.4838,71.4200,0.9689,1.1319,0.0000,80.0000,benign
3717.2192,9.2394,12.8002,1718.7939,4099.0605,219.5268,244.6871,1035.9064,7.3237,312.9967,350.0274,1.3743,1.6452,0.0000,443.0000,benign
5251.8604,12.4369,11.8290,782.6320,5875.5252,53.9728,588.3288,953.1243,3.7980,318.8126,213.4443,2.5431,1.0546,0.0000,22.0000,benign
486.4964,17.7301,3.3890,1442.0987,7197.9617,74.3902,2012.1476,12350.6476,38.4149,241.4544,355.8099,1.7166,1.9493,0.0000,443.0000,benign
2369.2893,14.6861,10.3748,1489.8651,4855.1474,142.2410,534.9048,3550.6308,13.4031,61.1495,345.7180,1.3319,0.7163,0.0000,443.0000,benign
4346.4641,3.2045,22.9204,1095.1207,3396.8203,359.1278,103.4533,1003.4768,4.5711,175.8514,121.1821,0.9091,2.1824,0.0000,22.0000,benign
5793.6344,7.6262,21.6203,830.8137,6466.9997,141.4348,283.5289,836.3120,4.7450,419.6720,341.0352,2.0279,1.9173,0.0000,80.0000,benign
4358.2584,4.9759,19.3847,1105.7360,5024.8329,304.3212,208.5072,1339.3105,4.9431,100.9408,211.3065,0.9889,2.0342,0.0000,443.0000,benign
3801.7294,12.2524,11.0396,883.0763,7242.6213,86.5557,562.3304,1594.5235,5.3119,476.2122,169.0086,1.1263,1.0348,0.0000,22.0000,benign
5825.1777,8.4586,8.8515,954.4800,7800.0714,126.8923,499.6983,1940.4629,5.7406,316.0680,176.1559,1.2238,2.5423,0.0000,443.0000,benign
3675.8901,14.4548,19.7857,963.0959,5356.0195,47.8325,238.5559,1273.3340,6.7426,124.2474,373.3942,0.8863,0.9609,0.0000,80.0000,benign
3060.3893,15.2789,14.8560,629.0917,5533.8226,49.5145,264.9016,2529.1154,12.6208,454.4151,372.5579,0.5884,1.7686,0.0000,443.0000,benign
4995.2050,11.1492,11.9491,318.1179,5052.6325,23.6973,246.7015,1321.0531,1.5668,367.0147,310.5702,2.3552,2.0407,0.0000,443.0000,benign
5819.4847,2.8416,9.1351,478.0174,5590.1630,145.7199,564.4177,969.4053,2.6707,232.3414,195.5543,1.3991,1.6962,0.0000,22.0000,benign
3437.3646,12.5130,11.5997,702.0863,3617.2874,58.8222,255.0050,1465.1335,5.8697,409.6192,342.3038,1.0685,1.0324,0.0000,80.0000,benign
3231.3282,7.4394,13.3519,1411.4686,2472.1314,148.1474,263.8006,2213.0724,7.2222,280.7913,155.9534,1.1352,0.9814,0.0000,80.0000,brute_force
3399.8754,4.7188,21.1418,1120.2295,3113.7107,194.0016,155.0910,1529.7146,8.1503,74.5121,246.6694,1.8470,2.4406,0.0000,3389.0000,benign
2653.2960,24.3390,16.2752,767.5210,4651.7743,57.0008,318.3763,3392.6111,15.0333,322.2838,319.7857,1.3520,1.9197,0.0000,443.0000,benign
7469.0152,12.6695,12.9350,956.8212,7832.4254,95.5056,502.0739,1597.2971,3.9196,541.6052,293.4892,1.7715,2.3839,0.0000,80.0000,benign
5476.5747,9.8754,8.6331,1700.8856,7960.5355,166.4188,1285.5562,1620.6879,4.2461,162.1534,359.9268,1.9030,1.8698,0.0000,443.0000,benign
3872.2287,4.9136,13.5613,1172.3336,6291.3415,163.2656,264.6832,1635.9050,5.1799,227.9126,194.2750,1.0921,2.0942,0.0000,80.0000,benign
2497.7893,16.8105,12.1644,1277.4146,4355.6969,49.0584,299.7606,1230.8715,6.9052,211.4564,131.2508,0.9261,1.2077,0.0000,443.0000,benign
5098.9935,11.9065,17.6881,730.4511,3667.6788,58.0290,212.0784,1119.0208,6.5787,254.8578,134.0326,2.4403,2.1774,0.0000,443.0000,benign
5797.2494,7.5194,10.8408,1536.0263,5290.0332,155.1456,584.2124,1137.4597,3.0647,335.8928,92.3333,1.6852,1.1917,0.0000,443.0000,benign
6827.4409,12.9269,9.0634,2111.7463,7504.5808,205.4757,603.1992,1520.0510,2.5700,261.0343,321.6918,2.2575,0.9082,0.0000,80.0000,benign
2950.6257,8.7031,14.5261,572.0550,8501.0305,64.8191,402.5373,2651.1483,7.4519,212.0962,505.7323,1.0572,2.2079,0.0000,80.0000,benign
1939.1786,11.1275,13.6760,554.4802,8036.4815,58.3847,742.9784,5148.7733,15.4813,273.5839,219.3997,1.0148,1.0397,0.0000,443.0000,benign
2952.6257,15.2642,15.7421,768.0365,1026.7431,74.5132,70.3143,791.4167,6.8056,382.1727,466.4157,1.3235,1.8568,0.0000,80.0000,benign
4149.6433,9.2091,18.1430,1075.0185,6594.0107,105.6666,458.9727,1845.0019,5.1225,383.3616,367.3381,1.8315,2.1792,0.0000,80.0000,benign
1107.2682,5.9763,12.6224,558.9148,1940.2806,99.4263,113.7921,2230.2934,17.6441,409.5099,684.9269,0.8073,1.6844,0.0000,22.0000,benign
2592.0545,7.5826,22.4262,1006.3969,5074.0004,135.5410,184.0340,1292.3604,10.0285,179.0396,291.8140,2.1755,1.6684,0.0000,443.0000,benign
3266.5670,12.2057,12.0258,1131.3905,5745.3378,51.1934,381.8605,2190.0067,13.1184,317.8450,186.5194,1.5554,2.1320,0.0000,443.0000,benign
2918.0414,24.5040,3.5192,852.4304,4625.7981,44.7039,1462.3583,2519.3617,8.4658,344.3517,504.3439,0.6540,0.7976,0.0000,80.0000,benign
1648.7553,9.2388,29.1435,1061.5460,4931.9948,123.0966,171.0277,5052.8097,34.6432,363.4660,128.1996,2.5418,1.1879,0.0000,80.0000,benign
3194.1824,1.8376,7.9109,3137.3282,9984.9307,1618.6016,865.7841,4007.6288,3.2621,337.8601,226.6233,0.8398,0.9539,0.0000,3389.0000,benign
4655.7693,12.8373,11.2948,1942.6991,5561.1762,102.5478,709.7509,1672.5937,4.9373,502.3290,165.8160,0.7810,2.1595,0.0000,443.0000,benign
4735.9983,10.2779,17.7205,2080.5882,8633.8804,195.9484,390.8197,1964.6569,4.8395,439.1369,223.1688,1.9335,0.8559,0.0000,80.0000,benign
1245.7976,11.4600,6.8845,1764.9898,1972.8333,114.7099,181.9160,2143.8972,12.3946,199.3667,681.7631,1.2649,2.4558,0.0000,22.0000,benign
3773.8135,24.3155,4.0325,1195.3554,6686.9351,53.3785,1217.0051,1408.0991,4.9561,337.2685,308.3657,0.8386,2.3940,0.0000,443.0000,benign
956.1975,5.8907,16.5811,1895.8124,3267.6136,314.6522,174.1677,3346.7406,18.8583,263.5002,256.6422,1.3049,0.9802,0.0000,443.0000,benign
2295.1088,28.6354,15.4422,997.8997,4938.9803,54.9563,498.2774,1811.0406,13.0030,292.9495,317.3838,2.0793,1.5826,0.0000,80.0000,benign
3743.0848,5.1560,18.6191,1101.7318,6617.7178,339.9936,485.5289,3820.4144,5.5262,232.9843,296.8555,1.0876,2.3270,0.0000,80.0000,benign
5605.8523,14.2278,15.8328,1586.7351,3335.7333,129.4997,161.1744,1554.2387,8.2045,249.0122,523.3053,1.6442,0.8682,0.0000,80.0000,benign
5226.9604,0.0000,8.1147,908.6512,2150.7265,1066.7381,223.9840,469.6660,1.4860,211.1282,179.6740,1.7510,2.1071,0.0000,53.0000,benign
2959.0115,11.0984,14.2699,538.1276,4754.1667,36.7704,279.4012,2021.6484,6.4286,313.4819,355.7104,1.0725,2.3530,0.0000,80.0000,benign
3178.3663,14.6569,16.6798,2480.5812,3390.8228,135.4908,182.4886,981.5032,5.8020,381.2100,237.6877,2.2030,2.3107,0.0000,80.0000,benign
3308.7842,15.0966,25.7226,984.6046,4030.6569,95.8827,168.4256,1649.5714,10.3359,339.6877,661.4546,2.4133,0.9480,0.0000,443.0000,benign
2701.5863,8.3878,15.3521,1180.3502,3858.4242,121.1308,300.0438,1425.4162,8.0236,221.7032,213.5781,1.9687,1.0134,0.0000,443.0000,benign
3852.1127,8.6974,3.8112,973.5140,2301.6645,68.4546,686.5025,907.3999,3.4381,516.5186,250.8516,1.8336,1.2402,0.0000,53.0000,benign
4583.5604,5.4519,21.3142,2634.8545,4298.9607,381.0992,208.6541,954.3545,4.9972,217.7003,372.8088,1.6961,1.7910,0.0000,80.0000,benign
5709.9169,10.5942,19.2775,315.2038,4762.1947,26.5922,304.5256,740.7214,5.6052,287.8301,0.9079,1.2002,0.7298,0.0000,80.0000,benign
3973.5612,2.8826,7.4496,989.6588,3475.1964,457.8125,522.8407,1029.6495,3.3755,410.2031,98.9241,1.0771,0.9279,0.7707,443.0000,benign
4367.4065,18.7060,15.5085,468.0696,9643.1463,39.0394,584.8359,1554.5186,5.8186,202.0589,322.7267,0.7924,0.6782,0.0000,443.0000,benign
4629.5734,5.3094,23.2502,543.2967,7481.3859,71.2667,351.1315,1961.7540,5.5591,508.9014,248.7397,1.2376,0.9879,0.0000,443.0000,benign
1558.2334,4.6530,14.2252,941.4650,3767.5416,112.9122,312.5308,1973.8108,8.3119,502.1644,246.3103,1.6646,0.8843,0.0000,80.0000,benign
2772.1742,12.1019,8.5660,1213.2676,3755.1513,75.7422,320.8235,936.3171,4.7961,101.0316,120.3100,0.8002,1.7829,0.0000,80.0000,benign
3194.1608,6.4623,17.3708,1165.0577,5794.5562,211.5788,308.3835,2391.6235,8.0228,272.3842,234.6311,1.7186,2.2688,0.0000,80.0000,benign
3412.4217,8.5184,8.6111,613.9224,11743.4819,99.6122,1132.3703,3595.6248,4.2443,176.2136,276.6151,1.1191,2.1241,0.9103,80.0000,benign
3626.8836,13.3419,6.4714,1513.9846,5764.4717,178.2796,995.1433,1585.5467,2.8977,123.1469,434.1134,1.0724,1.8001,0.0000,443.0000,benign
2336.0798,7.8797,16.4513,1861.5295,6072.3730,137.3777,384.2014,2321.5443,9.9729,344.6758,316.1975,2.2122,0.5313,0.0000,443.0000,brute_force
4034.0409,19.1166,9.9065,1884.8601,1287.3604,99.4295,145.0518,1037.2600,6.2120,249.6299,335.8470,0.5607,1.3225,0.0000,443.0000,benign
5163.9741,10.6346,1.1379,1339.6008,4756.9248,118.2099,4252.0132,1491.3500,2.8700,142.8170,358.7442,2.1195,1.8959,0.0000,80.0000,brute_force
1051.7577,6.7130,25.8542,491.1370,3147.1831,64.5837,177.2477,4136.0166,28.2057,361.6479,353.2666,2.2082,0.9402,0.0000,53.0000,benign
7086.4253,12.0944,11.5759,1230.4147,9820.1988,97.0664,557.4606,1192.8729,4.8398,298.1103,215.4575,2.3241,1.7156,0.0000,80.0000,benign
3322.9610,8.7809,16.9290,1420.0962,4789.8409,103.5459,216.5289,1423.1852,6.4345,290.9765,345.9665,1.9064,2.7816,0.0000,80.0000,benign
2125.2859,2.2240,15.0856,1571.2157,4229.2372,672.1704,207.8814,2695.6299,11.9893,295.6578,257.6646,2.1378,0.8056,0.0000,80.0000,benign
96.7933,23.7197,17.4536,1875.9685,9747.5683,58.8693,338.2070,65361.6823,377.0286,192.9143,221.4381,1.9264,0.9109,0.0000,80.0000,benign
3708.4988,13.7334,8.0015,2234.0085,4543.5402,94.0757,1115.3063,2213.4012,4.0806,66.9620,284.0655,2.4146,1.0633,0.0000,443.0000,benign
4640.1026,7.9690,7.7588,2663.5567,4549.8578,243.3981,588.6569,1477.2754,4.8837,272.8367,180.7582,0.9778,1.0218,0.0000,22.0000,benign
5408.7553,7.7728,11.1563,1710.6477,3629.1635,146.1292,401.3577,1036.5613,2.3396,21.9851,56.8052,1.2501,2.6286,0.0000,80.0000,benign
1307.7584,13.7491,14.4832,2200.0628,5063.0717,137.8380,321.1535,7052.8858,20.6613,186.9979,297.8355,1.1630,1.7777,0.0000,443.0000,benign
6305.0647,8.5158,9.8148,2215.8698,4130.5540,213.7334,404.4729,1160.2519,4.8190,413.5075,322.8409,2.0947,0.9784,0.0000,80.0000,benign
3892.5988,6.0589,12.8371,2666.1083,3864.5416,346.3907,229.0849,1479.7024,4.3359,661.6906,40.9148,2.2083,2.2330,0.0000,443.0000,benign
1591.0673,5.5300,11.5579,1709.4234,3982.3654,320.1230,339.8517,3320.8095,8.5658,280.1282,162.8833,2.0463,1.2111,0.0000,80.0000,benign
2811.8557,13.0133,18.2499,288.5985,3467.2901,30.2522,271.5908,2177.4779,5.9101,301.6409,382.9824,0.9684,1.1607,0.0000,443.0000,benign
6730.6769,13.0821,21.5706,762.4177,8439.4132,40.3156,447.3169,1100.7351,6.3484,18.9599,230.4120,1.2523,1.9858,0.0000,443.0000,benign
4673.1211,9.0809,1.8942,1800.4748,5204.6045,124.3556,1916.9088,1628.3997,3.4854,531.3255,338.7524,1.5163,2.1752,0.0000,80.0000,benign
1016.1609,9.6483,6.3534,1283.7658,6294.9336,137.4431,1130.0436,5634.9503,15.0638,304.8313,367.5137,1.5469,1.3921,0.0000,80.0000,benign
3523.7643,10.6019,13.5794,470.8091,10158.1982,51.7612,829.4044,1999.5563,4.0577,183.7902,378.7957,2.6230,0.7342,0.9499,80.0000,benign
1638.7853,15.7216,6.6164,1693.6039,3451.6292,88.2745,377.8304,3633.2782,14.6516,272.6751,187.1043,1.7378,0.9747,0.0000,443.0000,benign
3744.4886,21.7536,6.3213,774.9289,7548.5628,38.4172,403.7629,1838.1445,11.2231,181.6788,328.4657,1.6220,0.7814,0.9924,3389.0000,benign
2342.6334,5.0742,17.5914,788.8285,8783.7979,189.0822,627.5851,3839.4320,5.3000,297.1218,352.6197,2.1120,2.0671,0.0000,80.0000,benign
1828.5258,4.2823,12.2291,247.6099,4992.5112,38.0111,402.6191,1721.6367,6.6307,156.8908,140.9037,2.0393,2.4390,0.0000,80.0000,benign
3747.9710,10.7575,10.2381,1822.6789,5364.8118,204.1179,449.3446,1658.5960,4.3874,482.8077,253.4551,2.4546,2.2595,0.0000,3389.0000,benign
3518.8854,13.9401,22.1621,2492.6860,5724.8662,231.1721,319.5827,3325.5155,9.0052,143.2668,231.8381,1.5069,1.5904,0.0000,443.0000,benign
2703.7425,15.3145,9.9017,1627.3154,7601.2876,97.4547,737.3802,2151.6605,6.8670,257.7724,83.0465,1.7884,1.3338,0.0000,3389.0000,benign
3968.0424,14.1582,12.0841,2131.2993,4576.4307,200.6200,523.7669,1973.5416,3.4871,341.0460,117.5749,2.3025,1.3989,0.7395,22.0000,benign
3380.3933,6.4501,18.4299,580.6229,11108.7988,132.0501,585.0759,3031.1879,6.6108,318.7332,122.5734,0.8441,1.3074,0.0000,80.0000,benign
1530.5049,15.0116,16.6955,1330.9059,469.5615,86.1506,31.3580,1157.2657,12.1510,179.7506,304.7990,0.8944,0.9645,0.0000,80.0000,benign
4166.4538,14.5004,15.1845,1382.9626,6075.7385,111.2540,436.0604,1275.9691,4.5886,418.5184,422.0418,0.9107,2.0988,0.0000,3389.0000,benign
3589.1489,10.5448,14.4624,410.3853,9488.1329,31.5774,543.0151,2892.1622,3.6963,449.5445,181.3321,0.7209,0.9371,0.0000,80.0000,benign
5022.2341,6.9313,15.4629,997.1006,4287.7705,91.0349,303.9083,1178.5264,4.7756,0.0000,225.9072,1.7626,1.2638,0.0000,22.0000,benign
3334.1993,22.2211,13.4209,1045.2005,6637.9222,69.3956,378.1987,2211.6250,7.1466,296.6368,270.9324,1.1270,1.0160,0.0000,443.0000,benign
6019.6830,3.3243,16.1911,742.4500,4083.0484,301.8432,228.0762,1669.7230,4.4365,268.0376,213.0709,1.7023,1.5170,0.0000,443.0000,benign
5669.9650,13.8889,12.8339,2915.6213,1881.6940,165.8222,213.8165,1131.8348,5.6744,698.9722,31.1733,2.4103,0.7830,0.0000,3389.0000,benign
1220.6532,19.9024,23.8981,1420.2610,6103.0118,104.5918,216.1898,6870.8687,32.8655,147.2469,265.6009,1.6216,2.4289,0.0000,443.0000,benign
2800.5168,17.5843,21.8653,741.5660,14145.8710,84.3768,450.5962,6297.7281,12.9839,487.7576,344.3364,1.9301,1.1216,0.0000,3389.0000,benign
1977.3369,20.7281,12.0669,1533.3226,1126.7037,93.3688,100.0501,1228.7115,12.8663,332.2170,208.7695,1.9678,2.3907,0.0000,53.0000,c2_beacon
7165.4686,10.7135,34.4709,1932.4991,5933.0771,90.0658,282.9081,1309.8809,7.3236,219.9344,324.4824,1.1642,0.7089,0.0000,443.0000,benign
3236.6010,11.4907,28.0846,1514.9000,9768.8531,104.2467,493.3658,4619.5814,12.0674,410.8839,123.7169,2.2246,1.8745,0.0000,80.0000,benign
3285.4366,10.5853,20.8601,1089.4236,2918.3945,110.1423,174.1107,1569.8418,11.0560,156.9456,273.7087,1.8849,2.5314,0.0000,443.0000,benign
4815.0063,18.0947,11.0202,185.1430,5128.0775,13.3257,355.4417,921.8549,7.0369,318.3172,299.3754,1.1630,1.0498,0.8648,443.0000,benign
3511.3721,15.2106,8.2037,1045.0125,5984.9110,84.6634,1210.6583,2071.9480,4.8843,372.1602,219.6038,0.8810,1.7392,0.0000,443.0000,benign
3908.6071,8.0752,16.7340,682.1983,3807.4563,56.3396,309.1142,1039.7577,6.5217,253.2392,347.9509,2.3991,1.8545,0.0000,80.0000,benign
1317.0038,9.8647,11.4424,506.1475,5891.7312,31.5955,558.8302,4660.2760,24.7482,250.0108,191.3033,1.9521,2.6441,0.0000,3389.0000,benign
7365.4113,15.6487,11.5618,1139.8646,0.0000,83.5786,0.0000,180.6271,3.5068,467.4301,218.5725,0.5908,1.1251,0.0000,80.0000,benign
2952.2653,16.0448,15.5640,775.4203,1123.4877,48.3386,94.1924,875.7704,15.5364,409.3025,363.0976,1.0019,1.0060,0.0000,443.0000,benign
2229.3967,6.6280,10.6013,1115.6302,6043.0727,198.9237,380.3574,3541.9523,11.4623,321.0853,338.6136,1.0305,0.7679,0.0000,22.0000,benign
4740.9184,12.4544,11.2077,1201.5937,9145.2756,132.1340,625.9234,1878.9098,5.7655,314.2487,209.6827,0.8812,2.7359,0.0000,3389.0000,benign
1821.9541,17.0271,34.8324,1798.8005,8273.0896,151.6200,131.9059,3456.7073,29.0862,212.6126,69.2412,1.0780,0.7759,0.0000,443.0000,benign
3022.6711,4.9588,14.9898,1423.5727,6182.4890,334.2596,440.7720,2462.8000,5.9821,134.8502,201.1418,0.8338,1.8368,0.0000,443.0000,benign
2036.1943,12.7040,11.0175,1990.8925,7892.6170,126.1620,335.3374,4076.0053,10.9288,183.4255,303.6222,0.7882,2.1865,0.0000,80.0000,benign
4650.1394,11.1884,27.9832,1677.6704,3107.3591,108.8643,113.1557,1325.0989,9.8398,347.7170,226.2087,1.9901,1.1460,0.0000,443.0000,benign
4312.9251,14.5796,6.9606,2394.0361,7341.4505,81.0862,674.7599,1618.7751,5.8658,170.4351,176.3940,0.9926,1.7435,0.0000,80.0000,benign
5484.9367,1.2915,11.7604,432.9876,6164.8870,302.5114,386.1705,1349.1777,3.6312,216.4547,293.0461,1.2594,1.9986,0.0000,443.0000,benign
3163.2594,4.9900,9.4328,1744.1953,3954.3453,305.8933,522.8319,2334.6590,4.7137,338.8501,153.3823,2.6315,1.0144,0.0000,443.0000,benign
1967.9306,11.5490,10.6930,1753.9349,327.7854,157.2156,33.4158,1514.4939,16.7162,408.4169,206.6807,1.2639,1.1117,0.0000,80.0000,benign
547.6892,21.4018,10.3604,1348.6376,4684.8396,74.4073,535.9773,13077.0972,49.7727,212.6066,285.6164,1.8710,2.3400,0.0000,443.0000,benign
2524.5004,13.8185,15.1017,1212.8705,883.1988,93.8387,39.9306,504.7313,6.2923,474.4908,246.7382,1.0635,2.0594,0.0000,443.0000,benign
3035.8826,23.9383,8.4227,1715.9850,5778.0262,71.6028,343.1465,2329.5990,15.2558,161.9724,195.7800,1.3178,2.4517,0.0000,443.0000,benign
4610.9498,9.8485,20.9362,1369.7025,6080.9946,111.3299,183.8878,1934.7939,7.6616,349.4908,0.0000,2.4518,0.9900,0.8973,80.0000,benign
6045.4119,8.1620,4.6149,3546.9955,6391.8281,313.2038,1469.6222,2109.7147,3.0491,449.3190,116.4016,1.2089,0.7802,1.0944,22.0000,benign
5216.9556,10.4223,12.8805,949.7084,4537.5212,61.7664,639.9474,1952.4370,5.9042,150.9120,229.7333,2.4073,0.9519,0.0000,443.0000,benign
2860.8668,13.2161,11.1767,265.9491,4933.7972,14.1138,269.0874,1636.2583,7.8045,70.0794,374.3914,1.1035,2.3953,0.0000,3389.0000,benign
5548.9392,12.8369,8.8274,919.8486,6953.4413,122.5226,522.4921,1794.3215,5.9317,213.3482,200.9024,2.1621,2.3979,0.0000,443.0000,benign
2009.8391,8.9946,16.0035,1874.7969,10936.3512,183.9770,810.1562,3980.0062,6.6467,253.6767,359.7604,1.7598,2.2072,0.0000,80.0000,benign
2432.7496,9.4883,7.7236,1442.4732,1714.7840,177.4342,206.6513,1179.2894,7.5658,195.6465,157.7281,1.4652,1.1874,0.0000,443.0000,benign
2931.6088,12.9870,9.6307,48.0484,5366.9569,5.6463,580.4893,1751.0240,7.4535,381.2021,91.1127,1.0123,2.3169,0.0000,80.0000,benign
4169.1283,18.5109,12.4829,1083.8856,4442.1946,38.7255,383.1175,1339.9050,8.1976,156.2823,229.7213,0.9508,0.9735,0.0000,80.0000,benign
4948.2173,13.6270,9.3118,1246.0636,3383.3834,55.4970,624.9365,1009.3427,3.9564,290.8544,237.9349,1.9141,1.0198,0.0000,22.0000,benign
5099.6885,16.6053,15.7386,1226.1422,3040.7387,55.0188,267.6275,1254.0469,8.0982,272.9835,368.9041,0.8000,2.2514,0.0000,80.0000,benign
4618.9734,16.4573,9.4434,1364.6948,9908.1638,52.7862,1369.9493,1715.0942,5.2880,266.6172,107.2123,1.5106,1.5758,0.0000,80.0000,benign
971.5877,7.3821,8.5532,1477.9643,7595.4651,123.1886,910.9233,6281.9718,15.1198,173.3862,252.6548,0.6389,1.3644,0.0000,443.0000,benign
5103.8582,13.6545,2.9645,1481.5225,4479.2500,88.5858,1283.0070,1102.0031,3.5337,243.1051,455.7744,0.8450,1.1592,0.0000,80.0000,benign
1456.5855,5.2070,21.0048,1762.5208,8072.4987,394.3071,239.4751,5218.0800,11.4453,226.1690,371.5502,1.6901,0.9724,0.0000,80.0000,benign
2824.4479,18.2183,14.9490,1227.0186,2085.6667,114.9457,154.3129,1311.4574,13.6145,400.7853,304.7295,2.0329,2.3531,0.0000,443.0000,benign
0.0000,12.1154,11.2225,567.0805,2983.2699,34.6685,489.9439,536332.6215,2426.6420,126.1882,226.9993,1.5667,1.9281,0.0000,80.0000,benign
2849.3427,11.5913,24.5881,826.2096,5451.4710,158.5670,249.8954,1925.0403,15.1341,301.9659,135.9585,1.1586,1.0495,0.0000,3389.0000,benign
7767.1831,9.3556,8.2928,1582.9300,5527.8627,129.6006,489.2305,1365.0783,2.9184,272.0383,245.6471,0.7353,2.0778,0.0000,443.0000,benign
7208.9322,4.3388,6.2448,2160.3396,4745.4149,311.5116,491.5795,1745.5547,1.4840,402.1091,182.5068,1.0332,1.0661,0.0000,443.0000,benign
4746.1599,3.9325,13.8561,1353.8896,8873.7588,639.1981,458.1490,2328.8213,4.2926,524.8431,688.4369,1.1147,2.1976,0.0000,443.0000,benign
1284.8639,12.6309,16.1868,1006.0634,5301.6392,99.1797,321.7252,7312.9683,29.5247,431.2141,403.0535,1.3057,1.6536,0.0000,80.0000,benign
2899.7569,6.6319,10.5747,1031.6848,1785.4266,115.7712,223.7222,651.0710,5.4891,257.2930,263.7119,2.4654,2.5921,0.0000,443.0000,benign
4847.6792,6.9123,9.6663,2065.9561,5914.4582,140.4023,731.3379,1656.6786,4.1487,340.3157,245.8186,0.7756,1.0387,0.0000,443.0000,benign
4900.3084,5.3196,5.3876,1852.9981,6132.2517,229.7258,619.7373,1391.5167,3.6578,282.0210,185.9543,0.9894,2.1820,0.0000,80.0000,benign
4347.0224,21.9841,16.3807,1619.6385,766.9500,92.1293,42.3984,680.2941,8.2500,391.4321,337.3992,0.9967,0.9668,0.0000,443.0000,benign
4687.0793,8.3031,9.3294,1149.6381,7465.6536,83.4222,997.3281,3432.2737,5.1572,201.7396,303.0702,1.1000,1.6263,0.0000,80.0000,benign
2269.2176,5.3326,24.6143,979.4425,5368.4072,94.8149,338.5941,4093.5720,17.7940,379.3306,141.2764,1.1176,0.8879,0.5268,80.0000,benign
4546.2112,15.8669,21.1427,1594.7281,2739.5248,121.8102,162.9081,1270.8674,6.4467,356.5351,288.9158,1.1536,0.9753,0.0000,22.0000,benign
3842.2514,11.5682,4.6181,1483.1080,5353.7987,112.0274,1561.5247,3954.3937,6.0075,368.2622,89.3089,2.6504,1.3422,0.0000,3389.0000,benign
4216.5506,12.8212,24.6980,1539.0061,1433.3621,110.5114,89.8991,598.8392,6.1470,320.2175,118.6549,1.0592,2.1444,0.0000,80.0000,benign
5083.1477,16.0874,12.6153,907.1360,4514.4404,81.8384,426.0916,1013.5914,5.6126,131.7942,287.0386,0.8580,1.1219,0.0000,80.0000,benign
1221.3340,16.5296,23.0160,1018.7333,4055.1710,50.0308,102.6861,5972.8048,23.3023,196.8255,163.1069,1.0789,1.0430,0.0000,80.0000,benign
2657.4764,17.0277,23.0180,2378.8411,4420.8574,118.5704,248.1325,2780.4385,13.3006,396.7934,333.0102,2.4362,1.8538,0.0000,80.0000,benign
3466.8917,10.3109,7.0019,1173.1717,3328.7942,145.7239,487.5671,1116.0095,3.2956,346.8567,95.6726,1.8410,2.3854,0.0000,443.0000,benign
2968.7138,19.0958,20.5152,1702.2159,2192.2646,73.6736,158.0665,890.3426,9.2311,259.0017,302.0788,1.3270,0.9244,0.0000,443.0000,benign
2321.6221,15.3461,40.1545,1591.0368,2936.2012,105.2612,184.4446,3496.1858,15.7282,336.4072,244.9037,0.9680,2.4258,0.0000,443.0000,benign
5039.5790,7.5954,18.4094,928.3625,1678.5281,142.4869,140.2751,606.8652,8.6491,315.2844,177.6232,1.1657,2.1620,0.0000,80.0000,benign
65.0616,17.4566,13.0947,1036.2065,6532.2953,92.8434,746.3073,114487.5659,296.6702,502.7711,330.7068,1.9133,1.8635,0.0000,22.0000,benign
3026.9235,8.2264,32.8361,559.2260,6244.1578,42.5214,191.0511,2625.5129,12.2075,107.6626,101.2998,0.9746,0.8950,0.0000,80.0000,benign
3588.8514,8.5541,13.1641,1335.7132,3085.1892,168.6671,99.6688,832.9789,5.8187,399.9103,36.5597,1.7204,0.9374,0.0000,80.0000,benign
2015.5163,7.1166,14.3883,819.3056,5487.1922,135.2101,412.0291,2996.1481,13.6751,373.6157,289.7812,2.3710,1.1118,0.0000,3389.0000,benign
5106.0465,18.8438,14.1304,1723.0100,4860.1864,101.7952,294.6927,1363.7657,7.1425,332.5840,512.0906,2.5528,1.4689,0.0000,80.0000,dos
2701.5737,9.5215,23.0941,1890.4990,1115.8435,316.0853,35.4120,951.0246,7.7030,266.7963,16.5263,1.0523,2.2945,0.0000,443.0000,benign
1734.0937,18.3661,10.6055,1209.7286,3390.0962,55.2320,216.6545,2323.2187,24.9820,434.8464,0.0000,1.9672,1.2198,0.0000,80.0000,benign
2174.3688,10.1703,17.2034,492.5250,8583.4630,68.1077,729.5865,5002.8753,10.9676,476.0672,104.3940,1.6958,0.6774,0.0000,22.0000,benign
2702.7184,9.7961,8.9147,1136.0771,2394.7402,186.2175,236.1350,1448.2194,6.3172,444.6285,190.9227,1.0272,0.6447,0.0000,53.0000,benign
1191.1199,10.0593,19.9734,1228.9625,2068.1166,84.3264,157.7554,2336.5104,25.1461,426.4989,117.5017,1.3664,0.8841,0.0000,53.0000,benign
6021.8243,13.2590,13.1544,1572.8144,4182.8871,119.5232,255.8407,1302.2519,5.5348,430.1644,189.9160,2.0457,2.0504,0.9662,80.0000,benign
4257.7958,7.0158,16.3141,1370.5192,5012.7799,108.8529,233.4114,1291.2976,3.9581,546.8148,314.1091,1.1407,0.6522,0.0000,80.0000,benign
5611.3563,18.5687,16.6217,1136.9610,2170.6706,73.9723,133.9617,815.1877,6.5273,300.1904,238.0101,1.1038,0.7213,0.0000,80.0000,benign
4501.9621,5.6443,6.3944,1456.8208,1025.2160,269.7071,150.1227,825.7901,2.2385,89.0829,551.8551,0.9051,2.5533,0.0000,443.0000,benign
5580.6574,13.4545,12.6328,1713.8019,10469.5563,117.7122,762.8802,2627.1787,4.4287,290.7277,330.3160,1.5686,1.7775,0.0000,443.0000,benign
3148.9232,9.0624,18.4123,1361.8141,3725.5253,144.5130,186.9597,1869.0185,10.2024,406.7952,295.3059,1.6837,0.8172,0.0000,443.0000,benign
3640.2423,14.7919,10.5113,1176.0284,6992.5397,76.7370,542.4521,2424.1293,8.3096,269.8813,274.6141,0.9215,0.8714,0.0000,80.0000,benign
2802.0731,25.0646,22.4204,513.0396,1792.5519,28.2831,123.0539,734.1888,18.5146,288.8514,372.9710,1.6623,1.8040,0.0000,443.0000,benign
3426.6425,6.9390,15.9157,1543.7282,3058.6459,150.6466,369.0403,827.5550,8.2633,155.1448,99.1588,1.1627,1.0996,0.0000,80.0000,benign
3996.2426,15.8442,12.7382,678.4831,5122.8619,61.6236,418.7057,1915.1317,6.7088,265.8840,48.8484,1.4419,1.0055,0.0000,443.0000,benign
4039.1117,9.1900,16.4452,1646.2740,6158.9450,260.8921,220.1453,1861.6928,8.9218,18.8209,241.9320,0.9236,1.8545,0.0000,80.0000,benign
2191.4016,23.8252,14.1613,1679.1337,2279.9399,60.2347,265.8734,1274.4625,8.8281,185.3160,249.3133,0.8716,1.0418,0.0000,443.0000,benign
2782.9920,16.9206,7.7616,1438.3858,4166.9565,53.5287,676.2488,2182.7172,5.7255,102.9497,377.7369,1.9514,1.8147,0.0000,22.0000,benign
2525.3285,7.8338,19.1751,561.8488,5973.2178,82.8428,237.0208,3355.2181,11.3840,262.9399,195.2503,1.3253,1.0375,0.0000,443.0000,benign
3443.6086,12.1978,28.6055,1436.4390,4390.7872,85.9633,96.9156,1954.5689,17.5052,196.9625,298.3521,0.7773,1.8614,0.0000,80.0000,benign
2862.5601,11.0029,15.1151,2572.4945,7146.3887,157.8627,299.9504,4125.4812,8.8097,187.4148,286.9358,1.1411,1.6198,0.0000,443.0000,benign
2465.3957,7.1678,17.2237,729.0244,6225.2599,90.2610,535.1778,3350.8917,10.6460,147.2708,205.7645,0.8869,1.9914,0.0000,443.0000,benign
2444.1544,12.6546,13.1888,1537.7560,2293.9996,152.2697,197.4004,1856.2898,14.0041,167.8864,367.3057,2.3239,2.1469,0.0000,443.0000,benign
4488.5089,3.0531,18.6937,1242.1181,2837.1576,323.5369,154.7619,1128.3893,5.2550,171.4034,260.2335,2.5184,2.6021,0.0000,80.0000,benign
1687.3251,12.5637,13.1928,3553.2792,5558.3468,192.1055,550.3051,4230.9571,11.1241,85.9995,86.8110,1.0649,0.8786,0.0000,80.0000,benign
6512.0093,15.9595,17.3496,748.8890,4797.5428,50.3060,300.0321,1058.6734,5.9971,188.9274,164.0793,0.8590,1.3018,0.0000,80.0000,benign
3439.2421,12.3371,19.7801,561.2658,6295.9205,77.4038,235.8318,1699.0790,6.4876,223.7578,334.7420,1.6570,0.8594,0.0000,80.0000,benign
3815.0532,7.1925,14.7896,1486.7197,554.6981,136.7201,48.8850,365.4792,3.4103,441.4071,173.6096,0.7764,1.7278,0.0000,443.0000,benign
5680.0598,11.7527,19.9430,1839.1165,4577.0049,203.0151,343.8917,1559.0105,4.8364,227.7527,251.3327,0.9889,2.2300,0.0000,443.0000,benign
2487.3097,12.3693,10.7226,1139.3626,10636.0754,115.8982,800.6679,3495.8707,4.7564,214.4730,206.9070,1.8584,0.8498,0.0000,3389.0000,benign
3390.0695,5.2692,5.6308,994.1891,7299.0448,240.7563,1357.2101,2362.8229,3.9071,245.5195,236.1199,0.8963,0.7669,0.0000,3389.0000,benign
1657.2915,27.4689,16.5798,1502.2178,5937.2709,86.3577,217.8442,2704.0418,21.9799,286.5861,157.7341,1.8491,0.8283,0.0000,3389.0000,benign
2763.0362,6.7822,10.3088,1307.1964,7045.5456,218.4056,779.1850,4358.9891,6.4049,336.0003,138.6381,0.8246,1.9017,0.0000,443.0000,benign
4949.0880,9.9307,25.7906,337.1159,2586.8410,42.0880,115.3253,590.3372,5.2217,322.6654,353.4985,1.2078,0.8952,0.0000,443.0000,benign
2114.3314,18.6146,10.5320,1083.0705,3117.8239,54.3812,183.7274,2149.0373,6.7118,147.8813,259.3561,1.4076,1.4320,0.0000,80.0000,benign
1745.2814,18.7882,15.6085,531.5371,1874.3218,43.9319,117.3770,1235.9339,15.0915,262.3007,378.8227,0.8700,1.6963,0.0000,80.0000,benign
3058.5135,14.0414,5.0224,814.5515,0.0000,72.7863,0.0000,402.2446,6.9406,315.3989,119.6198,1.5128,2.1741,0.9671,53.0000,benign
2655.2412,4.4885,14.7755,586.4394,4142.9212,114.7224,259.3750,2041.8744,6.2816,276.1901,289.4401,1.1879,2.3412,0.0000,80.0000,benign
3194.1835,11.7987,12.9397,768.9743,6405.4916,54.1553,422.9201,1770.1966,6.3433,446.3315,457.1930,1.4686,2.3962,0.0000,443.0000,benign
4331.8731,8.5483,7.0458,578.1298,7054.3590,47.4178,1016.1355,1766.2661,3.6189,153.0249,138.4695,1.1555,0.9047,0.0000,80.0000,benign
5299.7733,12.7169,33.2146,1314.7125,3028.3972,115.1986,116.1435,803.4887,9.7579,429.3550,304.5016,1.5697,0.9890,0.0000,80.0000,benign
4002.7717,12.3625,11.1363,2312.5930,7811.2269,140.1009,897.1587,2985.9747,8.9920,477.3099,286.9925,2.2925,3.0047,0.0000,80.0000,benign
0.0000,11.4828,5.9637,959.3831,4110.2599,111.8226,548.3392,593642.4756,2002.8081,260.3292,303.1899,0.9343,1.2208,0.0000,80.0000,benign
4595.9783,8.2946,17.7151,1264.8403,0.0000,115.6639,0.0000,190.6220,6.7851,323.9818,246.2481,1.1234,0.8318,0.0000,80.0000,benign
3174.1257,6.9762,12.5510,899.9462,4598.3380,173.7131,592.3895,3432.5617,5.1988,192.6552,55.0949,1.0988,1.0105,0.0000,443.0000,benign
1672.6306,18.0598,19.8268,826.3724,4145.3467,32.5734,138.3079,2108.0783,25.8467,424.2128,267.0069,1.9136,1.7616,0.0000,80.0000,benign
5641.7354,24.5766,19.0601,2342.8602,2097.6629,122.1389,111.2695,574.3507,6.9723,314.8581,427.7059,2.2735,1.0546,0.0000,53.0000,benign
4285.8755,20.1589,8.4442,2279.7952,2902.3844,91.5182,389.3103,1527.8718,8.7319,250.0573,182.9142,0.6582,1.9522,0.0000,80.0000,benign
2530.4191,5.2705,16.0372,1431.5690,5154.2415,260.0503,338.0934,3689.0739,8.8334,0.0000,460.1267,1.0009,2.2198,0.0000,22.0000,benign
5364.3737,14.0255,6.1807,1413.0157,7842.2568,100.6676,1111.6962,1662.8946,5.6748,129.3040,293.7563,1.1005,1.5910,0.0000,22.0000,port_scan
5125.0232,0.0000,16.9403,128.1126,7356.9162,135.7003,571.9029,1728.1348,3.0149,366.1251,214.9692,2.2168,0.6848,0.0000,22.0000,benign
4378.9108,22.7981,16.9233,1775.6445,2164.9733,102.2291,155.2297,1374.3917,8.9467,168.3770,353.9215,1.9078,1.6713,0.0000,443.0000,benign
4537.6085,24.1353,17.4447,1756.4101,2575.4269,94.3964,105.0133,630.1948,10.1287,344.7618,291.4280,1.1101,0.9354,0.0000,80.0000,benign
7518.3988,13.6655,16.3007,1662.4881,5639.4537,128.3864,303.8635,1432.1409,3.8915,95.5144,286.8011,1.1186,2.3034,0.0000,80.0000,benign
1221.5656,10.3416,19.0488,0.0000,3644.8313,0.0000,178.7795,1739.2945,20.5909,543.6361,320.1997,1.0411,1.4522,0.0000,22.0000,benign
2258.7463,3.5432,10.6720,1317.0375,7505.5748,435.3527,1038.0922,4126.0961,6.2463,129.3433,214.9821,1.9149,1.7224,0.0000,443.0000,benign
2538.0509,12.1786,20.6023,1151.8693,5221.2877,72.5917,194.3707,2775.5133,17.1017,103.4704,196.9594,1.0321,0.8198,0.0000,22.0000,benign
1743.2777,7.1897,16.7715,1161.8833,491.4733,123.8432,30.3129,808.9374,15.5022,501.1507,88.6341,1.0752,2.5413,0.0000,80.0000,benign
8168.8415,10.7390,20.6106,782.5549,1056.8522,39.4062,39.5619,175.0262,5.2521,205.1294,344.5514,1.7823,0.7151,0.9550,22.0000,benign
667.5206,8.6502,12.1536,1700.8983,2433.4361,264.3019,308.8697,10714.7170,36.6703,416.7502,196.1408,2.5429,2.3264,0.0000,80.0000,benign
526.2863,15.8994,15.5875,1769.5325,9510.4667,152.4857,635.6358,12811.2785,40.5716,341.5515,179.5212,2.6678,1.0476,0.0000,443.0000,benign
681.6746,3.6560,37.6577,1206.5696,7979.1181,326.2149,282.8198,17704.8730,55.1554,241.1157,236.7292,2.7590,1.4959,1.3429,443.0000,benign
1369.0524,8.4108,7.2178,1205.9100,8644.8416,125.4849,1393.8159,3676.3252,8.8357,602.1430,389.9940,1.0513,1.1193,0.0000,443.0000,benign
3964.4408,5.1591,10.6747,2902.9175,4655.9001,368.3697,259.1072,2118.1759,5.3700,132.0264,312.6601,1.1370,1.0893,0.0000,80.0000,benign
6778.6021,11.3340,4.4107,1344.2441,2766.3962,104.3445,564.9397,796.4199,4.3078,250.9657,337.4852,0.8711,1.3828,0.0000,80.0000,benign
2666.3334,11.9395,14.1789,558.2277,2339.3142,55.2287,139.2243,1692.3915,11.0068,203.1594,245.0414,1.5212,2.2386,0.0000,80.0000,benign
2056.5099,15.5952,7.9763,735.7398,7109.0610,47.5577,1032.8623,3146.1840,12.9998,534.7851,64.3899,0.8449,1.2473,0.0000,443.0000,benign
2763.2735,6.6952,13.2328,306.7686,12405.2630,39.7679,519.0778,2526.1267,5.6655,221.5955,191.9154,1.9612,0.9202,0.0000,443.0000,benign
2014.9726,14.5907,15.8779,1442.9087,3568.6615,130.1419,250.9552,1776.9787,10.9114,205.4921,211.6680,1.9776,0.8291,0.0000,443.0000,benign
3067.9234,22.7947,8.6831,1444.8820,7340.8721,56.6705,952.9797,3463.2226,8.5189,280.3122,281.1895,2.4437,2.0606,0.0000,443.0000,benign
7487.5519,16.1705,11.4225,504.4912,2484.6792,35.2548,244.7818,514.0828,5.3137,242.3900,216.9344,2.0077,1.5774,0.0000,53.0000,benign
2616.6740,9.1732,16.5460,1194.5100,5170.1488,193.6187,321.9832,1871.4728,7.0908,109.2921,201.0234,2.2863,1.0359,0.0000,80.0000,benign
3079.5039,9.2719,11.0834,1325.1757,4816.5628,179.4374,460.5354,1567.0922,5.1561,293.3650,126.8705,1.0783,2.3298,0.0000,80.0000,benign
3217.2006,17.6423,20.3655,1154.2757,6574.7275,77.3759,534.2097,3654.5430,13.5647,63.1331,131.4069,2.4250,0.6073,0.0000,22.0000,benign
1748.9928,4.6669,12.9537,819.4934,4989.9941,469.7477,326.2346,2249.5074,10.8275,247.8929,338.1057,1.9130,1.9594,0.0000,443.0000,benign
2670.2074,15.7630,17.9492,735.9942,4878.3481,40.7512,381.1648,2399.7955,16.2938,278.8141,248.5363,1.0027,1.8645,0.0000,80.0000,benign
3920.9300,6.2769,11.1281,1033.7394,2391.7236,172.9207,208.3743,839.7068,4.6714,389.7820,0.0000,1.6898,2.0997,0.0000,80.0000,benign
4205.6712,6.6557,16.1324,608.3213,3930.6431,91.8339,212.5505,785.3874,5.2255,448.0389,354.6015,0.9765,2.0287,1.0719,443.0000,benign
1711.5860,12.8362,8.0262,810.4019,10186.5676,44.7901,1458.7803,3793.0472,11.1420,237.0313,285.1303,2.1884,1.3705,0.0000,443.0000,benign
2072.5200,9.0903,25.3419,1918.7084,6101.7961,140.7215,244.0426,2974.2800,8.8929,15.4945,100.7561,0.7247,0.9843,0.0000,443.0000,benign
2528.2705,11.4413,20.9613,1740.0464,5112.2435,92.3826,279.3369,2911.7742,8.9151,114.9209,88.8973,0.7358,0.6866,0.0000,80.0000,benign
2969.0022,17.1882,22.4688,662.0542,6018.2881,45.0954,264.9175,2005.6031,7.3324,266.8478,439.7379,0.9232,1.7494,0.0000,80.0000,benign
3448.7963,24.6846,18.7659,1231.3473,1510.2971,90.6491,73.2242,1198.4120,10.6324,506.4619,408.6123,1.9802,0.7912,0.0000,443.0000,benign
3558.5691,13.6896,8.5479,741.9249,4025.0523,36.3008,186.4972,1126.4429,4.4774,321.3012,335.3337,1.0544,1.0099,0.0000,443.0000,dos
2052.9849,20.6982,13.9926,1348.8616,3215.4078,68.2207,242.8223,2011.1456,14.7516,345.0834,149.4448,2.2489,2.1662,0.0000,443.0000,benign
4735.2477,9.8778,13.7212,3084.2002,3253.9566,180.3010,265.5072,974.8322,4.7254,331.0421,238.2616,0.8052,1.5103,0.0000,80.0000,benign
1486.5989,12.8776,26.1443,845.2802,3333.9164,77.2244,203.4467,2811.7343,25.8818,397.6521,305.1612,1.2382,2.6562,0.0000,443.0000,benign
3706.0563,12.8283,19.0698,258.7400,2769.2315,16.5869,211.1239,1374.1852,10.3791,193.9910,272.8839,0.9356,0.9996,0.9694,80.0000,benign
3861.0629,4.7186,2.2028,1320.4710,8691.7274,327.6151,3406.9774,1997.2454,1.4988,161.0972,91.0430,2.3833,1.0753,0.0000,80.0000,benign
3856.9585,11.3707,27.8166,1147.2967,11481.6602,95.9066,358.9142,2771.5274,13.2097,358.2735,155.1200,2.3510,1.8757,0.0000,443.0000,benign
4457.3185,6.9643,23.6125,821.2339,4994.7149,126.6395,164.1521,1091.9645,10.3407,137.4648,203.0693,1.8652,1.5671,0.0000,80.0000,benign
3199.1961,11.6867,13.9920,1788.8077,5093.9806,158.1815,446.8541,2728.3743,6.8718,302.1390,199.1532,0.9439,2.2016,0.0000,3389.0000,benign
2681.7758,13.6853,18.9841,308.8700,7905.2495,20.9069,382.9204,3493.4105,14.7981,259.2519,182.4049,1.6991,1.3249,0.8854,443.0000,benign
2666.3422,13.5447,15.3718,927.0340,10616.3026,94.0180,351.7765,2903.8020,10.5906,173.0061,228.3167,0.8582,1.8218,0.0000,443.0000,benign
4035.1775,16.5837,5.2197,1620.9961,4853.0652,137.5886,728.6187,1818.9677,6.3583,541.5796,14.3779,1.1526,1.0320,0.0000,80.0000,benign
3071.3468,6.1923,8.7655,820.3946,6949.3470,85.7074,696.1053,1211.2069,2.0699,236.8796,476.2792,2.1615,1.0522,0.8537,443.0000,benign
2900.9861,16.0533,8.6385,783.8904,9226.8177,83.9554,771.2740,2056.9616,5.0646,399.9553,438.1909,2.3247,1.3977,0.0000,443.0000,benign
985.1360,16.8353,4.3554,1180.4617,3451.0060,79.1412,1076.2642,5000.2848,12.4536,182.0995,254.8879,1.4697,1.9630,0.0000,443.0000,benign
3714.1639,10.3767,3.4377,892.2456,5387.3477,65.4054,1465.5344,1233.6575,4.6902,223.0638,269.1885,2.2322,1.0454,0.0000,443.0000,benign
2438.9975,6.8735,12.6648,606.8133,5105.1560,84.6563,603.8532,4475.3927,11.9252,302.7402,252.0483,1.0150,1.0276,0.0000,80.0000,benign
1990.4192,21.4541,17.6071,929.0988,8364.0254,52.5875,539.7304,3463.8450,19.4584,130.7653,270.5434,1.1731,1.0312,0.0000,22.0000,benign
4413.2651,2.9131,24.0187,1096.7433,7790.9036,466.9022,287.7790,2016.6510,6.4387,351.2720,317.5725,0.6669,2.4502,0.0000,443.0000,benign
2982.8485,14.6169,18.4598,419.0686,5615.2359,33.2098,283.5723,2372.0870,15.5555,0.0000,307.2224,1.0175,1.6845,0.0000,443.0000,benign
872.3079,10.8393,25.5649,1716.4538,2812.8718,77.7876,220.9468,7330.0592,28.9827,379.0915,142.7298,1.5811,0.9451,0.9346,80.0000,dos
3066.5663,6.8954,12.6627,1969.7652,2429.0367,180.6604,351.3528,1505.4820,6.2622,363.3703,382.2532,1.1470,2.2083,0.0000,443.0000,benign
3948.2916,9.8186,7.8382,1918.0094,5088.9214,164.0208,476.4981,1963.7954,4.6887,404.5925,417.0183,1.9448,1.1349,0.0000,80.0000,benign
4000.4775,8.0069,8.6777,1382.1689,8074.7746,183.7837,495.5452,1586.8391,3.8891,268.9059,338.4998,2.0627,1.8177,0.0000,22.0000,benign
4515.3948,3.1402,11.5687,1911.3865,1582.3237,578.9907,145.8741,597.3173,2.6033,308.4153,230.9206,1.0578,1.7763,0.0000,80.0000,benign
1637.0102,21.9358,17.8649,746.4450,6605.5653,53.5325,233.4302,4418.4487,24.3286,70.6680,336.8508,2.0658,1.1212,0.0000,80.0000,benign
789.8939,15.4939,17.1677,1100.6010,1204.8198,51.1390,72.7402,2434.3347,27.2791,244.0954,366.3283,0.9272,0.8703,0.0000,53.0000,benign
3286.9340,12.8884,17.2964,933.7273,4145.2925,70.5254,240.5716,1928.2199,11.4381,343.4805,113.0959,1.8542,1.5283,0.0000,443.0000,benign
3549.9240,16.7737,15.8281,1939.4241,4539.6428,112.2600,267.1960,1364.6869,8.8545,131.1103,68.5358,1.9359,2.1438,0.0000,80.0000,benign
2933.9569,9.3421,0.8768,1051.7773,5635.7662,129.4892,4826.8767,2042.4180,4.0965,107.9067,435.9241,1.9482,1.3754,0.9854,443.0000,benign
4264.7856,10.8469,11.1949,1677.5394,3639.6194,164.9210,190.0932,2026.0501,6.7872,178.7111,449.4572,2.6457,1.0912,1.2874,443.0000,benign
3591.2436,9.2478,11.7728,1361.0493,3736.6333,70.8422,337.9126,516.9370,3.4056,316.7852,249.8062,0.8431,1.3306,0.0000,80.0000,benign
3670.5478,7.0357,15.3947,771.3849,2119.9594,57.6344,209.8051,836.1874,7.0904,361.1151,148.9816,1.4347,1.3923,0.0000,443.0000,benign
2090.5455,10.2854,8.2520,1626.6730,6572.2190,164.5623,776.0158,5816.5458,8.4503,271.7569,392.2218,1.8845,1.8717,0.0000,80.0000,benign
316.3252,10.6647,25.6260,1250.0914,2085.8043,99.2681,60.7172,13146.9908,116.5722,468.6867,258.5408,1.5705,1.6398,0.0000,80.0000,benign
1160.1282,13.8889,9.5339,1699.9048,3735.0209,81.7913,339.2538,5529.5331,20.8865,89.7361,221.1883,0.7622,0.8324,0.0000,80.0000,benign
2236.5481,12.5099,8.3480,1397.1513,4302.3349,114.2144,575.4430,2355.2050,8.7389,343.2267,308.2753,1.2526,1.0590,0.0000,80.0000,benign
1162.4246,17.7097,6.3115,1279.6065,8406.7610,56.6346,903.8560,5969.4488,17.4402,369.4872,191.1970,1.3832,2.1488,0.9826,3389.0000,benign
7158.7510,6.4034,3.5185,1007.0007,2024.1775,162.6210,389.9442,245.3977,1.5015,174.9613,105.6263,2.3926,1.7075,0.0000,80.0000,benign
3687.9762,12.8151,19.8370,2656.9349,6134.6371,231.0068,431.7732,3557.9250,11.0793,272.6514,191.1821,2.0267,2.1766,0.0000,22.0000,benign
2322.6780,24.2952,13.8827,723.9460,0.0000,36.9566,0.0000,337.8012,14.6998,199.6958,236.7082,2.1575,1.1138,0.0000,80.0000,benign
2213.3415,1.1957,21.6190,297.9672,5430.4129,195.2662,278.8033,2127.5859,11.3068,74.4507,709.2473,0.9727,1.0174,0.0000,80.0000,benign
3858.4382,14.9550,15.2016,1190.0671,2783.9183,73.9107,154.4727,866.5723,9.0009,329.8068,180.4078,1.2156,1.9078,0.0000,3389.0000,benign
425.6413,17.8562,11.6423,0.0000,5122.8667,0.0000,386.7086,5492.4341,36.1973,187.2599,456.6160,1.8877,1.4645,0.0000,443.0000,benign
1384.3828,25.1569,20.8941,1376.6865,1908.4066,49.5616,100.2822,1728.2841,21.7813,197.0796,120.0269,1.1254,0.8381,0.0000,22.0000,benign
6208.8168,1.0637,6.8792,630.5599,7627.1596,825.9887,1048.5347,1024.5542,1.3752,272.6849,180.2452,1.8829,2.3100,0.0000,22.0000,benign
3311.5482,10.8690,14.1830,2300.7249,3258.5707,157.2735,180.4850,1928.6852,7.1223,127.9539,222.7083,0.9790,1.0748,0.0000,80.0000,benign
3587.6065,11.4958,16.8392,1780.6914,6283.3194,161.3437,365.7385,3075.2895,6.3018,218.8242,166.1007,1.7016,1.3766,0.0000,80.0000,benign
2471.7010,12.5971,4.6970,1705.5115,6419.1559,144.4057,1053.6660,2362.3719,4.4994,235.5834,270.3060,1.1213,2.1465,0.0000,22.0000,benign
3690.8391,16.5071,10.7570,753.6991,3263.9718,48.1822,347.1851,1252.2252,7.8460,556.2976,278.9015,2.0557,2.7922,0.8109,3389.0000,benign
3648.5484,8.5277,15.4872,815.1511,5227.8759,114.1200,450.0111,2483.8032,5.8774,99.0702,114.1812,0.8119,2.0934,0.0000,443.0000,benign
1034.1511,20.1242,0.0000,1889.4601,5193.2327,70.5797,6410.8450,9358.8511,21.3122,95.3515,48.8990,1.0380,1.4964,0.0000,443.0000,benign
1816.1396,7.3027,10.9120,1195.0965,2721.7185,129.4395,235.3259,2404.5781,10.7158,358.6291,159.4011,0.7619,0.8604,0.0000,80.0000,benign
6893.3798,4.8432,15.3372,1926.7357,11459.8086,231.3014,479.2696,1526.1236,2.8532,149.4859,218.4717,1.1421,2.6616,0.0000,22.0000,benign
5492.9984,7.7620,14.2062,1160.4342,6768.2352,128.8798,454.9190,1695.6968,3.9328,299.6762,267.1543,1.1459,1.6433,0.0000,443.0000,benign
3033.9592,20.3488,12.0579,847.5573,2688.7119,48.2405,364.3782,1329.7359,7.9346,453.9238,215.8407,0.8038,1.5231,0.0000,443.0000,benign
2937.7061,10.3325,14.3406,1429.4014,5110.9050,299.5841,345.7266,2485.7611,6.6528,286.4169,99.0483,2.0907,2.7937,0.0000,443.0000,benign
0.0000,16.7510,19.3395,1719.0630,7736.1660,152.8402,272.6260,964051.3631,2496.8049,237.0875,226.0133,2.1344,1.1485,0.0000,80.0000,benign
5605.8960,10.4679,7.0655,1773.2623,3375.7760,134.5856,458.9383,1063.2304,3.0998,268.8116,173.5006,2.0838,2.5184,0.9071,53.0000,benign
2535.7895,17.9574,4.2989,1881.9927,10825.0041,96.6230,1751.0189,4692.7277,14.0901,725.3700,225.0724,2.3599,1.0249,0.0000,443.0000,benign
4553.1185,6.0195,11.3689,631.0769,3626.9036,108.4288,216.0200,845.1252,5.4867,302.0125,423.7748,1.1897,1.7220,0.7575,443.0000,benign
3265.3874,12.2324,6.7094,1500.1693,3369.5892,118.0059,411.5419,1034.9252,4.2395,395.3893,134.4104,0.8806,1.9094,0.0000,3389.0000,benign
5250.9440,8.3318,19.4228,1199.4121,7811.2759,68.7232,425.4821,1922.7085,5.1272,346.2130,363.1452,1.0860,3.0073,0.0000,443.0000,benign
4829.3166,13.1485,9.5619,1255.9195,10201.2020,110.0828,960.8744,2227.5383,5.1514,304.8275,253.7692,1.3653,1.7361,0.0000,22.0000,benign
3820.1716,5.8646,6.4354,1285.7721,3023.8164,215.5513,315.3042,1080.8045,4.2021,273.4662,88.3008,0.9644,0.8298,0.0000,22.0000,benign
2015.6174,10.2541,0.0000,470.6402,8464.1280,18.1280,8343.6606,2734.8028,6.1842,320.5168,223.6144,0.7525,0.7458,0.0000,443.0000,benign
489.8848,8.5517,14.1133,909.0650,1162.9169,90.6420,89.5783,3735.3521,50.4410,228.8424,375.4032,1.0502,1.0458,0.0000,443.0000,benign
2610.2707,9.2620,11.9038,1079.0667,5461.6414,123.8041,582.7477,1923.8996,9.0823,385.3927,169.8360,2.1017,1.3740,0.0000,80.0000,benign
3185.6642,14.0034,25.6176,1762.8143,7342.7519,132.8493,346.1932,2980.2719,5.2517,410.1219,283.1073,1.8961,0.8135,0.0000,443.0000,benign
3418.8736,11.5202,3.4555,353.2264,4731.5018,40.9793,1689.2914,1359.8307,3.1163,491.8360,106.8617,2.0281,2.0867,0.0000,443.0000,benign
4219.6774,20.3149,10.9889,1204.5381,1839.5193,92.3990,201.8895,832.7998,6.3209,475.6444,563.3257,1.0064,1.0086,0.0000,53.0000,benign
2761.1527,6.7411,13.7944,1020.0582,4023.0375,173.5026,344.7849,1731.1411,6.8460,270.5545,334.9858,1.8586,0.7978,1.1797,22.0000,benign
3011.2087,12.4321,13.8471,1048.1117,2266.6030,95.4807,80.4519,781.1554,7.3989,388.5032,325.4592,2.0738,0.9872,0.0000,443.0000,benign
2474.9992,12.6068,7.4230,914.8326,5491.2363,64.1609,533.5314,2970.0750,5.6212,353.6065,105.2458,2.7270,1.3120,0.0000,3389.0000,benign
2691.5101,21.1770,22.7753,956.8538,5406.7579,40.7006,273.5807,3202.5820,22.4948,322.4355,576.3676,0.9670,1.7043,0.0000,53.0000,benign
2673.3587,3.5702,15.9549,575.4082,5014.2738,137.1514,594.0803,2723.9142,6.5983,169.2074,270.3630,0.7786,1.8203,0.0000,443.0000,benign
3298.0782,15.2221,15.0643,866.2949,3061.9395,86.4466,234.7257,2158.3935,10.3831,64.3646,450.8546,0.9845,2.0881,0.0000,443.0000,benign
2529.9862,9.5275,12.9725,655.6370,5118.5115,106.5227,239.4085,1207.5598,6.9376,136.3664,407.2576,2.4017,0.8122,0.0000,80.0000,benign
3863.7810,13.7985,6.9938,1254.3564,7978.2949,100.4134,1496.2920,2100.9517,5.8091,243.6106,59.2624,1.0422,1.1038,0.0000,443.0000,benign
7707.6495,2.6981,3.3194,1377.7264,1979.6593,736.7496,514.7382,397.1470,0.9957,343.1766,151.2421,2.5855,0.7386,0.0000,80.0000,benign
1534.0680,1.5763,17.1210,989.1471,3491.9177,519.5565,192.2891,2303.6415,15.3971,515.7572,324.4989,1.0102,2.2372,0.0000,443.0000,benign
2090.4412,10.5511,14.9803,1710.0780,1996.2260,149.3258,199.0685,1640.9987,11.6122,162.9133,292.8294,0.6710,1.9191,0.0000,80.0000,benign
2837.9657,18.6827,5.2152,1206.4948,4625.4118,65.1623,718.1180,2401.6477,13.9298,318.5619,292.2050,1.9356,0.7584,0.0000,80.0000,benign
3705.5620,11.1130,16.9783,859.6571,4197.4670,113.6840,220.7155,1840.5816,10.7440,363.8271,444.0592,1.4868,1.2691,0.0000,443.0000,dos
230.9395,8.0179,11.8997,987.3604,4462.2174,98.2229,529.6676,21123.8178,65.1889,104.0707,198.9004,2.3594,0.7886,0.0000,443.0000,benign
0.0000,14.1527,16.4708,2015.5098,4692.3689,91.7412,170.2227,339539.8746,3091.7273,297.8239,332.0450,1.0779,0.9933,0.0000,53.0000,benign
3211.2423,19.3126,7.4085,960.2735,3621.5282,59.5142,514.2897,1298.7337,8.3384,261.2729,311.4164,0.7643,2.3939,0.0000,80.0000,benign
4236.3053,12.3755,9.1410,2711.1891,5781.5369,283.6119,894.8929,1533.2379,2.3729,519.1761,441.0048,0.8882,0.9524,0.0000,443.0000,benign
0.0000,3.0320,5.6754,1560.2680,3171.4063,445.2765,416.5097,464179.0662,862.1745,661.0433,106.4967,1.0051,1.1398,0.0000,53.0000,benign
715.9042,11.0607,16.8635,726.0240,13026.7109,46.9740,987.2439,15520.3875,21.1830,97.8536,350.3758,2.6060,0.6911,0.0000,80.0000,benign
4125.4648,14.1243,5.9906,1600.8285,3735.8324,133.9608,664.8416,1071.4970,3.9380,154.8755,324.5715,2.4190,1.0125,0.0000,80.0000,benign
2837.2071,2.7992,21.0542,709.5328,1884.4229,311.0644,138.7745,1245.5334,6.5383,653.9471,247.2688,1.5657,0.5588,0.0000,80.0000,benign
1754.0010,19.7226,13.0854,1142.2446,4055.6730,45.5570,233.6720,3479.0828,21.4011,287.3356,264.4588,1.3808,2.1131,0.0000,80.0000,benign
3888.5280,6.3875,23.4805,848.8440,4935.0922,193.8050,203.6596,1352.8202,6.9507,356.7555,388.7629,2.3540,0.8721,0.9384,80.0000,benign
10424.2808,10.1747,12.5156,1046.5523,5768.9071,114.4867,313.0924,584.6587,3.1047,312.0194,250.3809,2.2643,1.7997,0.0000,53.0000,benign
2749.2758,10.0618,19.0859,1428.2619,2534.8669,110.6871,251.8166,2674.8283,8.2427,180.8563,355.0215,1.0780,1.0019,0.0000,443.0000,benign
2295.9421,11.7197,11.4168,407.7396,4587.5841,36.4104,544.3236,1522.5617,8.2811,401.2201,399.7029,1.8248,1.8326,0.0000,443.0000,benign
5372.5256,18.8997,18.8005,1011.8887,5385.0988,44.3107,263.6268,1081.8210,8.3953,185.1074,304.9042,2.1073,0.9699,0.0000,53.0000,benign
6215.2220,4.5597,15.5554,838.9145,4297.9586,91.2607,231.7015,967.7732,6.3889,153.5720,330.7285,2.1994,2.2961,0.0000,53.0000,benign
2592.8074,16.4154,21.0474,1701.6421,4687.4627,182.4903,217.7456,2444.6331,11.6500,267.2823,310.0352,0.8764,0.9906,0.0000,80.0000,benign
4061.7962,11.5359,16.8586,942.4347,3249.6700,54.3584,156.1174,1148.9663,5.2380,124.7533,247.0110,2.3151,0.8353,0.0000,443.0000,benign
3272.1260,11.7430,11.5684,2291.5104,6788.9993,91.1967,340.3180,2277.5522,10.5654,243.6835,37.6183,0.9146,0.7830,0.8956,443.0000,benign
1591.8110,4.7806,14.1420,1080.6492,3945.1278,312.6769,224.6913,2003.6139,9.2540,205.3210,211.2318,1.0379,1.1791,0.0000,80.0000,benign
5191.7119,6.2837,7.0633,1630.2150,155.6279,291.1530,31.7989,509.6928,2.3787,251.8294,292.0024,0.8788,2.1182,0.0000,80.0000,benign
3826.9539,11.1355,15.7314,904.0161,6549.7329,61.8056,599.1068,2520.3006,9.9183,126.3435,285.0642,2.1969,1.0752,0.0000,443.0000,benign
2639.4151,9.7727,8.8416,2093.8489,4698.0613,185.4435,331.7057,1238.2790,9.4466,443.4256,226.7059,1.0464,1.0077,0.0000,443.0000,benign
3499.2257,5.1053,6.7776,1517.0506,6631.1197,427.1642,984.2683,2157.4351,2.6163,102.2104,357.0528,1.9210,1.0422,0.0000,443.0000,benign
4087.2836,9.1481,19.4282,1271.6161,1579.3794,124.5319,172.0494,914.4631,7.2098,826.3909,211.9352,1.8264,1.7015,0.0000,443.0000,benign
5225.6695,14.3646,16.3180,1350.8551,5066.0954,100.6061,395.2866,1525.8674,7.0760,480.4918,408.4781,0.6283,1.4711,0.0000,3389.0000,benign
4418.3134,10.5467,10.2986,2089.3859,4890.4151,153.5631,402.7009,1329.9679,4.5087,448.0073,62.3971,0.6563,2.1020,0.0000,443.0000,benign
3733.7869,13.2578,18.3462,414.9391,5144.7282,36.3171,248.5143,2088.0222,6.8946,368.9060,293.0840,0.9726,1.1468,0.0000,80.0000,benign
3275.6793,17.6771,15.5119,935.9121,6617.4851,92.6183,470.7748,1801.8413,8.8241,531.3223,337.0470,2.2870,1.2834,0.0000,443.0000,benign
5146.4287,20.8090,15.6937,1143.8809,5636.8030,50.4444,318.9993,986.1006,5.2401,515.9990,65.1021,2.5991,0.8988,0.0000,443.0000,benign
4786.6305,8.5581,10.9166,2123.3295,4015.2430,186.8256,294.5111,1803.5330,3.9727,270.5070,32.6642,0.9488,1.1887,0.0000,443.0000,benign
2604.0798,17.2372,12.1392,1256.4625,8206.3817,88.1243,759.6942,3153.8524,9.5542,221.4090,273.1035,2.3541,2.2133,0.0000,80.0000,benign
4358.0220,5.7785,7.7314,1525.9084,2703.2132,281.6421,339.6599,1688.5085,4.5340,200.7573,439.1970,1.3198,1.1172,0.0000,443.0000,benign
4161.8094,15.8917,18.1017,1555.4853,3958.5893,78.1531,113.5688,487.8052,4.2839,208.6664,235.5269,1.7640,1.1493,0.0000,443.0000,benign
4074.4240,7.5514,8.1101,1440.2383,6516.3655,249.2558,806.4596,2095.5218,3.8275,276.0472,127.4797,1.3134,2.0705,0.0000,53.0000,benign
2621.9270,0.9174,3.0562,1041.9181,2570.4266,1374.2602,1146.8089,1497.7251,1.4036,382.8218,308.7965,1.4988,1.5138,0.0000,80.0000,c2_beacon
3790.2394,7.0639,22.1895,1675.6130,7618.1805,287.8061,253.7722,1870.5253,8.1867,256.3443,158.7133,1.7138,1.2193,0.0000,443.0000,benign
8035.4495,16.9898,12.9243,1798.6231,6422.8609,134.2959,500.2483,1405.2487,6.2231,434.2172,139.9629,2.6906,1.0687,0.0000,443.0000,benign
5795.7329,16.3856,10.2844,1066.2997,7642.1594,98.0259,587.4207,1218.8462,4.3959,508.0093,406.4054,1.7313,1.8708,0.0000,443.0000,benign
4411.3767,11.0581,20.2899,1731.4470,4395.0045,135.8085,149.1732,1428.0998,10.2719,131.4484,181.2924,1.2566,2.2080,0.0000,3389.0000,benign
171.9498,20.0787,1.9963,373.1934,6029.8773,32.7559,2034.2681,44686.2797,113.1618,142.8698,278.5260,1.7578,1.1522,0.0000,443.0000,benign
5858.3682,9.2720,17.4392,1483.7743,3744.2120,191.3182,573.8427,1600.8842,3.3048,288.0838,201.9271,1.2250,1.9523,0.0000,443.0000,benign
3642.4507,6.6850,12.6858,679.6572,7175.0198,67.5781,287.1187,2372.5394,6.1342,503.7812,270.0694,0.7623,2.1480,0.0000,443.0000,benign
3574.0811,12.1312,12.7584,920.4519,7506.7461,113.6764,802.4515,3358.5796,9.4694,381.5298,203.6200,1.1257,1.0004,0.0000,443.0000,benign
2421.2100,7.9837,18.6591,1268.2940,4756.7602,165.2930,370.7782,2544.3756,11.3054,362.6078,193.6471,0.8728,0.9629,0.0000,3389.0000,benign
2356.0950,8.7571,17.3306,687.5655,3168.0424,70.1555,176.5114,1483.5761,6.2203,352.6813,207.0562,2.0182,1.7287,0.0000,22.0000,benign
1741.9465,8.5320,17.7679,1902.9282,5326.9614,105.5573,283.1275,2929.4099,21.2117,102.7053,268.3879,1.9642,1.0569,0.0000,80.0000,benign
3277.4489,13.8888,14.1091,1956.5282,8479.9689,119.8942,255.2952,2628.5348,9.5634,273.1771,269.2321,2.3178,0.9849,0.0000,80.0000,port_scan
3437.7412,10.5928,10.7395,1876.3258,6189.5317,128.4128,541.4890,3287.9769,9.6646,265.4829,267.7102,2.3984,1.9978,0.0000,80.0000,benign
1069.1774,18.4635,14.5397,1114.2863,5322.0621,55.6498,204.9419,6789.9917,54.4715,443.3065,193.6795,2.8875,1.0327,0.0000,443.0000,benign
3848.9667,1.9122,21.6712,1275.5952,7282.7659,482.2049,242.1085,1472.7550,6.3699,162.9439,207.8037,0.9144,0.9604,0.0000,80.0000,benign
4100.0030,9.3612,9.4909,1091.0580,3893.1909,119.5105,620.9804,1024.9705,2.6114,530.1364,295.1589,2.0408,0.9939,0.0000,80.0000,benign
1164.5748,19.2313,7.4828,1449.4879,4563.8686,78.4414,554.3967,5108.9167,26.0719,96.6439,166.8235,1.0952,1.4709,0.0000,80.0000,dos
2162.9641,10.3589,16.7391,2464.6599,8858.6569,263.9516,487.3377,6255.1534,13.3103,237.5558,231.2846,0.9958,2.2263,0.0000,80.0000,benign
3701.1341,4.8908,19.9540,1708.9318,10003.8744,196.3650,413.8737,3228.1569,7.1216,311.3025,91.4058,2.2871,0.9991,0.0000,443.0000,benign
3291.4360,13.2770,15.3457,1419.1942,2166.4043,101.4492,144.4031,749.8620,9.3162,168.8124,343.8810,0.7383,0.7894,0.0000,443.0000,benign
5802.3273,16.2583,22.6222,1445.5603,2779.1940,85.8490,193.4985,578.3989,7.4035,456.2127,290.6456,0.9766,0.9116,0.0000,443.0000,benign
2019.9669,10.3367,18.4680,1646.6290,2898.7084,178.2080,171.4756,1330.2672,10.2618,411.6068,173.4796,2.3844,1.3303,0.0000,3389.0000,benign
2418.0404,12.4095,24.7126,1880.1679,4717.1863,137.1979,293.5307,1706.4239,10.5025,207.0890,248.6710,2.2667,0.9607,0.0000,443.0000,benign
2928.0718,8.6435,27.8015,1268.4723,2691.3919,113.8621,206.6438,1516.6168,10.1917,364.2942,116.2680,2.3807,1.9064,0.0000,443.0000,benign
4300.8111,16.2867,18.7409,1338.6678,2912.6213,110.6297,119.7162,789.9948,9.1164,382.8950,192.5300,1.0200,1.9025,0.0000,3389.0000,benign
3758.5855,0.4823,7.8523,699.8537,2903.2545,830.0005,415.0863,1699.2781,2.5824,436.4996,242.1355,2.0989,2.2063,0.0000,80.0000,benign
1461.0819,5.2994,20.1910,1865.8966,3518.5944,351.5951,228.7689,3299.3706,17.1827,241.1852,183.9367,0.9861,1.0715,0.0000,22.0000,benign
4605.6791,17.0354,18.9640,1135.9417,3306.6832,100.9784,162.1290,760.6674,9.9429,285.8209,10.4699,0.9144,1.9250,0.0000,443.0000,benign
4789.6453,16.9572,23.0122,962.5247,4531.5718,62.3525,154.7805,1232.8064,7.8456,127.4570,173.3464,2.3399,1.3460,0.0000,443.0000,benign
3057.7212,6.0211,11.0647,700.3463,9126.6362,77.8395,952.7613,2755.0739,5.2615,0.0000,155.9784,1.0433,2.3113,0.0000,443.0000,benign
2873.2870,15.1439,17.1382,1326.7940,3870.7407,63.1006,174.4945,2646.4327,16.6927,338.5674,328.6540,2.1603,0.8839,0.0000,80.0000,benign
6154.4828,24.8042,7.4684,934.5326,3400.6468,34.2193,325.2672,840.0528,4.7547,483.4083,431.7243,2.0589,1.9401,0.0000,443.0000,benign
5107.4646,24.3749,9.5015,1359.0165,3204.6352,114.4056,357.7164,1318.6110,6.2127,351.8330,249.8654,0.8960,2.0938,0.0000,443.0000,benign
4820.9019,9.0668,20.4277,1446.4587,6585.6976,159.5725,402.5108,2829.6956,5.9482,287.2773,261.2762,2.2059,2.2921,0.0000,80.0000,benign
2739.9584,5.7737,14.0437,1324.2941,5591.1762,267.8663,289.4139,2196.2279,7.8789,239.6060,126.0665,2.5793,1.9085,0.0000,443.0000,benign
2213.9669,14.9915,7.0230,844.0715,3567.9742,54.4871,335.3883,1653.8495,7.2505,349.0208,134.9862,2.1386,1.1199,0.0000,80.0000,benign
7256.8095,14.8480,9.6677,1130.4714,0.0000,55.3876,0.0000,237.4680,6.0065,384.1602,254.5756,1.9547,1.0130,1.0561,80.0000,benign
2937.2373,25.8574,2.8688,334.5242,4981.3486,18.5560,1246.9941,1266.5306,4.6215,72.7232,315.3367,1.9978,1.1988,0.0000,443.0000,benign
1784.5367,6.7695,14.9281,1120.4219,4414.3408,258.2090,252.5572,2581.0660,10.6334,308.4863,303.3357,1.4789,0.9771,0.0000,80.0000,benign
5099.1758,14.7969,5.7442,570.9569,6406.4392,63.2079,1189.2871,1088.5572,4.0721,198.6819,173.3995,0.8387,1.1691,0.0000,3389.0000,benign
8550.5092,11.3801,17.6648,848.1018,5316.5249,64.9601,280.4744,935.3999,5.3930,272.6060,128.0423,2.1285,2.4143,0.0000,80.0000,benign
2796.4987,13.7015,20.3221,1298.0145,250.2462,75.9533,24.0225,755.5988,8.8907,151.7375,231.2223,2.2972,1.0838,0.0000,443.0000,benign
3376.6858,13.8543,20.1134,1274.6710,2066.7035,68.2953,91.4641,691.3523,12.3669,119.9568,129.6744,2.7433,2.5673,0.0000,443.0000,benign
5875.2278,22.1478,0.0000,928.0507,2091.9456,92.1903,2388.8701,584.5569,1.8928,287.2349,246.4577,1.4865,2.3642,0.0000,22.0000,benign
8248.5450,14.5944,10.8120,856.8783,5198.5757,99.0531,339.6595,1049.2481,3.6967,300.7599,243.4588,0.9199,0.8827,0.0000,443.0000,benign
2761.2995,18.3083,6.5021,986.2270,4249.0829,83.3242,569.1011,1588.6515,11.6114,257.4388,244.3793,1.1191,1.5028,0.0000,22.0000,benign
3724.5488,12.1835,23.5948,849.6209,0.0000,81.7820,0.0000,326.7295,8.1069,255.8341,120.2636,1.0170,2.2943,0.0000,22.0000,benign
2640.5835,9.9758,15.4195,147.9016,6303.7963,30.6169,570.5539,1411.1328,7.4000,366.0764,208.6875,1.1582,0.9146,0.0000,443.0000,benign
1645.7115,4.4727,9.5190,1362.1720,5854.8590,228.7287,577.7378,2863.7338,7.4784,371.4471,285.6409,1.3432,1.1319,0.0000,443.0000,benign
2534.3312,14.1981,0.2701,1094.0722,2672.7629,129.9162,3714.6935,1043.8540,3.7474,143.7079,169.1279,0.7580,2.0486,0.0000,80.0000,benign
4335.5707,23.6687,9.4376,1223.1889,2500.9808,60.7856,287.5105,936.7565,7.4709,254.6324,254.1432,1.4311,1.8456,0.0000,443.0000,c2_beacon
5638.9823,13.3877,14.1163,946.2188,6960.6962,54.7267,429.2088,1647.3591,7.1852,164.6617,110.9276,0.9669,0.9982,0.0000,80.0000,brute_force
3435.3736,13.0890,12.1515,877.0641,4540.6010,64.8211,320.1498,2761.0746,13.0559,0.0000,171.9760,2.1999,0.8337,0.0000,443.0000,benign
2799.4175,14.7539,15.9581,1070.5588,3461.8615,55.6532,256.8891,1988.1488,14.1336,363.7219,142.1478,0.9378,2.0866,0.0000,53.0000,benign
1925.7934,1.3831,16.4541,1493.2672,1749.4921,612.6672,69.5633,1584.0564,8.6820,114.1280,394.9835,0.7472,1.7411,0.0000,22.0000,benign
1759.7452,2.3282,12.8924,1101.0880,5825.3026,711.7370,399.7896,2542.3394,11.0949,57.7657,303.2414,1.7262,0.9098,0.0000,443.0000,benign
5409.1272,11.0039,5.9445,830.7878,2832.2195,59.8741,357.1252,926.8936,5.6795,78.9272,377.5846,0.8483,0.8082,0.0000,80.0000,benign
4876.9812,25.6002,12.2737,605.7885,3524.7915,26.6364,581.2336,1241.2480,11.9989,327.4113,224.1149,1.5407,1.6923,0.0000,22.0000,benign
6214.1360,11.0396,11.3011,1477.4843,5963.8271,104.6400,526.6681,952.5919,3.1397,400.5085,97.9207,1.4067,0.7766,0.0000,80.0000,benign
2112.7026,15.9338,8.6483,1242.1171,8631.1380,99.4308,469.8540,2520.9342,7.4881,371.9492,55.8138,1.0948,1.4070,0.0000,80.0000,benign
7569.0737,6.0621,15.3028,1072.6509,2852.4526,151.8756,252.0860,462.7760,2.5223,289.4609,299.4726,1.6341,2.4366,0.0000,80.0000,benign
4157.7392,18.5201,6.3403,1475.9377,3743.6505,49.4391,522.0819,1368.6157,5.8630,141.2982,389.3229,1.0674,2.6149,0.0000,80.0000,benign
4165.1283,18.6254,19.0943,1449.3667,5797.7904,91.5477,446.5059,1678.0367,6.5240,386.9328,229.2427,0.7473,0.9192,0.0000,80.0000,benign
5231.0504,15.0476,12.2662,424.2109,1795.9519,27.7984,186.6638,573.2680,6.8617,384.3694,418.2721,1.3049,2.4580,0.0000,80.0000,benign
2631.4380,11.0976,2.0442,764.2698,2694.4130,90.8627,1260.5486,1140.4324,5.6874,519.0736,457.6517,2.4058,1.8244,0.0000,22.0000,benign
3262.8487,11.9759,24.2231,1658.2257,4270.7450,153.4440,159.1739,1687.5504,9.7908,265.6288,98.4330,0.8560,1.1332,0.0000,53.0000,benign
2588.9510,4.3667,13.0668,2432.0015,2213.4970,359.5077,381.1379,1401.7071,5.1901,436.8027,171.9762,1.0975,1.8712,0.0000,80.0000,benign
4690.3062,13.1802,12.6619,0.0000,5154.7626,0.0000,461.6707,808.1020,4.1993,372.7042,192.7281,1.0926,2.2230,0.0000,443.0000,benign
3937.6572,8.4011,15.2957,554.5633,8913.3491,80.3002,552.8240,2462.3920,4.9393,316.3710,39.2794,0.8442,0.7620,0.0000,443.0000,benign
3737.1038,5.3260,11.6125,1074.1412,2723.9701,149.8097,176.5419,626.8167,3.6376,260.0715,239.4621,0.9631,1.6294,0.0000,443.0000,benign
4440.2654,17.4399,20.0052,1028.3065,4120.9746,77.1212,248.1538,1436.3809,5.3782,207.6247,149.1388,1.2591,0.9005,0.0000,22.0000,benign
6055.2445,13.2336,13.4057,1799.0996,7698.8799,107.4249,761.0769,1394.4764,3.7629,349.3921,200.1352,1.7296,2.0581,1.0356,80.0000,benign
5333.6209,21.7712,22.7384,1625.5787,2252.2867,82.4889,167.0237,983.5614,8.1621,419.1721,119.7708,1.4593,0.6435,0.0000,443.0000,benign
481.8191,13.5714,5.5104,400.7344,4626.6040,22.3647,576.0484,10684.8697,43.5991,332.6463,191.4295,2.0448,0.8416,0.0000,443.0000,benign
5215.9152,0.0027,8.5891,1216.7391,6017.8157,1281.2256,1176.9876,1760.4097,1.2547,212.5153,208.9889,0.9198,1.6393,0.0000,80.0000,benign
361.3516,23.8699,21.6827,531.6911,9772.8592,38.3456,390.3280,23303.7209,82.4380,177.4902,250.7534,0.9941,2.1617,0.0000,80.0000,benign
8323.0299,9.4677,12.2997,508.2373,2871.7513,51.9077,288.4896,433.8610,2.5508,118.7366,169.9880,0.7819,1.1836,0.0000,443.0000,benign
931.4605,4.6082,12.6754,959.9661,1280.0892,164.5168,249.2635,2067.7652,8.3959,269.0615,8.5510,1.0102,1.1414,0.0000,53.0000,benign
3738.2944,4.3353,13.0745,1598.3916,5159.6592,378.9624,208.7690,2191.6951,5.2140,458.1961,130.4322,1.1356,0.7317,0.0000,443.0000,benign
2214.6612,13.1315,14.2574,2061.7586,7775.8748,195.2358,696.3984,4650.0997,10.8413,175.7003,179.5796,1.1292,2.2519,0.0000,80.0000,benign
5503.7570,14.2578,7.2292,833.7419,2581.5693,79.2652,288.9118,522.5872,2.6377,406.7165,35.2856,1.0506,2.2060,0.0000,53.0000,benign
4884.0490,1.1007,0.0000,1935.3362,7404.9001,1232.2936,7373.7529,1336.2598,0.2760,286.4422,196.1022,1.2904,1.0146,0.0000,80.0000,benign
3163.7929,8.2693,18.7253,1862.1766,5398.0028,206.4330,194.6033,1866.8705,7.7440,574.0608,176.5319,2.5840,1.2388,0.0000,443.0000,benign
4348.4136,18.6061,24.4536,1425.1707,5983.3906,106.0915,405.2746,2479.6709,13.8921,208.6478,299.9428,0.9093,1.0509,0.0000,22.0000,benign
5535.4447,22.4621,16.1497,262.3985,8459.6864,16.1488,474.4821,2210.7112,4.6600,274.1090,367.7144,2.6560,0.8512,0.0000,3389.0000,benign
1678.5451,10.6900,10.4600,663.2354,2078.5268,125.2299,181.2319,1885.9457,16.6711,22.7214,128.8659,1.0196,1.9142,0.0000,80.0000,benign
7228.4875,7.5118,8.1369,183.0934,3414.7692,32.4336,405.3652,562.6784,1.9498,234.0919,248.6857,2.1118,2.3810,0.8205,443.0000,benign
5422.2883,27.5217,24.8069,602.2280,5060.9714,27.0708,311.2647,1409.6382,14.9070,244.2398,116.1030,1.0484,2.1542,0.0000,22.0000,benign
4164.7522,7.1608,14.3286,607.8685,3129.0778,147.4704,409.6365,1378.3616,5.4984,405.4758,128.6586,1.8699,2.0904,0.0000,443.0000,benign
1558.5051,11.7671,20.1645,2353.5869,6480.5147,151.7589,288.7773,6113.2529,32.1809,198.8944,157.0466,2.4976,1.8035,0.0000,443.0000,benign
4532.7318,10.2831,22.7009,1799.9363,3438.2985,118.8411,156.8617,1139.1714,7.4514,246.1450,149.8435,2.3984,0.9247,0.0000,80.0000,benign
2602.2867,13.7020,19.2318,1561.6870,4934.7638,163.2486,213.5103,2158.0985,12.6292,273.2247,307.9629,1.4838,1.6287,0.0000,443.0000,benign
3098.8162,4.9965,12.0639,464.6603,5869.4573,84.3450,564.1476,2557.9551,8.7309,361.0685,258.2776,1.0212,1.2509,0.0000,80.0000,benign
3039.4508,11.9568,11.9514,20.8560,7195.2015,0.9181,382.6620,3024.6733,10.6139,453.1628,174.8167,1.8384,0.8967,0.0000,80.0000,benign
8707.8550,22.2198,22.4688,1299.9630,3212.5754,69.6135,137.0875,597.3307,6.3753,253.2435,276.5313,2.2764,1.8801,0.0000,3389.0000,benign
2827.8302,11.3930,9.7994,784.0722,7187.8036,53.6434,407.5635,2218.9149,9.3319,406.7800,224.9284,1.5503,2.1311,0.0000,443.0000,benign
1042.6576,15.8045,12.4341,866.9046,6409.0644,59.4762,526.9526,6259.9614,22.9961,180.5795,232.7552,1.8016,2.1639,0.0000,443.0000,benign
940.1002,4.2607,2.8335,1152.1793,5650.5668,274.5292,1786.2146,2731.2885,2.6357,35.1034,372.3722,1.9350,1.4218,0.0000,80.0000,benign
1320.6981,10.4298,11.7600,923.7896,3609.6035,80.8033,215.4694,5613.1992,28.7872,145.0293,301.2756,0.8991,2.6015,0.0000,22.0000,benign
4256.8446,26.3975,9.9529,1635.7417,4469.7276,82.5609,323.6724,1417.2237,9.4921,338.9797,322.2555,1.6760,0.8860,0.0000,22.0000,benign
1876.2607,19.3814,22.8697,212.4299,5704.3184,11.7293,232.3088,4754.2969,19.3163,192.1054,184.2287,1.1001,2.3003,0.0000,443.0000,benign
3324.6642,13.3304,9.4353,2404.4777,3147.6441,148.0898,335.4773,1340.8119,10.4373,335.6813,211.5591,1.6133,0.6767,0.0000,80.0000,benign
2969.0516,18.1384,21.8625,553.4999,6366.2760,30.4176,662.5797,2592.6378,11.4687,357.4232,258.9985,1.8859,1.7132,0.0000,80.0000,benign
911.2760,8.4813,12.0855,1479.3923,4972.6935,145.0206,481.9069,6368.9572,17.9544,563.3887,165.2123,1.7848,2.2411,0.0000,80.0000,benign
2414.7006,25.3670,4.2082,1398.0382,3895.0449,85.5332,613.6266,2621.0899,8.8023,48.5944,390.4406,0.9256,1.2285,0.0000,443.0000,benign
4564.9121,4.1097,7.0779,410.9901,5452.3303,54.3850,716.6277,1862.3002,4.5897,276.7685,284.5436,2.3247,2.0574,0.0000,53.0000,benign
1835.1161,14.9498,19.8186,693.4351,3106.4315,65.0117,219.5216,2596.5962,23.8200,224.8375,209.6781,0.8637,1.1825,0.0000,80.0000,benign
4240.0576,4.7935,17.9802,1245.4206,4825.7697,330.5722,244.1853,1088.7099,3.4141,475.1210,344.7613,0.8903,2.2443,0.0000,3389.0000,benign
3121.8222,9.8616,11.8417,681.4836,4787.3754,71.8919,313.0803,1375.2422,6.3361,315.4056,106.1191,2.6026,1.0569,0.0000,80.0000,benign
2036.1450,8.0906,15.5751,1238.8357,11852.9092,120.0836,528.2180,4257.9913,11.0145,453.9894,219.3438,0.9332,2.0012,0.0000,443.0000,benign
3288.8872,9.8664,14.3017,1662.4383,7143.3793,144.8307,510.8987,2163.4337,8.5112,147.8698,135.7522,0.9962,0.8558,0.0000,443.0000,benign
7417.9007,10.7358,11.2866,1677.9954,5219.5430,121.2946,473.1969,803.6011,3.9187,285.3102,94.8460,0.9067,1.1655,0.0000,22.0000,benign
4332.1405,22.6638,13.6305,559.9273,8987.6736,27.3249,790.3019,2018.4416,11.8944,307.5571,282.6877,1.9893,2.4599,0.0000,80.0000,benign
4631.6596,6.9679,10.0817,1465.9581,6134.2127,135.2862,543.3900,1006.5442,4.5523,295.6806,208.3389,1.6634,1.9443,0.0000,443.0000,benign
2007.0854,3.9419,8.4346,609.9931,2707.7339,183.4257,329.8884,1088.9025,6.0349,472.7757,368.5410,1.0980,2.5675,0.0000,80.0000,benign
1838.7968,11.1842,13.8798,1555.6699,4123.0028,81.0105,293.0366,3887.6875,15.0435,241.3658,439.7474,0.7675,1.8410,0.0000,80.0000,benign
4946.2360,16.2258,7.9161,942.7338,3584.6053,55.5635,467.2098,985.4815,5.5274,232.6178,205.6174,0.9832,2.5291,0.0000,443.0000,benign
1375.8832,24.3392,16.6402,1273.9271,3579.5801,72.2888,300.1167,1518.4692,12.0822,205.2073,304.2224,0.8669,1.6444,0.0000,22.0000,benign
3748.9942,16.2956,28.0144,872.8681,5415.0515,80.1708,168.8017,2025.8594,13.5918,288.6544,233.9168,1.4504,1.9561,0.0000,22.0000,benign
4084.3903,16.9684,3.4107,632.7025,4963.2217,30.9735,1394.8032,1259.8445,2.9671,13.9581,242.6684,2.1693,1.1761,0.0000,443.0000,benign
790.3398,9.5635,26.6346,1220.9306,3839.8661,163.4557,202.2999,3820.9978,18.6447,386.2216,246.2398,2.0546,0.9041,0.0000,80.0000,benign
1443.8139,10.2108,9.7908,371.0027,4654.7758,50.5040,438.8732,2372.2295,12.2043,131.2429,167.5175,1.7312,1.7603,0.0000,80.0000,benign
1642.0191,10.5224,21.6160,1059.9668,7132.3011,71.5234,353.8728,2941.1672,15.8795,160.7187,190.2510,1.1232,1.5219,0.0000,443.0000,benign
0.0000,17.3842,24.4458,854.1914,5092.6395,57.1290,171.5489,755831.0625,4221.2102,418.3917,442.7375,2.5668,1.1708,0.0000,443.0000,benign
411.8926,15.3263,9.1704,483.0597,5495.0666,28.7276,491.7571,11912.4465,108.0949,157.7710,356.1197,1.2436,1.1067,0.0000,80.0000,benign
3597.7703,13.5961,15.3029,761.1567,5513.4129,75.0037,352.0974,2249.5724,6.8785,231.5737,278.3469,1.1234,2.8015,0.0000,443.0000,benign
2330.8896,9.6727,17.7285,1184.5584,1382.5985,117.2378,67.3139,513.3673,7.4198,230.3340,159.2793,1.7829,1.4701,0.0000,443.0000,benign
3426.6975,3.7501,8.0025,1704.7918,2850.3649,426.3685,312.6341,1504.1664,3.6148,368.4522,413.8329,1.2752,2.1318,0.0000,443.0000,benign
3937.7014,4.1508,14.1389,663.5486,2648.4484,456.3912,186.5117,709.1907,4.5301,74.2699,63.4828,1.1632,0.8041,0.0000,443.0000,benign
5834.4765,20.6908,30.2078,154.0330,8598.5086,12.1524,376.1376,1341.4517,10.6424,525.3229,394.1654,2.2239,2.6970,0.0000,80.0000,benign
3789.3396,13.0514,20.8099,1282.0734,4957.3914,100.6072,259.3474,1871.8082,9.4882,142.9875,461.3767,1.8740,0.8790,1.2457,80.0000,benign
2218.2700,22.5048,7.1804,934.3856,5257.7415,52.0567,516.3956,2278.3580,14.7749,249.0209,307.6753,1.0407,2.1234,0.0000,443.0000,benign
2622.7200,10.6033,16.8334,1306.5554,8213.8064,74.1742,484.8042,2923.4476,9.3447,225.4892,140.4944,1.2175,2.3381,1.1345,53.0000,benign
2229.9321,5.7551,11.4719,1206.5198,984.9331,177.9460,71.4319,1120.1635,9.9086,207.5428,41.0322,0.8727,1.7778,0.0000,3389.0000,benign
2273.1757,25.1546,12.8943,1028.5474,7041.0141,32.1694,626.0614,1929.5530,15.9972,221.5944,40.9188,1.3635,0.7641,0.0000,80.0000,benign
3791.6180,15.8814,16.9434,44.5717,6536.5096,1.6208,468.3699,1906.0272,12.6963,266.3925,169.4687,0.8943,2.0180,0.0000,443.0000,brute_force
4129.7130,6.1456,17.8692,1188.4354,6026.5662,304.8752,329.8039,2533.3192,7.1587,0.0000,246.8774,1.6630,0.8789,0.0000,80.0000,benign
6075.8605,15.7983,16.8398,1348.6806,3518.0162,117.4395,195.6801,847.2194,4.7456,479.5246,216.6903,1.5537,2.3039,0.0000,443.0000,benign
3102.0013,8.0746,25.4164,973.9085,4537.2410,204.4341,279.2920,1677.3719,9.2032,262.0002,391.2522,1.1630,1.4074,0.0000,443.0000,benign
4557.0808,14.7382,9.1995,985.2898,2816.2715,70.5876,298.5504,1000.5406,4.2435,377.9769,244.9389,0.9570,1.1747,0.0000,443.0000,benign
2649.5871,15.3396,11.7562,607.3550,6032.2566,37.4872,519.8099,1940.0518,5.6479,219.6039,217.9325,1.0809,1.1854,0.0000,80.0000,benign
3434.7027,10.5113,18.6047,970.0159,6945.5007,71.2427,248.1555,1503.8537,6.5182,308.1629,216.5849,0.7738,1.0488,0.0000,80.0000,benign
3582.5895,4.1522,16.3651,858.9252,10601.8344,183.7281,611.7673,2641.3855,4.7669,175.8898,283.7658,2.1669,1.5222,0.0000,53.0000,benign
5149.8042,21.4852,4.4493,1156.6777,6373.1653,117.2000,948.6931,1870.4444,4.8883,481.3645,275.1105,2.0432,0.7774,0.0000,80.0000,benign
5481.9889,9.8932,16.7060,972.6072,6930.8864,123.9670,369.5718,1454.0587,7.2707,365.6989,291.0055,1.8673,1.1111,0.0000,80.0000,benign
4028.9893,0.0000,19.9984,1284.4104,3024.9478,1503.0301,178.2173,1226.0297,4.7818,279.0879,111.2365,2.1111,1.7656,0.0000,22.0000,benign
3064.2244,17.2290,6.1910,1004.6625,2382.5924,95.7364,226.3736,1334.6550,6.7078,303.5156,410.7975,2.2429,2.0322,0.0000,22.0000,benign
1408.0634,1.9386,13.8242,1669.2131,8042.9762,815.3125,479.3440,4092.1865,5.5136,437.7074,207.4442,0.8488,1.7250,0.0000,443.0000,benign
3900.8219,23.5503,14.6377,1209.7738,5378.3553,123.9711,667.0249,2548.2272,6.8423,443.1371,171.1608,1.8818,1.0969,0.0000,443.0000,benign
643.4135,0.0000,23.2381,1087.4908,6844.4380,865.7723,238.0055,8963.3534,44.8798,141.3892,160.4850,2.0873,0.7258,0.0000,443.0000,benign
1887.0282,6.9052,10.4564,2296.1385,6322.4654,334.7079,528.5492,4735.4975,16.7199,216.9401,57.1378,2.5370,0.7594,0.0000,80.0000,benign
5640.7384,20.1790,7.3691,1256.1440,2108.5840,66.9087,178.3466,443.1563,4.8577,226.2731,50.3689,2.0346,1.0768,0.0000,443.0000,benign
3212.5747,12.2873,16.7633,1014.4335,5624.8693,76.8967,271.0064,1852.6306,8.3862,552.6843,129.2069,1.0079,1.4177,0.0000,22.0000,benign
754.5626,11.2358,17.1020,2160.3460,6678.3350,231.8131,424.0683,15719.0107,50.9943,408.3493,416.9804,0.8284,1.0349,0.0000,443.0000,benign
3016.1004,9.7425,8.8692,1046.6799,5728.0135,212.7948,604.0705,2607.6781,4.1779,145.2307,72.7885,2.4511,2.6048,0.0000,80.0000,benign
4575.6772,19.5275,16.1641,1375.1768,3819.5354,47.3917,329.8108,921.4981,7.3581,198.1893,261.2312,0.6325,2.2764,0.0000,80.0000,benign
3273.2162,12.0225,8.1720,504.4177,5719.8008,74.5991,556.1804,1665.6651,4.5813,412.2682,224.3586,1.9644,2.2427,0.0000,443.0000,benign
4589.5368,7.1719,3.1526,144.3966,1874.9281,22.2645,628.0596,426.1594,2.1906,398.9377,406.1069,1.0275,2.1674,0.0000,443.0000,benign
3848.5609,8.9319,17.5188,954.3645,7205.2104,114.7203,616.9217,1675.8961,6.4331,259.3942,139.6704,2.4993,1.0352,0.0000,443.0000,benign
3185.1410,14.4883,12.6654,938.2348,8615.4596,46.8135,408.5682,2978.8684,9.0782,214.2747,250.6441,2.5207,2.1387,0.0000,22.0000,benign
3976.0982,9.4556,14.9384,1141.5627,3920.9833,101.6477,295.3046,1612.9886,5.1060,469.1504,359.3675,1.4753,0.8710,0.0000,443.0000,benign
1553.2648,18.5988,13.5438,1147.9591,8227.2061,66.0054,610.8057,5775.9042,18.7412,241.6524,171.9835,1.1204,2.1859,0.0000,443.0000,benign
2388.9730,6.9767,20.8331,1675.2899,5641.8897,181.0570,287.8754,3191.2948,13.4073,369.4183,302.8829,2.1949,0.9462,0.8023,443.0000,benign
3017.0256,25.1640,25.6275,391.6675,2066.9210,9.6951,155.5160,881.7241,15.1175,220.2171,465.1329,0.9382,2.0498,0.0000,22.0000,benign
5886.8999,10.4064,17.0664,1034.3047,4317.5597,116.0202,355.0070,649.3787,5.7199,197.2842,315.8846,1.6956,1.9960,0.0000,443.0000,benign
4971.7423,11.1778,19.0467,844.6206,5081.0416,81.7533,343.8433,1005.1071,5.2145,455.5767,144.8309,0.8741,1.2433,0.0000,443.0000,benign
5008.2839,14.1633,8.7348,1460.2541,5985.4844,115.4365,687.5964,1782.8629,5.6026,391.1775,329.7950,2.0293,2.3925,1.0598,443.0000,benign
3124.0975,11.4034,17.3343,1334.2173,1611.6502,125.1292,159.3091,732.4180,7.6855,288.2540,476.9355,1.9103,1.0280,0.0000,80.0000,benign
2101.0639,14.1245,12.2837,989.5943,7048.9872,53.6044,454.4262,3431.0489,12.8604,279.5427,216.9359,1.0022,2.2698,0.0000,3389.0000,benign
6222.1796,17.7926,14.7777,1035.5829,3199.4857,67.0828,204.7577,868.0204,6.6688,305.4296,381.7607,1.4740,1.9480,0.0000,443.0000,benign
4510.1463,3.5687,16.6440,1229.4797,9116.6580,252.9830,423.4259,2073.7743,5.5747,191.0273,154.7223,1.0407,2.0188,1.0271,443.0000,benign
2731.9944,4.7404,12.5103,944.8905,2636.0248,227.0278,219.5852,2321.2894,9.6103,293.8842,268.1840,1.9501,1.8393,0.0000,80.0000,benign
1162.0176,4.3884,20.1030,857.3330,3370.8184,150.2686,241.9136,2899.9056,11.9072,456.4007,8.4166,1.2002,1.0447,0.0000,3389.0000,benign
1910.2074,7.7512,7.6811,1630.7345,5710.1644,214.2923,1144.6721,4286.3793,7.4201,325.4028,228.8508,1.7627,1.0429,0.0000,443.0000,benign
2897.8844,10.7211,23.6598,1104.6977,0.0000,105.8137,0.0000,439.2040,14.3602,366.0902,174.0305,0.8665,1.7414,0.0000,80.0000,benign
4270.6421,10.2461,22.6380,453.0670,1703.3449,29.3500,82.5256,321.2762,5.3042,203.0920,356.0094,0.8764,1.1580,0.0000,443.0000,benign
3715.6631,6.3439,14.1978,538.4171,5299.8764,101.5356,388.5475,1543.8324,9.8036,333.2690,274.5727,0.9074,0.8513,0.0000,443.0000,benign
6466.0526,16.7791,16.2437,710.8381,2399.2141,74.5109,189.0694,751.8004,5.1140,226.0785,86.8290,2.0665,2.0550,0.0000,443.0000,brute_force
5002.9856,5.3663,12.9947,1186.8345,4469.1434,165.5456,222.2238,1195.0352,4.1262,126.0263,190.3863,1.1807,2.4649,0.0000,443.0000,benign
3899.8154,7.7929,7.7876,409.7098,6595.4873,54.7647,981.5730,1333.1530,2.9669,299.7441,114.1634,1.1954,1.4190,0.0000,22.0000,benign
2464.1093,6.6198,6.8328,140.0196,6720.1128,20.8151,600.9393,2056.5993,4.8930,180.2239,422.2868,1.0387,0.8993,1.3311,80.0000,benign
5255.1950,9.4265,4.6893,582.1843,8029.1539,57.9172,1077.5342,1537.9864,3.9676,201.2230,413.1400,0.8306,0.9931,0.6316,443.0000,benign
788.2343,17.0945,17.8724,1475.7520,3309.5223,60.5610,269.2894,3832.9804,26.6347,123.9472,207.9303,2.6552,1.0682,0.0000,53.0000,benign
1988.9667,10.5069,12.9207,1457.2324,2172.6335,108.8310,149.0560,2268.0121,20.3053,690.0116,497.7983,1.1201,1.1385,0.0000,22.0000,benign
4076.3018,10.7304,19.4466,1226.6247,3617.8164,157.7233,168.3999,1438.6562,7.5079,268.5215,140.7832,2.2831,1.4349,0.0000,80.0000,benign
4644.9258,9.0330,11.1147,1427.4484,3310.0059,83.5397,266.6731,1403.0379,5.8540,713.3563,194.2936,1.6661,1.7141,0.0000,443.0000,benign
1753.0747,10.5266,9.9718,1576.2297,7531.2714,180.5965,218.5197,2929.1050,9.1299,371.5213,78.2418,0.8910,1.1036,0.0000,80.0000,benign
1389.7515,19.5848,16.8248,736.7729,4922.5755,42.9616,359.8748,3633.6909,17.3312,224.4687,620.4190,0.9600,1.0442,0.0000,80.0000,benign
1705.2507,9.1561,24.0065,583.0520,6102.9431,46.6241,387.3163,4826.9086,23.4208,338.2385,326.7934,1.2162,1.0893,0.0000,443.0000,benign
3822.8994,10.0835,15.2568,1187.4954,6128.4083,145.4951,284.8753,1232.3915,7.2356,264.0059,273.4181,1.6279,2.3074,0.0000,443.0000,benign
1265.8649,10.5664,15.8619,1770.9973,3950.0236,102.8405,362.5779,5562.6919,28.7301,327.4357,304.2855,1.8411,0.9074,0.0000,80.0000,benign
5275.3253,16.1426,27.0607,1430.8683,5580.7796,94.6482,181.9348,1465.3894,5.0509,251.9505,253.5386,1.1085,1.0097,0.0000,3389.0000,benign
3318.5348,18.4451,12.9304,1081.4868,9374.2511,112.3082,588.1657,3155.5338,9.0656,191.2633,399.8252,0.8215,0.8532,0.0000,80.0000,benign
6589.2166,7.4287,22.2027,699.0398,6430.7252,118.2511,203.9752,1456.1029,7.8309,358.8404,108.4724,1.8987,1.7817,1.0636,3389.0000,benign
4519.0367,9.4456,13.8105,1513.6644,4761.1122,125.5290,724.0659,1441.0540,4.9486,198.4994,421.1324,0.7721,0.9938,0.0000,443.0000,benign
6869.7942,8.3345,21.5021,1242.0125,871.9876,124.5689,114.6017,506.4538,3.9606,225.9471,107.3992,0.7911,2.1029,0.0000,22.0000,benign
1180.6167,8.3637,21.8532,1176.0918,6733.0670,125.6870,400.5620,5569.2200,16.2346,268.9051,95.6770,0.9151,1.2133,0.0000,443.0000,benign
3386.5114,13.3670,14.9435,751.5630,7383.7521,42.4566,381.7438,1945.4566,13.9064,327.4552,294.3332,0.8739,1.6453,0.0000,443.0000,benign
2878.7727,13.4414,7.3936,1855.4329,1185.7551,127.5297,182.7646,924.3572,6.8445,128.0770,105.8872,2.1370,2.1360,0.0000,80.0000,benign
3039.5159,7.9908,20.7860,1456.1276,2503.2931,120.0149,140.8073,1344.3598,6.8272,207.7735,287.4750,1.7148,1.1865,0.0000,22.0000,benign
3755.5661,6.9524,18.9009,1633.6001,4109.1813,163.5875,291.2685,1979.0050,5.3051,273.6394,299.5353,0.7760,0.6350,0.0000,3389.0000,benign
2896.1536,12.6598,10.0846,653.2502,3605.9173,58.1047,186.6233,1091.9360,6.5836,181.4310,327.7493,2.1426,0.7830,0.0000,80.0000,benign
5309.2229,8.9089,8.0015,1290.2317,4212.1461,133.0360,421.5341,1125.7955,4.1383,213.4902,372.8009,1.0700,1.9351,0.0000,443.0000,benign
5875.8648,0.0000,20.7405,1382.6168,4871.3168,1272.8981,282.8939,1235.6911,3.1887,65.6181,136.4479,1.3767,2.6372,0.0000,80.0000,benign
2722.9613,9.8126,12.8582,908.6129,3388.0034,94.3291,163.5857,1189.6688,7.5865,300.2430,134.6535,2.2910,1.6859,0.0000,443.0000,benign
1956.0187,22.5048,7.6842,1124.0806,3733.7466,55.1197,251.7092,1741.7976,12.0814,448.7042,387.9292,1.9436,2.2262,0.0000,443.0000,benign
3273.4941,9.0158,12.7618,1279.8961,5705.2532,234.3434,670.6657,1220.7038,3.9940,52.4051,9.7242,2.4840,1.7987,0.0000,80.0000,benign
4317.8528,19.9598,29.6694,1323.4941,4660.2691,73.4481,148.4025,884.2045,8.7552,484.2188,194.9786,1.4071,0.8849,0.0000,80.0000,benign
7159.0808,10.2522,18.5821,1166.9307,1832.1679,70.7489,131.2013,339.8467,4.7420,305.5652,412.3007,0.9457,0.6460,0.0000,80.0000,benign
2818.2301,9.2877,12.2613,1563.8559,1879.1133,112.8465,121.6079,1079.8848,9.6933,518.5535,245.3980,0.8030,2.3241,0.0000,443.0000,benign
2117.1839,14.0908,22.9447,1682.0058,4908.7997,88.6177,210.8845,2104.2979,11.5768,193.0748,363.8813,1.8703,2.0472,0.0000,80.0000,benign
4025.7832,11.7956,19.0190,1368.0400,3899.8197,194.2842,243.2498,2471.2334,11.6599,279.1155,334.0047,2.0724,1.9731,0.0000,80.0000,benign
703.6016,9.1635,11.4986,163.9489,4920.7191,43.6452,335.4793,7117.9027,35.0871,548.0075,233.6876,0.9536,1.1475,0.0000,3389.0000,benign
4924.5606,17.5329,10.6110,1897.6430,7035.8185,79.0033,808.4103,1530.4315,4.6938,289.5665,167.7827,1.0627,1.0041,0.0000,80.0000,benign
4000.2402,4.0246,6.2058,649.7960,4357.5218,156.5085,372.8456,1110.5997,3.5402,256.5114,186.8048,1.3716,2.0643,0.0000,53.0000,benign
3649.6947,4.7209,2.0707,843.1051,7409.7202,234.2541,2168.9915,2675.7159,2.5394,229.0589,202.9227,2.0596,2.2160,0.0000,80.0000,benign
3986.0331,14.7411,12.3604,1225.2709,4805.8646,47.3301,325.5809,1836.6224,8.3984,2.0253,302.1916,0.9405,1.1940,0.0000,3389.0000,benign
8225.4363,18.9113,5.9437,1618.1766,6235.5581,97.7158,1284.5129,1189.9594,3.3767,185.2301,112.2247,1.3230,1.1859,0.0000,80.0000,benign
2605.1995,11.7584,12.4677,2005.0738,5372.8551,244.8636,532.1387,2456.2091,4.8161,89.8462,281.8618,1.1280,2.0428,0.0000,443.0000,benign
2659.2611,8.0258,13.4907,1943.1063,3444.3758,271.0539,254.0410,1457.1193,5.3643,22.2400,132.3560,2.8980,1.2513,0.0000,443.0000,benign
1297.0689,1.9384,19.8156,1432.8921,6618.9002,794.8287,364.3676,4205.5238,13.3919,62.2633,451.1732,1.3433,1.1124,0.0000,80.0000,benign
3475.9894,18.3156,16.5047,1385.0268,2992.2995,103.3696,331.1477,1412.1244,9.0715,216.4605,140.7362,1.4925,1.3797,0.0000,80.0000,benign
4986.6697,17.4166,9.8578,561.0741,5506.5312,33.3717,340.8115,576.0833,6.8866,443.2778,117.1960,2.3755,1.2130,0.0000,443.0000,benign
3703.0620,5.3135,22.7930,1422.9708,1270.9520,132.8293,70.9628,815.7291,7.7158,444.3078,242.0259,2.5041,0.7528,0.0000,80.0000,benign
1930.4880,27.0427,3.9791,1620.2539,6797.4151,48.0726,1948.1329,3417.1124,17.9682,177.4806,279.0854,2.1028,1.4314,0.0000,443.0000,benign
1915.2856,11.3993,19.8265,1779.0176,3979.9616,179.5763,268.7574,2898.7426,22.4482,133.4327,356.7556,0.7679,1.0665,0.0000,443.0000,benign
2831.4532,22.1888,11.5037,489.0323,6544.0266,36.2792,403.4381,3020.2481,9.1290,324.7110,168.0644,0.9546,1.5700,0.0000,22.0000,benign
2707.7859,13.6024,5.7325,1025.6858,4133.2992,106.5303,419.6500,1638.0517,6.7503,200.4638,406.1991,0.6202,1.3266,0.0000,80.0000,brute_force
2221.7869,12.0964,11.2325,1615.7330,5421.2349,108.3071,495.1780,5321.9448,16.4493,447.8782,182.1794,1.2447,2.1601,0.0000,22.0000,benign
2507.3160,16.1331,14.6302,237.7066,7374.0472,13.0209,537.1991,3397.5071,16.0309,200.2355,196.4018,0.9440,1.8900,0.0000,80.0000,benign
2575.9683,20.6033,5.3023,121.9923,9180.8480,5.8289,1458.4179,2718.7034,9.6023,174.1469,283.9765,1.7709,2.1968,0.0000,443.0000,benign
4050.5350,13.8245,11.0670,1508.7614,5091.1297,93.9753,272.6044,699.9997,6.8031,273.7055,58.8395,0.7251,2.0424,0.0000,80.0000,benign
2748.3317,8.1387,11.2753,1651.7291,3614.8447,234.7939,252.6141,1661.2017,7.2093,369.2818,137.0800,1.9430,1.9342,0.0000,443.0000,benign
5764.3564,22.8774,23.1982,691.8667,6536.2392,30.0625,230.3141,2329.3779,13.9433,270.2497,103.2041,1.6179,0.9965,0.0000,80.0000,benign
1867.0972,10.1118,26.0651,254.4356,4353.9394,18.9797,188.4374,1869.6909,19.6911,0.0000,299.5700,1.7766,1.9941,0.9414,22.0000,benign
5051.4383,10.8132,0.0000,775.3463,1420.9102,66.0274,1559.7102,606.7365,2.4554,451.7395,18.0077,1.5564,1.9332,0.0000,53.0000,benign
1120.4931,9.6210,5.9354,1581.4237,2894.5517,116.1214,534.3399,4235.4362,9.8265,225.7055,196.8252,2.3748,2.0212,0.0000,443.0000,benign
2550.0426,24.5095,14.2833,458.7248,2352.7261,32.0291,254.0408,2067.2465,17.3619,190.4390,272.2679,1.5197,1.6374,0.0000,3389.0000,benign
1789.9376,13.3628,14.9725,91.8354,4946.0851,8.6709,671.5612,2367.7721,7.5556,385.1217,23.1911,2.3995,2.0638,0.0000,80.0000,benign
3932.9572,14.9979,24.3371,1632.6384,4453.3905,122.5540,220.3059,1735.5603,8.9177,151.0404,189.5615,2.5515,0.8350,0.0000,80.0000,benign
3672.8686,9.7364,17.8424,1348.2579,3719.2438,102.9215,261.5994,2225.6955,7.6456,395.9579,59.3664,0.9514,1.2477,0.0000,443.0000,benign
3750.4952,5.8584,20.6761,811.1629,5632.6352,73.2269,405.4193,1492.9120,3.6993,458.1314,109.8224,0.8640,2.8376,0.0000,443.0000,benign
2826.9012,2.4563,19.7962,1320.0038,2273.8212,437.0892,318.2082,2748.2196,8.4605,118.0220,142.6684,1.2009,2.5922,0.0000,443.0000,benign
4385.2897,6.8573,13.3519,1357.0603,4717.4350,112.2700,279.0134,1182.8348,5.2097,201.8682,44.3032,1.0674,0.8752,0.0000,80.0000,benign
4060.1976,13.8430,11.9870,596.4660,5828.4367,51.1442,331.5101,1255.7702,6.3956,72.0265,337.9238,2.2430,1.1408,0.0000,80.0000,benign
3740.9081,14.7954,12.9243,1689.6264,5964.6474,146.2161,499.0053,2612.6840,8.5205,389.2385,340.9068,1.1128,1.0245,0.0000,22.0000,benign
4241.0011,13.3084,7.8367,742.2450,1373.7577,40.7350,226.0109,858.8518,4.6359,216.2762,39.3586,1.0145,1.9203,0.0000,443.0000,benign
3723.0555,4.7474,17.3199,2291.3404,6237.8966,385.3911,278.2041,2467.0125,12.6392,474.0569,300.1554,1.0914,2.1397,0.0000,22.0000,benign
2786.5069,16.5026,15.5812,1414.6884,4412.6869,105.4334,371.9663,1439.5205,9.3960,93.3867,289.2421,1.1016,1.1550,0.0000,443.0000,benign
5479.3456,10.8136,17.0755,1111.8334,11783.2313,75.7039,470.7463,1700.6350,5.5401,247.1074,192.9033,2.3182,0.7311,0.0000,80.0000,benign
2301.5823,4.7880,17.0685,0.0000,1829.8427,0.0000,166.2070,977.3584,5.5855,576.7524,189.1132,1.0551,0.7458,0.0000,80.0000,benign
3181.5843,15.9969,5.8845,1308.8414,11099.6595,110.9625,1200.6498,3377.3548,5.7554,198.5792,173.1949,0.8103,1.0222,1.0114,80.0000,benign
3043.2153,15.0931,15.9758,2361.8095,6235.6399,178.3890,374.5007,2041.7846,10.7395,241.5002,133.6100,1.9380,2.3763,0.0000,443.0000,benign
4236.8971,22.3059,7.6898,2384.9985,1951.1414,105.6650,164.5861,833.5569,5.2129,367.4448,364.2225,2.7493,1.2403,0.0000,80.0000,benign
6347.2784,20.9735,17.9149,954.0123,5505.2128,36.1453,323.7322,712.9227,5.1010,179.1170,261.2067,1.5732,0.9932,0.0000,53.0000,benign
2199.3990,12.8713,16.3661,457.9815,6965.4882,37.9016,534.7426,3632.3698,17.5539,190.0676,109.8308,0.8928,0.9990,0.0000,22.0000,benign
3952.1867,13.9081,21.5331,1296.6543,6382.1767,93.9742,311.3371,1837.5491,8.3017,269.0548,195.6772,2.2733,0.9382,0.0000,80.0000,benign
2365.2956,7.9360,8.1528,1129.5141,3811.7490,170.2090,437.5730,1284.6313,8.4583,104.0194,191.5861,1.4632,0.7856,0.0000,443.0000,benign
1749.3536,26.6647,21.7278,683.1921,5661.0676,62.8052,331.5375,3376.9182,17.1627,194.3424,58.1341,0.8766,1.9986,0.0000,80.0000,benign
3144.2124,6.5924,9.0060,815.3233,5836.7225,88.3998,1019.7265,2092.8312,4.5412,0.0000,375.7936,0.9801,1.5197,0.0000,443.0000,benign
4588.6025,9.7443,16.0315,1058.2268,3312.3799,134.1815,247.8340,890.9923,3.4490,111.8990,196.2842,1.1491,0.9761,0.0000,22.0000,benign
2767.9256,5.5476,13.7965,1419.4315,6484.3941,439.3650,343.6412,2715.4481,8.6536,352.3036,167.6632,1.2515,1.3963,0.0000,22.0000,benign
4402.8526,9.5673,17.2596,793.4526,6123.7034,81.1518,235.5535,1987.3163,8.2113,216.8631,200.0281,1.1431,1.0489,0.0000,80.0000,benign
5502.4713,14.0339,14.3313,1663.5194,2625.8479,99.9235,121.3728,673.6419,4.8147,507.3767,144.8507,0.7536,1.1475,0.0000,80.0000,benign
2586.9216,10.8957,11.5738,851.9162,283.0748,57.5090,10.6321,354.9496,9.4424,204.9757,260.2326,1.0675,1.0370,0.0000,22.0000,benign
1686.5391,2.6649,35.1248,1314.8353,4103.2055,715.6931,170.6001,5204.8435,17.3224,372.4355,209.7903,1.7561,1.6803,0.0000,22.0000,benign
111.4301,12.5247,18.6971,1611.9551,4029.5794,136.7232,287.4969,66989.1108,294.9846,361.8330,117.1626,1.8931,1.8507,0.0000,443.0000,benign
4057.8617,26.8737,15.9937,760.2638,10262.7741,23.1102,725.2058,2505.8400,10.9299,361.1684,229.1744,1.5705,0.8693,0.0000,443.0000,benign
2268.0242,7.9831,16.9426,751.8095,3071.2264,88.9726,192.5350,1258.6118,8.0749,403.6084,357.2594,2.7233,0.8064,0.0000,3389.0000,benign
4529.7067,12.6192,14.3493,1123.5885,2234.9670,89.5110,189.7373,812.3202,7.2524,350.5174,352.3792,1.5491,0.9195,0.0000,443.0000,benign
4259.0360,21.2507,23.6641,824.4423,4553.2696,50.5897,383.5933,2077.0183,8.9953,189.6244,156.9218,0.9173,1.1275,0.0000,443.0000,benign
3580.8370,5.9218,25.9745,546.8858,3668.2591,40.1714,199.1587,1450.6957,11.8838,267.2269,266.4615,2.1774,2.1942,0.0000,80.0000,benign
4349.6299,5.5192,12.1725,1422.7423,4226.0449,252.1090,539.4566,2112.4321,5.6234,185.9012,239.5114,1.2382,0.9821,0.0000,443.0000,benign
2358.6314,12.1114,1.2999,1538.1367,5569.9280,111.3390,3359.9338,1722.1032,4.5318,381.5812,373.9228,1.7718,0.8801,0.0000,80.0000,benign
412.1686,19.0599,12.5256,204.4593,7915.9314,10.9141,409.0747,24924.5544,99.6649,185.7489,76.8141,1.2712,1.0563,0.0000,80.0000,benign
2425.0338,10.2469,7.9005,927.8978,3088.0456,64.4490,272.2056,1570.0201,10.9493,178.4443,196.8566,1.2597,1.9979,0.0000,80.0000,benign
3976.5234,10.0052,8.6547,1065.4512,4357.7981,93.5741,340.3211,1878.4115,5.8040,206.6128,34.2720,1.7480,1.0603,0.0000,3389.0000,benign
2757.0609,3.5309,7.6766,933.1210,6732.4782,276.6709,1051.7637,1828.2781,2.6847,176.9825,409.0022,1.9557,1.9624,0.0000,53.0000,benign
2631.1693,19.9954,6.8324,896.3071,7511.6484,22.4727,683.4067,2377.3611,9.4526,398.4971,297.7666,1.9031,1.0088,0.0000,443.0000,benign
6281.2519,11.8832,10.7240,339.3560,6112.6820,28.3411,607.6608,1580.5926,4.6158,213.5969,97.6461,1.8563,2.0566,0.0000,443.0000,benign
4626.0345,13.9844,18.9219,1413.2802,4056.5596,95.7624,331.7158,1235.3911,4.4538,210.9343,180.8716,1.2143,1.8421,0.0000,443.0000,benign
2056.5437,10.8137,18.4410,407.2695,4643.1830,25.9218,190.1304,1989.0347,12.8491,304.2382,465.7718,0.9448,1.7825,0.0000,443.0000,benign
2913.7258,15.9247,17.9299,1143.9484,6393.5928,20.6095,324.3008,3235.8263,16.4370,299.1752,190.9826,1.7658,2.0878,0.0000,22.0000,benign
2836.6224,6.0078,9.6395,1373.4952,5856.1625,204.2570,400.6305,2873.6168,8.1185,298.2109,276.7389,0.8380,1.1727,0.0000,443.0000,benign
3486.6489,12.8400,16.0163,2147.2105,6612.7075,114.6925,360.1919,1968.7017,7.0894,173.1150,179.9688,2.3997,1.0384,0.8845,80.0000,benign
2551.0305,0.0000,4.0624,340.1614,3241.1291,227.1146,735.7895,2451.4226,1.9593,446.1414,266.7206,2.6651,1.3051,0.0000,443.0000,benign
3254.1520,10.2033,10.8295,1235.1752,8434.3988,106.9809,524.5699,2781.2361,3.9181,402.6152,61.2788,0.9721,1.5058,0.0000,443.0000,benign
3412.7131,21.7786,20.7598,1733.4391,1418.5857,91.7476,152.1663,595.3329,11.7921,567.7539,204.1643,2.2954,1.1821,0.0000,443.0000,benign
2737.9306,14.5003,13.0339,1308.6504,5219.0983,83.6739,392.3561,2599.0958,7.4773,184.0170,225.0381,0.8775,2.1902,0.0000,443.0000,benign
3606.7478,8.1139,12.2747,802.6574,4380.7792,106.9231,489.8655,1893.0349,5.4421,336.8590,198.0931,1.3633,0.9325,0.0000,443.0000,benign
3732.0943,11.7674,13.9109,1299.1304,4739.7788,117.9213,386.5946,1647.8999,5.7317,649.8008,247.8861,1.6786,1.3201,0.0000,80.0000,benign
3070.8594,10.4835,21.7099,1304.0603,8360.6658,84.6249,395.3138,1917.8874,7.4442,277.4455,336.0332,1.0239,1.1114,0.0000,443.0000,benign
4790.4576,15.3730,16.4194,1579.3869,6270.2514,54.1884,213.8434,2395.6795,6.3838,324.8617,103.1219,0.9266,2.1829,0.0000,80.0000,benign
3852.5764,8.4334,8.9633,1351.6922,6632.5007,167.9703,379.6980,1283.7686,3.9089,443.8757,264.2085,0.8986,2.4071,0.0000,443.0000,port_scan
2773.7323,11.9854,11.8008,689.4314,3178.1910,50.9224,338.0721,1135.3196,5.6164,233.4235,272.7177,0.9560,0.8171,0.0000,443.0000,benign
3540.4596,16.2533,16.7852,1315.3249,2866.3581,88.7108,138.9214,1158.9973,8.0091,432.2734,193.6787,1.6915,1.9586,0.0000,443.0000,benign
3474.8085,12.6483,18.2117,831.8587,4443.4113,56.0196,331.5274,2006.0496,6.7645,159.4848,144.0910,0.9964,1.9109,0.0000,80.0000,benign
2311.4971,16.0156,12.6200,1666.9922,2907.0760,96.1218,273.0100,1901.4277,8.3112,475.8858,83.2706,1.8365,2.3698,0.0000,443.0000,benign
4883.3462,26.9428,27.7734,661.0778,4201.8068,66.8198,235.6966,873.7453,8.9633,286.5044,185.9375,1.9017,1.1531,0.0000,443.0000,benign
4057.2993,14.2855,29.2951,1618.9936,3106.9298,86.0766,135.8227,987.8703,7.5311,291.4086,244.3839,0.7363,1.2521,0.0000,443.0000,benign
2295.0292,6.9925,16.4679,631.8726,4993.1583,139.8954,277.4522,2133.1277,8.0712,309.5922,107.5352,1.0422,1.2252,0.0000,80.0000,benign
1881.0203,13.9168,17.1363,1371.2822,4006.8351,79.2669,157.5206,3872.7821,16.8084,330.4702,151.4773,0.9106,1.2860,0.0000,443.0000,benign
3156.6750,18.1143,8.7995,1602.1055,2433.2540,89.1384,206.9750,730.1114,6.8352,420.0679,88.8947,2.2291,0.9625,0.0000,443.0000,benign
5794.6043,12.7560,10.0036,1061.5524,3409.8452,115.5838,346.5963,856.0869,2.6330,260.4448,149.5004,1.6593,0.8767,0.0000,22.0000,benign
3255.9009,13.6156,8.8070,1449.3849,3764.9952,94.2173,413.5119,2022.4912,7.5993,80.2434,135.2848,2.0552,1.0082,0.0000,80.0000,benign
4324.7992,6.3271,18.0081,713.4737,5226.5364,68.7489,304.7143,1282.4780,6.9799,216.3418,191.4232,2.8139,2.4842,0.0000,22.0000,benign
1069.0177,10.6673,4.0370,1767.7098,7859.4054,144.8643,1213.7512,10354.8988,20.8691,149.4635,287.7978,1.0361,1.7868,0.0000,53.0000,benign
2318.9845,9.5854,8.0516,1454.0794,9510.6996,185.9012,455.9773,3258.6319,10.2040,270.1850,119.6680,2.4596,2.1913,0.0000,80.0000,benign
2151.8509,29.1295,19.9470,1405.9061,0.0000,89.2758,0.0000,983.7852,27.7436,266.4580,225.1647,1.3929,0.8750,0.0000,53.0000,benign
3963.3812,6.8085,13.9382,2185.1205,5233.6816,264.3667,243.2963,1719.6002,4.1441,284.4566,143.5107,2.2638,1.0116,0.0000,80.0000,benign
2935.6537,11.4977,15.4214,1460.8113,7650.9819,93.6205,489.4876,2073.8692,9.2550,73.0920,241.5316,1.0944,0.7865,0.0000,443.0000,benign
2835.9423,23.5011,12.0510,1022.9904,3602.1370,56.1450,162.8222,1025.1767,11.4209,294.1981,261.1906,1.2201,2.4590,1.0280,443.0000,benign
3334.4056,28.7460,16.4195,970.2571,3379.2089,34.9244,211.7239,1576.0647,11.4435,326.6550,361.0735,1.0810,1.2152,0.0000,80.0000,benign
2188.7528,4.4697,25.1918,1392.5817,5852.9976,219.6558,240.2119,3268.4917,6.8197,185.0093,210.3542,2.4638,2.1293,0.0000,443.0000,benign
3049.5095,12.8441,4.6741,1325.8385,3064.6939,105.8858,860.7094,1273.1694,5.2760,301.2978,80.9700,1.6761,2.2928,0.0000,443.0000,benign
4752.6357,6.7066,8.2397,810.7096,5367.8481,86.9876,965.5586,1714.7358,4.0033,396.1605,378.8014,0.8807,2.2734,0.0000,443.0000,benign
4235.3581,14.8230,26.1661,895.7222,7013.3992,80.1851,257.3714,990.2724,8.4167,325.6600,422.6614,1.0983,1.0226,0.0000,443.0000,benign
3662.0446,6.0578,4.2638,363.5159,1843.6916,71.0004,249.1603,734.0447,4.0046,424.7247,206.2974,0.7346,2.1449,0.0000,443.0000,benign
3116.3048,7.9006,29.3662,1875.4656,9473.0502,189.9306,437.3988,3323.4165,10.7513,314.8495,322.5560,1.1075,1.5581,0.0000,80.0000,benign
5422.9026,7.8201,17.5893,1154.6077,2695.6095,148.1843,187.2865,731.1560,4.6133,266.3352,152.6372,2.7982,0.9208,0.0000,443.0000,benign
2626.5563,14.4702,14.6558,592.9449,8616.0813,40.3937,355.7773,2412.6182,8.7682,354.7331,273.3566,1.5663,0.9334,0.0000,3389.0000,benign
7586.9799,9.8680,7.6330,345.7632,6868.7892,25.8401,779.9827,772.4958,2.2168,270.7632,101.1431,1.6068,1.2659,0.0000,443.0000,port_scan
4044.7267,11.2406,17.4833,1724.4297,4784.2668,145.5794,316.9273,1523.9145,5.3863,399.9004,336.9421,0.7386,0.9913,0.0000,80.0000,benign
3082.3028,6.7380,26.5894,1958.8019,4901.8336,357.1571,202.8702,3213.0892,8.2902,210.4523,102.7650,2.4246,1.6895,0.0000,53.0000,benign
2138.6646,11.3142,12.7268,1103.7150,2002.0811,115.5893,179.8945,1428.4035,8.6930,369.1974,215.4539,2.0532,1.9625,0.0000,443.0000,benign
1678.1681,24.6984,26.6383,1020.8704,2196.7031,47.2473,185.7160,4120.9123,32.7197,361.5307,109.7102,2.3257,2.3683,0.0000,443.0000,benign
2979.0141,5.8444,16.2801,1071.4879,1569.0593,245.9229,95.1127,967.2632,5.4140,55.3035,283.0423,1.0764,0.7832,0.0000,443.0000,benign
4395.3368,10.1628,16.5007,1912.8550,4090.2327,152.2711,247.2139,1369.1878,6.9641,353.5079,207.8748,0.8328,1.6953,0.0000,80.0000,benign
2308.1206,22.0298,16.0595,938.6744,1134.1247,45.3970,34.5371,988.1894,26.6527,358.7002,76.0315,1.1468,1.6996,0.0000,80.0000,benign
4092.4714,15.6414,22.8511,1563.0071,3734.0378,106.3553,157.2395,892.5869,8.3618,172.6479,142.8043,1.0202,0.7617,0.0000,3389.0000,benign
2325.1682,13.4389,12.5682,1639.0354,5084.5964,150.2230,351.4310,2341.0416,7.4149,200.5469,141.6836,2.4440,1.1339,0.0000,80.0000,benign
6828.6294,4.1585,15.6123,1564.6109,7099.1864,454.4617,529.1607,1187.7577,2.8825,312.7983,100.2091,2.0189,1.7936,0.9077,443.0000,benign
3529.2386,12.8128,22.3755,1130.9099,6928.9178,90.5604,324.1072,2375.4547,8.7327,277.9403,471.5001,1.0623,1.0044,0.0000,80.0000,benign
4419.4524,6.9245,28.6856,685.9372,6410.6552,157.6819,414.3032,2478.3929,6.5228,651.0499,62.0431,1.0560,1.5397,0.0000,3389.0000,benign
2378.6145,12.5565,27.8229,201.9712,1590.6143,15.4956,58.5598,531.3803,5.4469,384.6910,349.6129,0.7298,1.6984,0.0000,80.0000,benign
5837.8742,10.5771,10.0192,435.6571,3926.6481,45.2344,375.7933,836.6718,3.6698,392.6537,284.7778,2.4653,1.3530,0.0000,443.0000,benign
6498.0441,15.9303,7.3302,1419.3400,2162.3929,95.5853,242.0221,537.6139,5.1647,24.3945,368.3385,0.7331,1.6876,0.0000,80.0000,benign
3311.4199,2.5582,15.8920,1080.2205,1663.5133,283.5746,105.8514,770.1683,4.5393,84.0996,325.3493,0.8834,1.6355,1.2098,3389.0000,benign
3227.3230,23.9573,17.0615,578.8946,7164.4711,39.4094,299.9400,2204.9445,12.6744,225.7075,171.8832,0.9121,1.7331,0.0000,80.0000,benign
2835.5871,4.9902,23.2496,971.4855,4138.7688,228.1660,183.9163,1176.4750,8.4501,73.2262,296.5057,1.1297,1.8784,1.0033,80.0000,benign
4665.3605,6.8363,8.1127,1300.8597,4221.7631,157.7448,721.5993,748.9768,2.9239,533.1854,95.3793,2.1896,0.9526,0.0000,80.0000,benign
1193.8655,16.0458,8.5015,2526.4087,9376.9085,119.7480,1070.9831,3359.6856,15.7017,136.5596,180.9478,0.9798,1.9612,1.1057,80.0000,benign
3549.4310,16.3692,14.1600,1575.7113,4556.7811,131.6709,329.0630,1222.0137,8.7733,172.4224,471.0641,0.9710,2.1093,0.0000,3389.0000,benign
4592.0223,8.1192,10.4703,1832.4706,6535.7563,252.8218,559.6668,3055.0628,4.9110,151.6221,375.9217,2.8717,2.7224,0.0000,443.0000,benign
4387.2079,9.3569,14.8637,2286.1954,6309.9147,195.6779,240.2943,1274.2448,7.7891,198.3608,278.5288,1.8272,1.6729,0.0000,3389.0000,benign
1998.9770,5.3664,2.0105,1298.2773,1383.9760,71.2628,599.0828,1097.6270,3.9204,492.4630,276.4241,0.6749,2.2157,0.0000,443.0000,benign
5032.5538,14.3039,9.2127,430.4086,7624.6941,48.3388,819.3403,1296.3518,3.3668,199.0500,254.4649,2.0622,1.2653,0.0000,443.0000,benign
3330.7708,8.1690,16.7459,1413.4214,3898.7549,120.3889,322.5722,1360.3357,9.1886,193.0138,59.6394,0.9327,1.2368,0.0000,443.0000,benign
4204.7407,11.6638,19.2456,896.8834,5208.0744,71.5590,227.8735,1603.7634,7.4092,284.2546,184.1273,1.0342,1.2911,0.0000,443.0000,port_scan
2142.3539,8.1419,14.6629,1093.4336,4905.6500,105.7658,325.9867,2878.4274,8.5783,393.9738,270.2334,2.0465,1.2312,0.0000,443.0000,benign
4808.4477,16.4115,6.0281,1200.1935,3872.9988,78.7970,689.2060,837.2220,5.5516,205.5523,220.9372,1.5054,2.1741,0.0000,443.0000,benign
1301.0698,0.3814,15.2311,1208.1715,8983.1828,894.4444,880.3318,10432.3789,11.2255,437.2852,200.7410,1.5752,1.8724,0.0000,443.0000,benign
2520.5107,8.6185,39.4267,1562.4777,6768.2801,209.0665,274.9586,3655.3940,11.8185,263.5290,271.5871,1.3983,1.0779,0.0000,80.0000,benign
3300.9956,15.1734,21.1922,670.0889,2796.6684,62.3880,279.9064,1729.9523,9.0540,45.1049,349.0507,0.9802,0.7909,0.0000,443.0000,benign
5203.1702,13.8017,20.3863,526.0329,2890.2306,37.6271,225.2732,940.7976,5.9798,197.8203,343.6735,1.3722,1.0231,0.0000,443.0000,benign
3174.5166,5.2604,14.2036,1492.9838,3026.6147,218.3978,258.5474,1478.1126,8.5548,294.5211,199.5826,0.8914,1.3825,0.0000,80.0000,port_scan
3331.6008,14.2807,21.6190,2399.5542,3483.3607,138.2181,337.3012,1873.0318,7.7031,248.4028,390.7277,2.1465,1.9577,0.0000,80.0000,benign
5555.1932,7.6212,18.2769,2508.3000,5340.6931,233.7368,320.7570,1378.6309,5.3831,518.7863,204.5092,0.9142,0.9056,0.0000,443.0000,benign
5593.1246,8.0418,14.9581,1704.3420,5203.5784,82.0980,686.0105,1550.4715,6.0789,291.7065,257.9535,2.3215,1.5347,0.0000,443.0000,benign
2321.3093,7.4397,20.7700,368.5619,1914.5831,42.1689,89.6519,1094.6055,15.9744,32.6835,249.7663,0.9067,1.0302,0.9667,80.0000,benign
2033.1809,11.7022,33.6694,992.1714,6214.1119,137.2030,282.6328,1371.0628,6.0207,286.3134,380.4523,1.6524,0.8077,0.0000,80.0000,benign
1782.4621,9.4144,15.7449,633.8025,1201.9102,72.0466,162.4531,641.2367,4.1870,97.1480,235.1778,0.8687,1.1560,0.0000,22.0000,benign
6789.9645,17.3731,22.7054,1265.7266,0.0000,93.2795,0.0000,173.1884,5.7059,183.1543,274.2323,1.2069,0.9979,0.0000,443.0000,benign
2711.2576,16.1064,16.0291,707.3141,5626.0738,83.6487,322.3188,2391.6731,10.1797,262.2192,150.4554,0.7387,0.7796,0.0000,443.0000,benign
4617.8068,7.1971,18.6575,977.7514,8604.3239,89.0711,542.8668,2044.0185,4.7447,181.7401,199.4371,1.8754,1.0060,0.0000,80.0000,benign
2927.4971,19.2605,9.1318,773.9218,6624.5830,34.8968,905.4753,1511.8831,7.9613,440.3302,324.2870,0.8899,1.0837,0.0000,53.0000,benign
3624.2913,15.4648,7.9542,2092.2432,6293.3494,122.1898,495.7766,2566.0251,5.9826,172.0503,342.4775,1.0308,1.2434,0.0000,3389.0000,benign
2699.4740,16.6135,9.6346,742.1630,2188.3309,40.7308,253.1616,1524.5429,7.2598,356.7213,66.1857,2.0335,2.5443,0.0000,443.0000,benign
4268.7840,19.1960,9.9298,1660.4830,2305.9429,73.5526,257.5273,1231.9938,7.3092,256.8767,272.6609,1.2691,1.1453,0.0000,80.0000,benign
5415.3345,13.4834,28.9746,1572.9493,8181.4103,124.8472,377.4314,1586.9753,5.8681,283.7139,334.1168,1.1400,2.4772,0.0000,80.0000,benign
3175.1816,10.7049,15.3022,1089.5335,4515.4462,69.1737,213.5393,896.5404,4.4923,576.7474,184.9627,2.6772,2.2883,0.0000,22.0000,benign
4057.1999,11.7363,9.7025,1359.1714,7638.6762,113.2541,707.9912,2247.9635,6.2000,303.7143,347.2988,1.0869,1.1635,0.0000,443.0000,benign
2789.4211,14.2224,20.7728,1338.1387,6328.7990,127.0053,268.3548,1637.4765,9.8158,259.2518,211.0609,1.4223,1.3946,0.0000,3389.0000,benign
2064.6914,9.1701,10.7987,121.1946,1773.8142,9.5049,132.1613,667.4521,9.4620,220.0196,337.3190,0.9702,1.3208,0.0000,443.0000,benign
2808.8796,14.7875,12.6523,1597.8240,2263.2766,114.8095,177.6443,1188.3608,8.0400,149.2881,200.4998,2.0590,0.6458,0.0000,80.0000,benign
4175.0701,15.8681,13.1344,817.2629,3009.7513,75.7865,201.2481,1578.9221,9.3811,304.4321,284.1231,1.8583,1.1454,0.0000,53.0000,benign
3569.6939,15.8640,9.6432,384.6069,1443.0654,29.8229,249.1375,777.2655,6.2114,224.8150,229.3952,2.1733,2.2273,0.0000,443.0000,benign
6572.9577,9.2831,18.3317,1036.1213,5918.6761,120.8838,318.2630,1024.1204,5.6593,57.8574,285.9698,1.3664,1.9711,0.0000,22.0000,benign
3592.3677,12.6953,10.6070,902.2666,4580.7374,61.8535,298.3227,1235.4049,4.4766,470.6210,365.9567,1.7278,2.1303,0.0000,443.0000,benign
4530.8355,13.8658,14.3591,1170.4179,2222.2573,72.6891,161.1662,824.3546,8.1581,162.8796,136.0119,1.2816,1.2370,0.0000,443.0000,benign
5983.0071,12.1218,25.2907,1961.2331,7883.9261,97.5943,229.5556,1176.3731,8.1775,389.2364,198.6101,1.8089,1.3652,0.0000,443.0000,benign
4092.3529,8.0492,8.2455,768.4615,6943.1898,102.8312,724.2614,1445.1143,3.6054,604.9060,133.5455,0.7029,1.7675,0.0000,80.0000,benign
3600.9416,11.4925,5.6693,817.1833,2799.9330,141.5418,269.4171,1091.9004,4.4765,171.8709,175.5985,1.5030,1.1606,0.0000,3389.0000,benign
6507.1470,19.1281,15.3147,1380.5824,5485.6895,60.9718,194.6248,1283.4384,6.1760,352.1342,321.9803,1.2112,2.0762,0.0000,80.0000,benign
3122.4076,0.0082,4.6012,695.8299,3724.7311,585.1357,850.4774,1892.3288,2.4045,237.9346,385.1578,1.0726,1.8710,0.0000,443.0000,benign
3708.7214,15.9689,11.1563,817.1830,2952.5613,96.5962,338.5063,1065.4330,9.7550,230.5813,359.4991,1.2247,2.4737,0.0000,443.0000,benign
5119.3133,11.7852,9.3104,2198.7869,5388.2136,200.0822,534.1182,1509.2024,8.3293,267.1371,322.7217,1.0114,1.5079,0.0000,80.0000,benign
564.2663,20.1136,15.2107,1101.6614,2435.6392,41.0530,209.9987,6633.9873,48.9738,208.2311,156.0270,0.5843,2.1791,0.0000,443.0000,benign
3469.1195,4.8214,7.5079,247.5458,2802.2846,45.7209,313.4919,684.6717,5.7763,201.6202,295.6448,2.5410,0.8755,0.0000,80.0000,benign
4490.3062,1.7276,17.3981,1322.0639,3737.6715,566.2407,227.1010,1071.9420,2.7389,334.6522,91.9276,1.1700,1.4185,0.0000,443.0000,benign
3648.4643,6.1968,15.0579,402.6649,4638.2735,73.2029,396.8229,846.3833,5.9852,291.7987,318.2472,2.2415,1.0960,0.0000,443.0000,benign
7599.5919,15.6267,0.2377,1612.2003,3233.2004,87.8679,2667.6757,549.5386,2.4374,182.7391,119.7649,2.5353,2.0443,0.0000,80.0000,benign
7653.4447,10.6170,5.2288,358.1976,3461.7952,48.2424,505.3455,572.4354,2.8274,368.4430,170.8692,1.8703,1.8763,0.0000,80.0000,benign
2554.2848,8.4891,4.4571,2210.5961,3408.5816,151.7744,354.1313,1627.2363,8.1773,640.2034,114.8810,2.1695,1.7925,0.0000,443.0000,benign
5461.2210,15.2179,4.1088,844.5105,7025.6691,63.8771,988.3940,1069.3990,3.9719,427.2151,177.4317,1.4128,1.2093,0.0000,80.0000,benign
1911.8659,18.8767,11.9735,109.2764,5359.8846,6.2552,503.5651,3421.5316,12.2037,208.8924,191.5558,1.0790,2.0871,0.0000,443.0000,benign
661.9656,17.2364,8.4280,883.4723,8265.1701,44.1623,797.3184,7294.6487,27.3697,268.6673,311.5371,1.1698,1.0111,0.0000,80.0000,benign
3826.2410,10.2907,7.9803,1499.2093,4785.8821,135.5534,374.6598,1698.5885,3.1199,301.6181,342.7283,1.1566,1.8148,0.0000,53.0000,benign
3713.2000,6.1193,12.9578,359.8310,3269.5455,79.6868,244.9807,1698.0079,5.7068,191.8915,282.5432,0.8747,2.6024,0.0000,443.0000,benign
3541.1875,14.0125,8.9477,1437.6737,9394.5254,156.1615,807.7111,2972.6978,6.6276,179.1102,393.4703,1.2352,1.8542,0.0000,80.0000,benign
1567.3581,11.2223,6.4107,785.8478,5661.5654,64.8283,792.6637,4001.0225,13.9196,327.8659,244.5050,1.1285,1.4933,0.0000,443.0000,benign
3886.9300,8.2622,12.4208,1703.8158,3600.1760,197.5585,333.6105,819.9502,3.9968,123.0387,293.9383,0.5420,2.3350,0.0000,443.0000,benign
4279.9493,2.3502,24.7115,953.5774,975.9935,307.3805,58.8602,555.2693,8.6466,534.1896,221.5416,1.1637,2.7339,0.0000,443.0000,benign
3539.3503,11.0634,10.7795,785.1265,5166.1810,61.6820,352.4898,1930.6733,6.2055,120.7862,127.3235,1.1119,2.0760,0.0000,80.0000,benign
5287.7634,0.3936,2.2204,1651.1552,7186.9848,1692.4573,1021.8582,1189.3144,0.7883,193.5899,291.4926,0.9607,1.0228,0.0000,80.0000,benign
3345.2816,7.2243,10.0927,669.0196,5233.0769,88.1803,604.5303,1626.5670,4.2455,598.9187,217.8568,1.2181,2.0933,0.0000,80.0000,benign
2014.9283,17.6529,9.4494,1237.6929,3027.5047,63.8704,443.1485,2250.3584,11.8985,471.8450,240.3214,0.5861,0.7246,0.0000,443.0000,benign
2527.0984,14.3004,7.6955,1925.3634,3599.2809,97.5733,679.3664,1778.2135,9.4896,259.7285,307.1066,1.2935,1.4007,0.0000,443.0000,benign
4754.6733,6.9491,8.4193,766.5429,7205.5474,166.3937,859.4706,1819.8310,4.2969,275.1318,309.7602,1.8541,1.3704,0.0000,443.0000,benign
6728.5950,10.1462,24.8297,2273.4496,3341.9039,202.9615,162.9235,625.0662,3.6424,394.9193,274.9929,2.2411,1.5811,0.0000,443.0000,benign
3058.8082,20.0860,9.4934,846.4151,6532.8963,53.1736,548.8341,1358.6028,7.3333,303.9074,189.9063,1.2293,0.7426,0.0000,80.0000,benign
3162.3350,14.5903,16.3636,1431.0892,4732.7868,71.2313,472.2918,1806.4143,10.7561,344.2847,283.0992,1.9888,0.7679,0.0000,443.0000,port_scan
5461.4694,20.1228,13.1586,1385.8833,4228.5614,104.4539,201.9769,1338.4186,8.6543,339.4754,302.3884,1.1513,2.0964,0.0000,80.0000,benign
2204.9567,10.0043,15.7200,1887.6872,6679.7493,136.4650,361.9281,3353.3138,17.3057,65.3406,223.3984,2.0555,1.2785,0.0000,443.0000,benign
1418.8723,21.3292,2.1923,1679.8913,7543.7385,64.9151,2423.0445,8139.4313,17.8956,674.2495,173.2523,0.9076,2.1933,0.0000,80.0000,benign
3151.0401,19.1810,13.0041,1080.5410,879.6003,37.7640,90.7257,552.4585,9.1869,514.8898,413.1659,1.1345,2.0127,0.0000,80.0000,benign
3720.8984,10.7453,14.3161,797.2452,5724.3404,62.7431,423.3652,2098.6319,8.0377,625.1712,195.9738,1.0021,2.2372,0.0000,443.0000,benign
4001.1855,12.3961,11.8335,1075.1265,1618.8311,123.6139,148.9638,734.5554,5.4948,308.7125,288.9844,2.0332,2.0626,0.0000,443.0000,benign
1590.3348,6.8552,12.7884,1586.8224,7152.7599,212.6717,405.8276,6590.2451,21.5383,296.1904,128.3570,2.0300,1.9703,0.0000,22.0000,benign
2513.8804,17.5982,14.6184,1850.6234,4631.4464,93.6493,282.7832,2535.4349,13.4800,274.4677,168.6611,1.4227,2.2780,0.0000,443.0000,benign
3812.6149,9.0742,12.6397,2865.4623,6833.5058,322.4138,688.1130,2553.0747,5.5060,68.2373,346.3708,0.9697,2.3874,0.0000,80.0000,benign
4270.4069,11.5097,9.2479,1619.7571,2914.7121,104.3965,225.9956,1211.3721,6.1138,179.0511,177.1312,1.0762,1.0703,0.0000,443.0000,benign
2207.5994,7.8099,7.4876,1153.3954,4806.0057,132.6268,303.8037,3359.6615,11.9987,218.1420,380.7918,0.7045,1.7956,0.0000,80.0000,benign
4034.1989,1.9887,8.6238,814.2041,58.1230,493.3911,5.6501,218.4518,4.3508,407.6435,243.1399,1.9372,0.8491,0.9664,53.0000,benign
4862.1497,17.2492,24.4902,805.6195,6696.5487,58.0970,282.8894,1664.5445,7.8859,149.1307,199.8235,1.8300,1.7108,0.0000,443.0000,benign
2564.9381,16.5183,22.9121,1101.7871,8234.6634,63.5100,350.9541,2550.3801,9.2929,235.1053,227.2566,1.0390,0.8263,0.0000,80.0000,benign
2409.4447,3.6004,20.9653,1517.7065,4985.9785,488.9734,298.8405,1978.8047,9.4261,453.4374,201.0784,0.7020,2.0369,0.0000,3389.0000,benign
4566.6136,19.1142,8.3477,160.8665,2949.4377,15.6948,350.1836,746.8747,1.9692,401.8950,211.4364,2.1647,1.3518,0.0000,80.0000,benign
462.6058,19.3399,0.0000,2083.0893,9136.0186,111.1292,6260.3906,22638.8740,50.9065,275.4744,327.8267,0.7900,2.8139,0.0000,3389.0000,benign
2253.8105,7.1067,15.3418,2080.6416,3785.9204,257.4113,204.2472,3272.8502,8.9679,480.8900,229.7273,0.8273,1.0870,0.0000,80.0000,benign
455.3418,8.8077,14.8987,1529.9592,6823.9724,146.5452,312.0838,16494.8239,56.6610,287.9445,198.2186,1.7493,1.0459,0.0000,80.0000,benign
4898.0824,8.2147,4.9470,707.9945,5498.1023,78.3917,1540.2898,1475.6091,3.1394,336.3003,188.4965,2.4585,2.5163,0.9514,443.0000,benign
5165.8976,13.5879,18.7330,1001.3191,6096.3985,70.5677,475.5651,1861.2678,7.0877,284.4541,392.1397,1.8034,1.2074,0.0000,443.0000,benign
4472.6732,16.1447,17.8323,1672.0196,2877.8907,82.1590,118.5827,837.4938,5.7602,138.3119,205.7065,1.9650,1.3170,0.0000,22.0000,benign
4319.0549,14.6881,24.9285,1138.6681,4555.4233,109.4888,196.9840,1850.8859,9.6731,476.6073,198.7623,0.8337,1.1168,0.0000,80.0000,benign
4422.0452,12.4377,2.9624,753.4514,4684.3929,53.1972,1355.7469,1139.2190,4.5682,149.4072,142.4453,1.0394,0.9008,0.0000,53.0000,benign
6882.0331,5.3774,17.9148,1600.2946,9293.6607,190.7179,290.5489,1241.4409,2.9624,227.7748,333.9950,0.7533,0.7001,0.0000,443.0000,benign
5619.8188,6.0023,21.8520,1408.6713,5130.5477,305.6103,289.5129,1225.0241,4.7295,184.7087,309.6723,1.0229,1.1540,0.0000,80.0000,c2_beacon
1410.1201,9.6948,31.6178,1760.6107,792.0336,189.2796,44.6949,1443.2982,25.3094,302.8906,74.8685,2.6239,2.6273,0.0000,443.0000,benign
1905.9594,10.9355,16.2233,1200.4302,112.0648,65.9112,10.4047,692.2737,11.4120,144.1338,337.7877,1.6924,2.0182,0.0000,443.0000,benign
2167.3236,8.7761,12.1012,1128.1026,6659.8076,162.0489,601.9973,2383.3241,8.0137,275.8399,169.9105,2.0290,1.7977,0.0000,443.0000,benign
4155.9193,2.0614,11.8062,1378.4600,3452.6008,586.2300,218.5437,706.2482,2.2406,204.9259,241.2192,2.0744,0.7662,0.0000,80.0000,benign
4014.1576,8.6729,17.3186,619.6278,8345.9575,102.0653,413.7628,2160.2870,6.1985,373.8089,292.6985,0.9953,1.0821,0.0000,80.0000,benign
4445.5415,4.2667,5.9508,1896.9357,2724.6845,535.4199,537.5591,1200.1945,2.6613,199.1903,275.1377,1.0846,2.1233,0.0000,443.0000,benign
1009.8401,15.8222,15.3648,1459.5211,9361.6444,82.6698,743.0541,13029.3662,37.6931,223.5353,313.2530,1.1350,1.7428,0.0000,80.0000,benign
2552.2665,7.8364,4.8527,767.6227,7577.9762,50.7737,1743.8726,5911.8570,6.1698,167.0761,249.8721,1.0107,1.2093,0.0000,22.0000,benign
4394.7173,13.2469,5.3448,1220.2428,4145.7294,79.2666,674.0698,1221.7191,4.9883,504.9353,164.1102,1.4872,2.0935,0.0000,443.0000,benign
6532.3454,6.2047,11.5551,1219.0547,280.9195,161.1630,32.0100,142.7545,2.4863,185.5065,244.3000,1.5340,1.0685,0.0000,80.0000,benign
4390.8541,15.7240,5.4375,1466.4922,4583.5803,113.9361,915.3270,1962.2802,4.9735,273.8024,241.4401,1.0960,1.8059,0.0000,443.0000,benign
2957.7112,3.6173,22.6659,1229.1958,5189.3450,270.1501,258.1434,1768.6658,7.6032,556.6824,208.1528,1.9188,1.1014,0.0000,443.0000,benign
4284.3156,7.5621,9.7259,1268.2851,2228.5601,85.8542,332.6609,1388.8591,6.5557,176.3502,194.2816,1.1220,1.5774,0.0000,80.0000,benign
2659.4600,15.7373,22.4869,609.9094,1718.8765,46.0883,102.7242,782.1905,15.4176,355.2990,316.1432,2.8397,0.6417,0.0000,443.0000,benign
5721.5123,3.9551,18.8854,1203.7669,5783.9555,367.7674,177.2479,1245.8713,3.1428,304.1189,260.1564,0.8355,1.0496,0.0000,80.0000,benign
3804.0683,17.9296,11.5239,1381.3336,7526.0620,69.7295,950.4567,2345.4359,8.3465,504.9211,238.3753,2.4756,2.3481,0.0000,443.0000,benign
1932.9523,21.2979,21.5355,1114.0153,3755.3523,92.6416,175.3506,1994.7496,10.6488,249.6760,321.9864,0.9608,2.1395,0.0000,80.0000,benign
2794.9421,16.3073,12.7864,914.1916,5159.1061,23.3905,224.8348,1788.9174,14.4831,309.1936,86.1675,1.0181,1.9867,0.0000,80.0000,benign
6418.9412,15.5937,11.4441,1452.4698,6305.3467,122.8556,961.2766,1304.2796,4.8146,110.4712,194.0305,1.5363,1.9999,0.0000,443.0000,benign
2284.2864,9.3180,16.6083,1924.5056,3310.8219,115.6924,164.9697,1489.9549,11.5633,54.8626,256.5014,2.1175,2.0969,0.0000,22.0000,benign
2187.3902,21.8901,18.4306,1677.3384,5263.2317,58.2705,203.4465,2441.1069,13.8499,362.1740,112.1749,1.9090,0.7997,0.0000,80.0000,benign
1079.5471,7.9339,5.5868,1381.7377,7093.6497,181.7828,1144.8557,7566.3442,14.8709,204.7770,39.5816,1.8842,2.3966,0.0000,80.0000,benign
2751.5863,8.7928,16.6638,1242.3705,1800.8277,140.4702,144.2767,1120.9062,8.2128,240.0649,164.4442,2.2141,0.7966,0.0000,80.0000,benign
3990.9276,9.6731,18.7738,429.2641,3482.0121,58.2077,181.0766,1254.4888,5.4314,240.7520,201.4576,2.4466,1.2344,0.0000,80.0000,benign
2428.9394,8.0779,16.9193,534.2842,8077.5056,73.9504,376.9971,2176.6362,15.8666,230.0856,424.8339,0.9761,0.9652,0.0000,53.0000,benign
6611.4737,6.0418,16.1179,1254.4533,6348.2794,122.2091,294.6429,1461.2819,4.4409,226.0918,220.8301,1.5640,1.1345,0.0000,80.0000,benign
2532.0727,8.8069,21.3576,697.8069,9487.4393,89.2098,529.5208,3563.5593,11.7107,126.0578,468.8260,1.1343,0.9173,0.0000,80.0000,benign
1165.8081,19.9394,16.1737,732.0480,7048.2382,47.5390,322.2028,3931.2888,19.5770,269.1040,270.9591,2.4676,0.9537,0.7244,80.0000,benign
4754.9255,11.7365,13.7756,1286.8185,6328.4837,152.9559,210.5827,1842.2743,8.3924,385.1021,427.7582,1.6574,1.2017,0.0000,80.0000,benign
1308.7549,11.0957,15.7168,681.8248,2363.1933,32.2684,310.8956,2941.2706,18.1801,280.3946,112.5544,1.2395,1.7945,0.0000,80.0000,benign
515.1965,5.7344,9.6089,775.5989,3962.0391,121.6826,278.1757,7093.1879,24.5905,128.0325,198.2178,0.8625,2.0969,0.0000,443.0000,benign
3275.7889,13.3775,25.3335,295.6820,3950.9796,29.9205,199.3411,1382.2820,6.9551,312.8939,349.1348,1.1246,0.9164,0.0000,80.0000,benign
3341.8180,13.3203,10.3835,1710.5973,3397.3228,70.6185,409.9605,1367.0707,6.3802,364.7523,198.4822,1.0692,1.7900,0.9725,80.0000,benign
4109.0780,26.6138,15.2804,1422.4049,7276.2984,71.6427,509.3138,2785.2604,9.5249,458.9094,189.2248,1.7705,2.1363,0.0000,443.0000,benign
8994.4100,13.6919,14.3307,1729.7981,3615.4473,110.4846,218.8425,834.9658,3.3053,300.0177,295.1627,0.8022,1.8009,0.0000,22.0000,benign
4213.3819,13.6422,23.3071,856.0010,9111.5399,97.4303,359.6933,1698.5222,12.5118,177.4726,250.3773,0.7982,1.1351,0.0000,53.0000,benign
2669.1047,8.6433,12.6499,1048.3569,3021.3329,163.4816,185.8732,1273.2552,10.7593,224.4149,184.9898,1.0836,0.9775,0.0000,3389.0000,benign
1477.2355,7.6119,10.3435,787.5478,5703.9286,62.1081,742.7173,1695.4735,11.7291,298.6385,194.1980,0.8710,2.0032,0.6900,443.0000,benign
4366.6175,20.0772,13.1640,828.2126,8248.7213,41.1287,675.5921,1352.6927,7.7216,176.6897,422.4683,1.9970,0.7880,0.0000,443.0000,benign
3187.1079,16.7506,6.8454,2148.6299,6324.6716,115.6954,714.1791,2370.7244,9.5999,193.8914,340.4234,0.9606,2.3086,0.0000,443.0000,benign
5247.2850,14.5085,13.0828,1055.5855,2258.2738,62.0079,275.0226,808.4543,6.3569,320.3751,129.1785,0.8690,0.8226,0.0000,443.0000,benign
3454.1767,15.1917,10.0287,453.2917,2881.3256,22.9382,234.8078,821.2957,6.1442,189.5871,304.1270,2.0318,1.8636,0.0000,443.0000,dos
2539.7235,11.2919,10.4524,819.3253,5406.2986,77.4553,616.6347,3821.1544,10.8734,203.8408,331.9239,0.7266,2.5002,0.0000,443.0000,benign
3430.3402,8.3243,17.9945,783.4764,4090.4561,41.4855,206.7517,1219.9228,6.5261,309.0515,184.2389,1.1698,1.7245,0.0000,80.0000,benign
4307.3269,8.1222,12.7924,1791.2983,7790.6786,159.8176,457.8953,2216.5277,8.1985,233.9549,71.0989,1.7278,1.6408,0.0000,80.0000,benign
3941.3690,19.0813,27.6896,473.4439,6384.9948,35.4941,392.8839,2021.6326,8.1685,267.0752,441.6003,2.2988,2.0651,0.0000,80.0000,benign
2783.1037,15.7646,3.0473,1414.2913,1603.3416,117.5319,1034.8107,1121.3638,6.5034,199.5783,287.9234,1.3041,1.2820,0.0000,80.0000,benign
4202.1766,17.6225,17.2371,1059.6448,8904.4707,67.0053,672.2793,2378.3146,9.0432,175.9835,440.6907,2.1289,0.8874,0.0000,443.0000,benign
6063.6234,17.8653,10.3071,733.1424,8815.6094,36.2014,743.0068,2267.7445,8.4062,370.7137,320.1441,1.9894,0.9663,0.0000,443.0000,benign
1951.7742,13.9830,7.4487,707.2027,10337.3348,34.4263,971.2341,3617.1910,18.4926,154.3698,374.4788,1.6246,1.0287,0.0000,443.0000,dos
4980.7536,7.4664,10.2056,860.2043,4736.8692,186.4582,411.1849,1976.0227,4.9921,404.7522,145.7712,2.0068,0.8773,0.0000,443.0000,benign
2970.4269,16.9893,22.1090,70.3811,9557.7485,2.7106,689.0627,2295.4310,12.4463,151.9247,397.4983,2.0578,2.3766,0.0000,443.0000,benign
5757.2236,11.3858,14.9564,1955.1020,3441.8983,121.9045,224.2941,1176.6490,6.3768,579.2604,62.1759,1.0646,2.2372,0.0000,80.0000,port_scan
3711.3456,11.6836,10.5517,1138.9560,2097.4036,92.9212,103.3240,976.8463,9.5755,335.4132,359.2376,1.0101,1.7871,0.0000,80.0000,benign
5518.1508,6.1929,11.3294,519.9090,6535.5393,57.1310,352.6114,1332.0258,4.7949,341.6949,95.4965,1.8143,1.1933,0.0000,443.0000,benign
3078.8744,16.8617,34.9997,2068.6148,6208.6134,137.2391,193.5565,2580.5477,14.8327,192.4730,182.6638,0.9637,0.7477,0.0000,3389.0000,benign
5064.1534,6.6223,9.2992,783.9315,3855.2883,88.4798,492.4362,817.6850,1.9098,459.3703,295.5693,1.5600,1.1002,0.0000,80.0000,benign
3992.1872,13.9049,16.8537,645.7249,7443.6334,57.1971,530.1141,1876.7044,8.4995,322.5003,153.0083,1.3960,1.6483,0.0000,22.0000,benign
4494.7390,11.0466,18.5531,2117.6519,5185.4828,80.4276,219.6679,1222.4710,8.0769,424.2616,61.2867,2.7145,0.9328,0.0000,80.0000,benign
8574.1676,14.5604,23.6706,1476.6932,1331.3230,71.9721,92.4461,350.8244,4.4081,380.4705,391.8751,0.7697,1.0230,0.0000,80.0000,benign
2425.0491,17.1890,27.8644,1258.7139,6252.8746,72.4253,298.2820,1944.2834,11.8216,283.5707,202.5884,1.7577,1.9324,0.0000,443.0000,c2_beacon
1688.5357,11.0695,15.4001,707.3485,6445.1424,110.2748,364.4257,4584.4289,8.2069,258.4385,225.6193,2.1115,2.3851,0.0000,443.0000,benign
6213.9856,11.0451,9.6927,690.4161,6169.2380,74.7269,834.6074,1352.6612,3.6714,257.3200,191.2001,1.4312,2.0872,0.0000,80.0000,benign
4235.4034,8.0239,12.4400,1034.0536,1104.3968,95.3980,80.7686,523.5303,4.5003,339.7549,90.6476,0.8442,1.1461,0.0000,443.0000,benign
4273.9065,2.4776,21.0690,2158.9896,5806.3108,802.7802,294.4620,1017.2211,4.5865,361.5353,220.5580,1.0504,1.5318,0.0000,80.0000,benign
5061.6440,16.4247,19.2890,1893.2691,3820.3505,91.5804,220.1630,1068.1328,9.0021,276.7042,287.2470,0.9294,2.5707,0.0000,443.0000,brute_force
4658.1927,10.3248,4.2382,1028.7212,0.0000,74.4344,0.0000,279.9578,4.8351,359.7735,426.4373,0.9421,1.9240,0.0000,443.0000,benign
5587.8689,10.4226,16.6963,1101.5141,5897.7221,108.9602,295.5412,1135.9951,6.3948,395.6538,485.2643,0.8033,1.1661,0.0000,3389.0000,benign
4292.0377,3.5853,8.2904,1995.7127,5654.4079,315.3660,543.5491,1666.6996,3.0371,400.2965,181.6776,2.1321,0.6646,0.0000,443.0000,benign
2021.5726,13.0132,10.0471,346.6761,3205.6419,25.2143,191.3765,1595.9436,14.7619,325.3864,93.9469,1.0608,2.2304,0.0000,80.0000,benign
4157.8426,12.6176,10.6171,1892.6331,4412.8879,117.4974,527.2036,1801.4283,7.9147,59.6291,110.2618,1.8533,1.1963,0.0000,443.0000,benign
3527.4401,11.9983,9.1264,943.1568,9150.6966,63.6378,900.8627,2829.3853,6.7286,237.9488,431.9357,1.8508,2.0168,0.0000,443.0000,benign
2998.7609,8.9481,30.3816,1196.7920,3527.9159,42.5653,145.1553,1623.1906,12.6944,205.1612,88.3072,1.0038,1.0972,0.0000,80.0000,benign
5530.1209,5.5484,20.1453,2829.7627,1931.0107,359.3655,89.5484,746.6737,5.9141,324.1148,245.1485,1.5646,1.9730,0.0000,53.0000,benign
2113.0080,6.5022,13.7897,654.0682,5127.5334,94.5071,294.6887,3599.3998,10.5458,366.1528,201.4867,2.1414,1.0635,0.0000,443.0000,benign
3568.6090,17.8993,21.9659,339.8215,1756.9933,23.6964,144.0762,944.4845,8.0359,160.1932,405.0490,0.8140,0.9416,0.0000,80.0000,benign
3513.1680,21.1384,17.2953,767.0911,3279.0793,48.4557,163.2544,657.9108,9.2611,265.0885,441.1412,1.9997,0.9932,0.0000,443.0000,benign
6241.9491,0.6147,27.5425,556.9826,3441.9478,697.4917,213.0412,802.9467,4.8918,54.7156,272.2623,0.3922,1.4358,0.0000,443.0000,benign
3595.9437,8.9740,6.4825,1237.2478,4769.4351,127.4567,645.2877,1010.5719,4.1949,252.1002,202.8941,2.1953,0.9956,0.0000,80.0000,benign
5308.0965,14.6374,3.7074,1199.9797,6682.2246,49.9413,3164.6535,3334.0354,4.8995,203.3508,208.6664,1.0770,1.9377,0.0000,80.0000,benign
2981.0548,13.3129,11.6958,1773.2566,5344.5602,82.6192,627.0559,1763.6825,9.3392,333.0324,109.2342,1.0622,1.8615,0.0000,443.0000,benign
1581.3300,8.6281,10.0658,1245.7851,6497.6190,251.2129,851.5404,5060.3209,12.7065,178.6099,85.8963,1.0509,2.8421,0.0000,80.0000,benign
2856.0062,8.0705,11.8224,641.5723,3633.9930,75.4039,301.0625,2552.8392,15.1691,486.3743,197.8776,2.7080,1.0647,0.0000,80.0000,benign
3196.8294,11.9159,11.8393,1737.5821,5701.1594,107.6468,398.3889,1704.3502,6.0993,454.0870,317.0847,2.2886,0.8664,0.0000,443.0000,benign
4158.2552,14.0814,8.3518,627.5758,5983.9877,69.0493,602.5094,2149.1651,6.2814,248.9277,245.7268,0.9525,1.6802,0.0000,443.0000,benign
4017.3275,16.5588,4.5444,922.3333,3103.5030,66.5835,782.8080,1524.5454,4.6376,428.0534,348.4302,1.1534,1.1861,0.0000,80.0000,benign
4515.5462,4.4887,13.2247,1135.8687,3086.5984,275.6084,174.2908,978.6104,3.1601,579.1184,173.3458,1.6663,1.5593,0.0000,80.0000,benign
4553.3720,9.5853,23.5435,1788.7203,8702.2943,176.0751,406.0255,2259.5185,9.1482,118.2246,309.5723,0.8458,1.8654,0.0000,53.0000,benign
1753.4396,13.4602,18.8019,1305.7492,4717.1268,126.5546,343.5989,4610.7855,17.6518,167.6613,186.3437,0.8735,1.1507,0.0000,80.0000,benign
2535.4304,6.1314,15.4231,231.5512,1596.2899,39.8845,98.4212,676.8821,10.2178,182.1491,221.6665,1.9540,0.5115,0.0000,80.0000,benign
1609.9746,11.0242,16.3230,1290.1317,6120.5421,127.0924,253.9243,3684.2540,16.0844,211.8919,155.4241,0.9830,1.9551,0.0000,22.0000,benign
2972.9711,1.9090,7.4452,1655.3652,10675.7125,488.7128,729.8482,2284.4689,3.1729,281.3295,242.4094,2.9058,1.1582,0.0000,3389.0000,benign
2001.6775,10.7839,28.9923,1565.7069,7212.3366,129.8736,281.7580,4620.4946,27.0884,239.6899,184.7107,0.6187,0.9937,0.0000,443.0000,benign
1653.6513,6.3022,4.7274,665.7924,5987.0223,56.3742,964.9712,2318.7012,6.5411,32.3453,380.5731,2.1457,1.0590,0.0000,443.0000,benign
5681.5873,24.1314,12.4594,1024.8325,3434.4802,101.3545,250.9248,1063.0677,5.1745,154.9991,316.4190,1.7693,2.2489,0.0000,443.0000,benign
2175.7170,11.8733,6.0408,0.0000,5267.4772,0.0000,1084.9476,2212.5784,5.4666,350.4261,325.8463,0.9484,1.0329,0.0000,80.0000,benign
1840.5134,8.1813,20.1231,1136.4900,5785.0013,109.9118,285.5162,4329.2921,11.7850,151.4273,193.0644,0.9726,2.5579,1.2385,22.0000,benign
1687.7624,14.2404,13.7084,1118.6424,6669.4177,35.6933,429.2328,3804.6375,23.7943,573.1747,218.6643,1.2081,2.2603,0.0000,443.0000,benign
3902.2442,10.5615,19.6484,1573.3978,3139.9567,134.8556,171.0716,907.8967,6.0902,386.0995,162.6456,0.8174,0.8895,0.0000,443.0000,benign
5161.7567,10.2781,9.0870,1733.8760,6840.8085,183.3276,909.5325,2155.4185,4.1866,352.9274,388.6431,0.9345,1.8118,0.0000,443.0000,benign
3925.5238,16.2173,9.2001,956.6905,9050.6059,46.3934,880.0619,3140.4498,6.1258,418.3947,94.3279,0.8287,2.2435,0.0000,80.0000,c2_beacon
4373.1844,10.5676,12.7270,1444.8558,7586.6502,92.6622,438.9440,1480.3696,6.2404,202.1471,301.8739,2.7700,1.0777,0.0000,443.0000,benign
1897.7836,20.7268,23.1135,769.5045,1605.2283,50.0612,79.9525,1414.0321,14.0426,146.1664,233.3397,1.2732,1.7358,0.0000,443.0000,benign
4815.7886,2.2595,23.2329,1794.2455,7702.6933,626.2792,381.9281,3186.3146,4.6591,88.8723,144.0879,0.7939,0.6831,0.0000,443.0000,benign
3315.0733,13.1159,12.2681,853.1042,1628.5960,102.9686,191.2352,1451.3491,8.1547,294.2374,263.4270,1.7729,1.6213,0.0000,80.0000,benign
6621.7986,15.6232,8.9466,1137.9150,3926.6485,63.9989,666.5291,1508.8764,4.2362,255.0597,147.0914,1.6195,2.4848,0.0000,443.0000,benign
4920.0023,10.8275,18.3739,1616.7397,2874.6619,107.5616,148.2070,781.8739,6.5158,411.1282,139.6390,2.7296,0.8033,0.0000,443.0000,benign
2462.4349,9.7589,8.4976,1046.4915,4000.7525,83.3918,374.8337,2168.0625,8.3396,552.2675,279.7674,1.0850,2.2028,0.0000,443.0000,benign
3689.6952,18.9771,8.6100,689.4772,1407.8019,63.5990,128.8696,692.6732,5.6143,274.0242,434.2248,1.2697,1.7310,0.0000,443.0000,benign
4499.4612,12.9149,8.4497,1757.5974,2918.5810,116.6737,231.1138,940.9152,4.0785,198.5021,270.8141,1.8133,1.0811,0.0000,443.0000,benign
4602.3283,11.7517,5.6560,1502.6318,5864.4596,127.3771,690.2824,1487.2729,4.1646,431.9130,99.0128,2.0682,2.1929,0.0000,3389.0000,benign
0.0000,11.1878,12.2459,1079.6060,5332.1457,123.5815,470.1555,701215.9974,2621.7146,292.8824,358.0268,1.7441,0.9851,0.0000,443.0000,benign
3436.4085,11.6551,2.0984,1119.4442,6967.1575,77.8405,2375.9725,1761.7991,3.9824,293.7830,52.4566,2.4349,2.6245,1.1872,80.0000,benign
1063.5504,17.0597,4.8365,737.8411,5018.5612,52.8244,937.9031,6398.0992,18.0200,321.7791,334.5489,2.4736,1.0938,0.0000,443.0000,benign
2829.2160,14.4713,6.5797,969.6514,7234.7181,71.1239,1161.3483,2461.9652,6.3472,194.0632,278.6999,1.1237,1.6400,0.0000,3389.0000,benign
2110.1554,6.0449,4.2213,1883.9456,4290.9934,214.5893,715.3011,2617.2162,6.0417,205.9731,264.6572,0.8611,1.0848,0.0000,80.0000,benign
0.0000,12.9292,26.9288,705.3142,1243.5475,78.5700,44.0479,228500.8984,3745.1544,100.1079,285.8837,1.1838,1.9773,0.0000,80.0000,benign
3896.2162,6.4115,18.7028,954.9942,3440.6611,99.4165,190.2809,1139.8613,4.3133,367.2663,62.7168,2.8114,1.0966,0.0000,80.0000,benign
4167.7610,0.9013,17.4465,1219.2341,2881.5275,1455.6675,203.5696,2101.6156,8.4777,212.6609,309.6748,1.4778,0.8794,0.0000,22.0000,benign
4213.1094,16.1453,29.4557,790.8562,7463.4241,58.3758,183.3381,1795.4436,9.2438,454.7646,291.8188,1.0137,1.0198,0.0000,443.0000,benign
1456.0635,1.0926,8.5984,927.8665,8742.4101,623.7839,1291.6150,10501.6998,5.7277,595.1173,136.7138,1.2315,2.5260,0.9539,80.0000,benign
2853.7923,10.3765,6.8762,1477.6953,3648.4530,103.1169,611.3367,2567.4652,5.8252,330.2255,359.5170,1.1660,0.9782,0.0000,80.0000,benign
2872.1717,2.3925,15.2827,1246.3060,6546.6440,507.1727,379.5365,3194.4312,5.0096,122.7382,290.4093,1.0728,0.9376,0.0000,22.0000,benign
1725.4146,0.3987,2.8044,778.3098,2474.8276,705.0484,859.2228,2302.0420,1.7759,259.8105,85.0179,2.2392,0.8024,0.0000,443.0000,benign
5926.1281,6.7185,19.0352,673.8887,1043.9337,144.5683,68.9172,390.7582,4.9551,266.1744,385.0951,1.2940,1.4324,0.0000,80.0000,benign
2432.1295,17.8401,18.3004,1174.7919,3411.0208,79.0593,242.1276,1046.7639,11.9307,459.8053,82.1066,1.7059,2.4232,0.0000,443.0000,benign
0.0000,15.4246,24.1701,1166.2036,1871.0113,100.5429,53.0276,297777.2948,3987.1948,580.6719,201.2959,1.0364,2.0350,0.0000,443.0000,benign
1234.6562,0.0000,14.4466,1627.5187,5047.7976,1894.7343,355.5688,5254.5066,8.4049,259.8669,116.3008,2.1944,1.3330,0.0000,80.0000,benign
5213.7679,25.7834,14.4841,701.6605,6707.2376,35.6273,380.8097,855.8861,4.2993,385.0530,347.3416,0.9820,2.3113,0.0000,443.0000,dos
1895.9594,16.1099,3.6252,722.9535,0.0000,80.0405,0.0000,546.9612,8.4872,418.2094,232.7448,1.4801,1.1391,0.0000,22.0000,benign
4611.2543,27.1888,1.6528,1568.1818,9108.6058,139.6838,4158.1279,3122.7148,4.3380,170.0001,258.7667,1.7000,0.9422,0.0000,443.0000,benign
6811.8306,1.1397,17.1442,1326.8054,5516.1331,1079.3676,284.3133,1085.9449,3.6733,210.8186,332.5099,1.2359,2.1554,0.0000,443.0000,benign
5200.4130,8.5248,13.6558,530.5240,5239.3211,53.0552,258.0441,1043.8644,4.4891,427.6946,107.1633,0.9833,1.1449,0.0000,443.0000,benign
1409.5996,0.0000,16.9439,1579.6233,4529.2414,1453.1382,322.0187,4082.3521,10.6814,357.1326,225.1967,0.9544,0.8982,0.0000,3389.0000,benign
5804.1534,9.0472,26.8570,1021.3923,2266.7717,97.6870,73.0811,701.4994,5.2164,167.8443,103.2538,1.1375,1.7915,0.0000,22.0000,benign
5926.8221,16.4022,9.6086,1102.3279,5051.0852,62.6773,261.1366,1023.3367,4.7447,491.0454,161.6172,1.1023,1.7989,0.0000,80.0000,benign
3075.2959,15.8997,14.0422,1346.6040,4048.3735,102.3148,256.2496,1987.8971,9.2813,302.4625,221.1827,1.8734,1.4343,0.0000,80.0000,benign
3024.1347,18.0872,17.2754,1569.3714,5102.0305,107.8730,394.1667,2574.4269,14.3170,297.0260,341.0485,2.1465,1.9729,0.0000,443.0000,benign
2550.6466,8.8233,1.2815,1604.7795,3400.4670,155.5955,3796.6433,2025.7486,4.5230,131.2009,277.5815,1.7802,2.1729,0.0000,443.0000,benign
1930.2261,0.0000,17.3463,558.3968,2163.7195,586.6494,153.8984,1914.6867,9.2881,142.8461,186.6665,0.7008,2.1587,0.0000,80.0000,benign
4127.9155,11.4279,14.6916,1264.2669,5737.8199,81.9462,561.4787,2426.5202,5.8646,394.9247,241.5349,2.1829,2.5396,0.8575,443.0000,benign
2129.3486,22.6862,13.3874,1565.1338,899.1898,65.7869,107.7318,1016.7858,16.9216,243.6622,410.0080,0.9377,1.9809,0.0000,443.0000,benign
5714.7403,19.1467,6.6310,1509.6880,5031.0168,82.6749,1037.1412,1446.9194,5.0317,248.7060,193.8996,0.9035,1.1936,0.0000,443.0000,benign
4815.4795,1.7951,7.7614,1689.0665,3556.1013,1163.2380,572.4137,1237.5681,1.8724,93.9291,321.8145,0.6851,1.6037,0.0000,80.0000,benign
4526.6778,15.6044,6.7833,286.8276,9551.1628,42.6418,1483.1808,2433.0705,5.6102,196.5456,239.0937,0.7475,1.3957,0.0000,80.0000,benign
2744.6178,11.0692,14.1891,2775.1844,5101.8761,167.7064,221.6433,1480.4173,11.2017,278.5004,224.8649,1.9286,1.1640,0.0000,443.0000,benign
3355.6916,5.5846,12.3484,1098.3149,5166.9477,207.6248,454.1208,1962.7869,4.5159,279.9157,407.8038,1.7912,1.9646,0.0000,80.0000,benign
5836.9759,0.0000,11.3136,109.3724,4723.8550,88.7019,268.2046,473.2112,2.4158,289.8022,57.2328,1.1248,0.7314,0.0000,443.0000,benign
0.0000,11.4347,10.1490,1733.7399,3819.5109,126.9015,488.4807,666725.9440,1970.0443,293.8376,255.9334,0.6912,0.8030,0.0000,22.0000,benign
2881.7889,5.5227,2.3864,1138.6868,3378.3319,144.8826,1852.7522,942.7165,4.1674,316.8197,244.4846,1.9856,2.0877,0.0000,22.0000,benign
964.7183,10.9610,15.5746,1044.1105,4264.3899,94.7339,183.7265,5361.8860,46.6951,376.5199,413.7805,2.2478,2.1368,0.0000,80.0000,benign
4031.9081,16.5529,8.7176,1375.8463,1818.6901,92.2000,209.7482,821.7378,9.8019,177.3490,275.6237,2.1087,0.9947,0.0000,80.0000,benign
2288.6586,11.8602,4.9095,522.3538,8980.5312,59.0465,1612.6956,2013.2029,4.7865,145.4758,158.9233,2.1962,1.0786,0.0000,22.0000,benign
5231.2492,12.7314,6.9380,2269.4961,2193.4247,139.2475,155.5644,671.8245,8.6373,105.6108,223.0026,0.9210,1.1708,0.0000,3389.0000,benign
3918.6542,13.8913,11.6422,1003.1167,5176.2685,60.8771,312.4824,1587.8930,8.6946,176.7225,311.4484,1.2103,0.9052,0.0000,443.0000,benign
3537.6306,14.9492,15.0086,1311.4881,2429.4967,55.9546,194.1936,1280.2281,11.9142,206.0628,453.0613,1.1659,0.8568,0.0000,80.0000,benign
4156.4310,0.3342,23.4490,1274.3655,4818.2605,991.3629,268.0989,2191.1737,5.8945,464.6553,97.6188,1.6341,0.8286,0.0000,80.0000,benign
5869.1080,3.6742,4.4665,1935.6456,6636.5278,616.5423,1262.3725,1641.0357,1.3789,370.1974,437.6146,0.7836,2.3702,0.7953,443.0000,benign
4358.8085,8.7182,13.7698,526.7547,1609.3048,77.6995,167.0091,718.0716,4.1411,179.7160,184.8353,1.0972,0.8489,0.0000,80.0000,benign
5785.4170,12.1756,6.3706,620.9020,8063.0429,51.6145,854.4290,1734.7114,5.1401,84.9039,270.0670,1.5702,1.5232,0.0000,443.0000,benign
6458.0494,18.8009,17.1728,857.1088,4132.6033,45.3147,316.1025,1147.7765,4.5129,298.5172,82.7732,2.4463,2.2927,0.0000,443.0000,benign
0.0000,5.3405,26.0948,1093.0997,7476.4167,237.9963,236.7933,559490.4325,2268.9719,202.1120,105.3964,1.5838,1.9429,0.0000,80.0000,benign
6277.5438,3.8559,13.9710,1624.4146,3383.3136,364.5595,243.5460,575.4571,2.3259,237.6060,23.2953,1.1112,1.2125,0.0000,80.0000,benign
2269.8221,12.8580,15.3838,1970.2620,5468.7905,94.8607,457.8474,3923.3057,10.6392,369.3757,374.3783,1.6945,1.8017,0.0000,80.0000,benign
2382.1078,21.5784,16.6824,1655.6385,5921.5035,77.4197,129.1471,2463.7580,17.0171,308.5699,292.9897,0.7532,2.3143,0.0000,22.0000,benign
4160.5469,5.2800,5.6369,1769.0517,2820.6025,349.8751,338.9213,1288.5890,2.9890,341.0151,254.0971,0.7371,1.9319,0.0000,80.0000,benign
3001.7713,15.8069,8.7934,1665.1604,3312.5318,85.2565,234.9056,1855.3125,13.2627,333.6947,234.8097,2.1954,0.9744,0.0000,80.0000,benign
3944.7049,15.8816,15.8068,1071.2661,7572.6600,75.0428,241.8447,1577.6746,10.4711,176.7022,199.0388,1.9026,0.8123,0.0000,443.0000,benign
4701.8944,12.0948,13.6751,1146.2467,2005.1241,137.2760,185.8531,677.5721,4.8870,227.6645,104.3819,1.2295,2.3249,0.0000,53.0000,benign
4401.2359,13.1356,2.4494,1698.8136,3932.9497,97.5192,1387.5249,1175.2972,3.9957,413.8001,251.2834,1.5790,1.0630,0.0000,443.0000,benign
2391.7940,11.4015,5.4956,1526.6079,10918.1017,153.5906,1513.2440,3895.9502,5.2580,283.2479,0.0000,0.7761,0.4741,0.0000,80.0000,benign
2948.7993,16.9989,12.1511,2370.5859,4925.4354,100.3125,622.2999,3045.0129,9.2690,177.0919,329.2510,1.0885,0.9895,0.0000,22.0000,benign
1777.3317,8.9396,12.5760,1747.2465,5761.7706,125.9734,285.4441,2468.0332,7.7926,178.1249,308.9594,2.8554,1.1422,0.0000,443.0000,benign
2984.9733,10.7640,3.6636,999.2828,7235.8735,68.1091,1283.4610,2039.4354,5.2754,319.4900,177.9855,1.8825,0.8681,0.0000,443.0000,benign
7844.3984,8.0595,10.3093,1008.7087,5363.2763,120.7851,627.1934,920.0824,2.8412,346.5255,222.1188,0.8066,0.7438,0.0000,80.0000,benign
3604.1542,17.2970,10.5871,1084.4142,976.5499,66.2405,73.6267,469.2218,6.6421,273.2506,122.1999,1.1441,2.3553,0.0000,443.0000,benign
3557.1990,17.0991,11.5712,256.8090,7424.9809,20.9077,486.2459,2555.0678,7.7867,306.5064,437.0383,2.5953,1.7915,0.0000,80.0000,benign
2441.6550,12.7714,13.8403,1345.3601,3934.0051,72.9463,309.6997,2515.5076,15.6548,50.3979,271.6974,1.3030,1.3210,0.0000,80.0000,benign
3123.1489,11.4087,23.1874,355.4061,6187.7102,18.0922,274.5070,2012.4036,11.9725,396.3110,221.3869,1.9364,1.7919,0.0000,80.0000,benign
3363.1949,6.5083,4.4260,1070.0739,1553.6283,167.4931,409.7065,1007.7338,4.3431,331.5861,232.9662,1.8948,0.9282,0.0000,80.0000,benign
5642.1118,6.3501,5.8970,1297.1314,2316.5673,169.9460,557.4351,798.1241,2.6910,102.1183,349.8249,2.2172,0.6907,0.0000,80.0000,benign
1590.4084,7.6428,21.7607,597.5940,5710.8147,53.2182,314.5310,3390.9067,12.0897,246.1524,224.4705,2.1178,0.8362,0.0000,80.0000,benign
2317.6823,10.4632,21.8811,348.6636,2317.1248,51.2815,152.4154,1262.2581,14.1369,186.2998,158.9934,1.8835,2.0886,0.0000,80.0000,benign
3506.2626,19.0368,15.4315,1609.2566,6646.4476,116.7493,505.5049,2640.1160,10.5601,263.6292,428.6020,2.4476,0.8721,0.0000,80.0000,benign
2405.8717,12.9219,18.1178,2430.6393,3318.2301,192.2231,231.9324,3069.6119,19.1007,215.0584,220.0530,1.0679,0.7285,0.0000,53.0000,benign
2308.1846,18.4348,5.9601,1444.1240,3423.2763,64.8203,455.5880,1223.5660,12.3880,335.7698,226.7362,0.8307,1.1110,0.0000,80.0000,benign
2213.0388,26.0622,14.0817,2018.8727,8288.0939,101.0804,418.3463,4663.9285,16.7212,180.2869,89.9587,1.1219,0.9654,0.0000,80.0000,benign
2901.7043,7.8755,22.4038,1689.6669,5792.4084,185.5024,453.3937,2576.2921,12.7583,356.6687,352.0789,1.1020,0.7192,0.0000,443.0000,benign
59.7111,13.2729,17.3366,916.3263,6257.6764,98.7270,308.4649,109941.5487,355.6088,237.6914,308.4380,1.0788,1.0571,0.0000,80.0000,benign
2780.7311,9.5446,11.6663,529.5825,6084.4523,51.7358,300.8467,1498.2764,6.0048,296.1378,232.6110,1.1457,0.9798,0.0000,22.0000,benign
2257.3928,13.3110,22.7895,2167.0447,3745.5908,210.0992,167.3143,1619.3321,8.4044,302.8383,243.0408,0.9640,1.9972,0.0000,22.0000,benign
5091.5020,6.4531,19.9077,495.3270,5457.6665,73.9901,477.0492,1135.2946,4.5659,688.5669,315.5825,2.7033,1.3054,0.0000,443.0000,benign
4052.3296,10.4410,2.1923,845.8207,2762.0049,84.2935,938.2177,699.6052,1.5317,344.7184,296.0578,1.3980,1.5204,0.0000,443.0000,benign
3842.5759,10.5560,10.8531,1391.4683,5823.3206,120.3352,362.6250,2497.7036,11.3857,191.1267,229.0751,1.4417,1.0353,0.0000,80.0000,benign
5075.4847,13.8374,17.0034,0.0000,8402.0662,0.0000,275.2431,1261.9472,7.5852,538.8684,267.8058,0.8017,0.7287,0.0000,80.0000,benign
3832.9716,12.4111,17.7364,1846.5963,6917.2072,187.0518,236.6508,3034.9449,8.6771,230.6223,324.7589,1.2136,1.7037,0.0000,443.0000,benign
1002.4512,9.1105,23.5730,1767.4295,5802.7671,163.8015,167.6819,5749.6867,25.8060,468.7590,122.1779,2.2012,1.2054,0.0000,53.0000,benign
6196.5600,14.3173,20.3016,950.9996,2614.3353,86.0398,83.4558,622.8124,6.0739,51.6837,146.6664,1.8426,1.0179,0.0000,22.0000,benign
3281.4745,16.8076,20.2615,950.1743,4062.8438,40.7078,310.9686,1758.0992,13.5867,353.2607,377.1470,1.1814,1.3728,0.0000,22.0000,benign
3134.8862,19.2540,25.6071,801.7903,2602.1891,45.0967,128.2730,971.8402,15.1990,371.3051,160.4259,2.0702,2.0520,0.0000,443.0000,benign
1224.2263,15.5485,15.2728,899.3131,717.1040,100.3375,50.6104,1413.0730,20.3582,397.1801,312.3873,2.6677,2.4517,0.0000,80.0000,benign
3035.4173,9.5523,12.8838,1249.0389,6019.2881,160.5571,458.0749,2455.9091,9.1151,478.4110,121.1147,2.6145,0.9289,0.0000,53.0000,benign
2909.0515,21.4416,30.5048,1392.0947,9112.0023,63.9451,397.7169,4169.0808,13.9757,203.8753,243.4212,2.0805,1.1269,0.0000,443.0000,benign
6756.2535,4.4992,2.2310,1552.9879,1065.3710,211.9871,428.4238,505.5771,1.8233,303.6163,196.6325,0.9014,1.0708,0.0000,53.0000,benign
4010.5731,19.9382,5.5338,868.0426,3596.4252,53.4337,553.3627,870.3210,4.6009,335.6075,173.7912,2.0382,0.9816,0.0000,80.0000,benign
3792.1879,14.9274,13.4812,1130.4794,4426.4614,80.4754,341.3194,1678.1837,7.5350,314.1538,223.2701,2.2589,0.9630,0.0000,443.0000,benign
2862.0241,15.2164,7.6427,2643.5394,4982.4840,155.9914,516.3963,1854.6015,6.4410,243.3989,312.8225,1.1676,2.2691,0.0000,443.0000,benign
3396.9985,14.7803,11.6432,1227.7038,7358.0594,85.8765,819.0109,2926.7065,9.7466,353.2184,168.7653,1.3364,1.3696,0.0000,53.0000,benign
2743.7746,6.3360,10.0435,1463.8259,7273.5917,274.5294,332.0371,2292.8451,5.4383,295.2415,223.1142,1.9432,1.8494,0.0000,3389.0000,benign
4546.9785,2.4411,17.7052,1274.6068,3363.5565,509.8362,281.0672,1236.6748,3.5177,255.1059,44.9425,2.4659,1.1126,0.0000,80.0000,benign
2022.7843,15.4300,16.9322,1349.6342,7164.1255,93.1661,374.4426,2189.5565,11.0178,467.0679,461.9200,1.0435,1.1006,0.0000,80.0000,benign
3138.2834,11.0564,15.0652,1181.6105,7108.4945,97.3890,285.8065,3244.3948,8.3066,217.6717,158.8521,2.2950,1.4891,0.0000,80.0000,benign
4952.2871,25.8449,6.1662,1045.5295,1992.8988,72.0142,513.5422,881.5522,6.8467,358.1188,58.0774,2.0397,1.0838,1.1419,53.0000,benign
5239.0134,14.7388,9.5968,1287.7362,2397.0599,97.2418,292.1016,533.3845,4.1685,254.3958,381.6660,2.1349,2.1187,0.0000,3389.0000,benign
2991.2621,17.0762,13.2334,1816.5394,3092.8520,71.2789,263.2952,1095.0865,11.3079,210.9754,358.6203,1.8296,2.4540,0.0000,80.0000,benign
3512.6535,9.6216,9.8302,869.1222,1056.3178,90.6490,166.6430,689.2582,4.3342,220.9126,140.3758,1.6265,1.1908,0.0000,80.0000,benign
3300.6539,4.5887,4.9399,1726.2533,1697.2735,347.9058,554.1254,1340.4883,2.5629,127.5623,279.3847,1.9104,2.3038,0.0000,80.0000,benign
7593.6697,14.2005,16.6226,1349.7119,3275.2260,92.2725,207.6393,827.9432,5.1339,142.2264,145.2114,0.8680,1.5038,0.0000,443.0000,benign
3128.2778,0.0000,13.2095,964.4600,1686.6122,1061.0932,59.5847,721.7405,6.3915,84.0739,0.0000,1.0455,1.5587,0.6977,443.0000,benign
3339.9137,6.7078,7.3188,1920.3132,3910.9486,243.4294,900.8228,2430.5810,3.7932,343.1512,271.5443,2.0029,1.1177,0.0000,80.0000,benign
3946.5063,9.1999,23.3762,1533.0102,4215.3248,113.6913,287.1164,2123.2472,12.7692,563.4126,239.4183,1.8585,2.2807,0.0000,22.0000,benign
3738.7139,17.8620,11.7402,606.2965,0.0000,54.0216,0.0000,315.0028,7.2754,356.9715,134.1655,2.1326,0.9239,0.0000,22.0000,benign
5048.2743,11.6264,12.8642,900.7208,3042.8527,70.1185,238.7620,704.4596,6.3112,183.0463,190.2371,2.3783,1.0556,0.0000,443.0000,benign
3616.1789,11.2103,15.1811,2403.4413,8162.2735,122.8493,422.5628,1811.3482,6.5243,253.6859,330.9637,1.8066,0.9283,0.0000,80.0000,benign
1424.4789,9.6639,5.6270,227.1723,2724.2071,20.2586,541.1559,1861.6092,9.8117,169.1965,180.1127,0.9031,0.9921,0.0000,443.0000,benign
3657.4011,11.8163,6.7567,1399.4357,3391.0933,104.8028,428.5444,1679.1714,7.8218,167.5832,340.7183,2.1750,1.1188,0.0000,22.0000,benign
3986.2446,9.1035,10.1606,546.5317,2279.1646,49.0768,175.3203,555.4187,4.3049,345.4481,388.5890,1.2850,0.9236,0.0000,53.0000,c2_beacon
2776.7880,9.6169,14.4945,1459.9291,5475.4776,102.9268,333.3879,2167.0017,10.4806,706.5070,162.6645,1.9683,0.9734,0.0000,80.0000,benign
6330.5162,23.2413,21.0985,1971.7472,2273.2022,109.2648,157.9854,854.6914,6.6609,279.6377,140.2142,2.0176,2.0725,0.0000,80.0000,benign
5138.5483,16.2192,17.1620,1333.7752,3406.2847,73.4423,204.2577,761.6284,8.6192,373.4967,358.4770,1.0663,2.4307,0.0000,80.0000,benign
888.2139,3.9532,19.2833,1758.0181,8165.3766,328.1081,403.9742,3646.2496,15.2061,504.0866,400.9656,1.0286,1.0845,0.0000,53.0000,benign
7107.1170,12.6012,6.0358,2271.7244,1927.0807,130.5274,354.1275,932.0042,3.2559,252.3459,85.4893,1.6266,0.5917,0.0000,443.0000,benign
2546.3170,12.5316,9.0183,0.0000,2715.8585,0.0000,571.1963,1314.3681,9.3929,322.8606,69.5517,1.2196,1.0162,0.0000,443.0000,benign
3364.0037,17.5043,6.3107,561.3753,5386.5143,20.9472,841.0800,1971.0527,9.7592,148.9814,78.4249,1.0418,2.0497,0.0000,80.0000,benign
8706.4394,7.9466,13.2916,549.2679,5643.8664,33.2756,246.0108,647.1530,2.0213,327.0708,179.8862,0.9784,0.8388,0.0000,3389.0000,benign
305.1366,13.2630,12.7105,1439.9904,5130.8210,83.7154,627.3000,25070.6624,76.3352,232.8235,181.1373,2.2738,1.1269,0.0000,443.0000,benign
5065.2072,9.8348,16.3778,1159.4417,5919.6719,118.6647,284.6342,1159.3682,5.6840,164.5201,334.3531,2.2896,0.7383,0.0000,22.0000,benign
467.0252,10.2375,23.2922,3507.6853,6534.0293,208.0845,286.5711,16888.3712,85.8612,470.2407,71.2032,2.0444,0.8547,0.0000,443.0000,benign
4695.9108,8.4305,23.5350,1324.1981,11481.0962,150.3044,494.3474,2360.3846,6.5861,348.2649,70.0636,1.0180,0.8345,0.0000,80.0000,benign
3324.8034,6.3041,12.6720,1131.8398,3355.3482,91.4859,352.1812,902.1128,7.1047,183.4998,303.9225,2.0892,2.1656,0.0000,443.0000,benign
3302.6734,10.1798,4.8285,1993.2735,4810.6688,193.9083,1197.2272,2463.7491,6.2600,197.2042,225.2608,2.2629,1.0849,0.0000,443.0000,benign
2736.2363,12.6235,17.7797,1492.6383,7845.1587,98.0898,683.8569,2185.1980,8.1753,548.1934,277.6697,1.9910,1.9279,0.0000,443.0000,benign
4141.5232,8.4476,18.2914,558.8658,2824.7532,73.4148,226.7288,1208.0368,7.2188,202.2578,191.9458,0.9588,1.0722,0.0000,3389.0000,benign
2347.0385,1.0653,18.7856,1144.7606,4156.2219,1060.6389,349.8635,2703.9138,5.8038,444.2660,423.3718,1.5439,1.2946,0.0000,80.0000,benign
1716.2164,15.1246,7.0999,569.8453,4631.8592,49.7820,633.7414,1042.7058,8.0972,546.9088,384.8246,2.0968,1.3156,0.0000,80.0000,benign
1453.3657,5.7178,19.6445,916.5723,1461.8981,252.8268,132.2582,1341.3931,6.5597,437.1482,300.9399,1.8120,0.8591,0.0000,443.0000,benign
4695.7549,5.0759,11.6030,1173.8189,4687.8306,82.9412,448.7178,1138.8711,5.2646,447.6013,387.6739,1.1281,1.1907,0.0000,443.0000,benign
2076.9664,14.9802,7.6572,460.1711,9205.0602,51.5780,892.1286,4312.2799,10.2666,29.9497,15.0642,0.8473,0.8737,0.0000,443.0000,benign
2097.7045,8.1575,7.8016,1254.2023,5402.7786,130.7670,536.7243,3895.8164,12.1793,248.0670,258.2421,2.4223,1.0250,0.0000,443.0000,benign
2596.5552,4.1310,21.2366,1757.6285,4830.4774,256.4505,157.3818,2534.3173,12.9928,446.8516,87.1298,2.0004,1.7012,0.0000,443.0000,benign
3253.8019,5.4160,9.6578,560.3439,8162.8342,130.0646,785.1080,1649.1126,3.1111,397.7241,170.5391,1.1347,1.4755,0.0000,80.0000,benign
2188.2797,4.6980,32.8944,547.4528,2314.5271,117.1091,85.7891,1581.6039,12.2689,314.8877,268.3871,0.8733,1.0520,0.0000,80.0000,benign
5345.7266,7.8806,11.3239,1347.9836,7133.5080,102.5387,718.2039,2191.9694,6.7040,307.7999,165.7764,2.1012,1.5286,0.0000,80.0000,benign
2976.2110,14.2001,22.8312,1072.0839,1723.4074,65.7604,134.9278,1103.5309,13.4458,332.3391,198.7684,1.3174,1.5863,0.0000,53.0000,benign
2838.8482,7.9798,6.0721,988.7074,2233.0718,110.3379,238.6493,1078.7002,3.7562,125.5798,261.6356,1.0332,1.0876,0.0000,443.0000,benign
4948.6663,6.1567,7.8488,621.1775,1773.3546,240.4193,170.8909,542.6913,2.7496,105.9859,211.1588,1.1213,1.7076,0.0000,80.0000,benign
7149.9701,19.7742,6.5330,1193.4717,5104.2014,56.3097,704.2779,886.4210,4.1481,200.1634,306.1216,0.8987,2.6585,0.0000,80.0000,benign
5622.1571,16.6826,15.0123,1017.8287,4351.1404,66.9399,345.8097,692.9984,2.9378,414.0448,188.3246,1.6714,0.9951,0.0000,443.0000,benign
3859.5096,6.2390,15.8171,1312.6061,4487.2163,163.7700,299.0669,2059.6902,9.0148,108.3154,239.6611,1.9144,1.7404,0.0000,22.0000,benign
1326.7952,3.5823,12.1558,1354.9379,7105.5360,254.9629,491.9557,5687.2126,11.8155,425.1951,193.0732,1.3491,2.4261,0.0000,22.0000,benign
5515.3754,21.4004,9.4450,1073.2764,4642.1581,50.5170,470.9172,987.7045,7.3604,226.7441,272.8659,1.7278,1.2377,0.0000,443.0000,benign
5906.2258,23.4792,22.8695,1757.4996,2170.4399,78.9375,107.8246,884.7918,7.5735,373.3909,192.3184,1.8216,1.7839,0.0000,443.0000,benign
3263.6342,6.8394,2.3439,1623.9579,2698.1604,151.2512,1494.0434,2180.3159,2.9038,207.4901,262.2718,1.3973,1.7941,0.0000,443.0000,benign
3381.5228,10.9455,14.0187,1563.1654,5657.1576,153.8384,541.9070,2654.6803,7.3378,498.2017,245.7246,2.5031,1.2551,0.0000,80.0000,benign
2707.4040,9.9227,12.6365,1543.9177,3179.1100,147.1295,271.5203,2589.4713,14.9769,171.6563,162.3550,1.2538,0.8975,0.0000,443.0000,benign
6882.2246,13.0371,8.1553,946.7065,5917.2189,57.8645,550.0756,706.6113,3.2310,324.7739,194.4042,1.1657,1.6487,0.0000,443.0000,benign
1998.9151,14.0150,23.1987,691.5031,4053.9288,36.9314,184.9841,1694.1578,11.6196,267.9266,267.1929,0.7552,1.2599,0.0000,443.0000,benign
2673.0904,5.1188,12.2831,309.3681,6733.0119,81.5716,442.4495,1655.4614,5.3640,203.2198,275.1601,0.8602,0.9751,0.0000,80.0000,benign
4754.5803,11.7561,11.8407,1639.4109,2875.8790,141.4201,369.4574,1166.5501,4.0787,330.2403,183.1793,1.4251,1.9534,0.0000,80.0000,benign
971.5464,5.0369,3.4768,1658.4074,2534.4996,353.6330,780.9285,5388.7839,8.3248,483.9996,206.8558,0.9579,1.0136,0.0000,80.0000,benign
2999.6994,8.4142,7.9025,1173.2699,2468.1077,230.6826,372.3213,796.9103,3.0576,263.6992,264.4099,0.9060,1.0046,0.0000,443.0000,benign
4260.5641,6.0155,16.2389,988.3561,3224.5867,208.2284,138.3257,797.6967,5.1461,388.9426,391.4267,2.3461,1.4163,0.0000,80.0000,benign
4618.4911,14.5989,25.2058,897.0179,4337.9169,70.8213,251.5648,1886.3792,9.8382,439.7377,248.9892,1.8070,1.6145,0.0000,80.0000,benign
3815.3582,6.9813,5.8665,768.7359,7937.2877,108.8849,863.2930,1826.6205,2.4670,162.4944,158.7922,1.7860,1.0646,0.0000,443.0000,benign
2764.4047,12.3455,18.7817,471.1310,5015.5555,49.7662,367.2602,2167.6362,8.4121,396.8009,283.7835,1.1457,1.2343,1.1275,443.0000,benign
6073.6587,13.5351,6.3527,1369.1000,6455.1560,113.8939,491.4149,1526.5093,3.0312,273.9490,280.0054,1.6527,1.1965,0.0000,443.0000,benign
3711.4114,13.6703,14.3027,620.6098,2409.8140,103.8649,222.0254,915.0585,10.3892,513.6030,244.1265,1.0199,1.0953,0.0000,443.0000,benign
5671.4011,15.1605,15.8961,1541.3262,4615.8422,108.0112,261.2163,1138.0364,5.1872,266.2322,230.0999,2.1071,0.9967,0.0000,3389.0000,benign
1072.1812,4.1780,11.6838,409.7199,9025.1565,63.0793,874.7110,8222.0249,9.3322,330.6285,421.0852,1.9708,2.3477,0.0000,443.0000,benign
1035.4824,11.8725,19.7804,1158.2566,6321.9303,99.4781,464.8988,9232.3477,31.0901,256.5785,189.7759,1.7827,1.1436,0.8595,53.0000,benign
3625.2036,19.3895,5.6231,2018.3453,7330.8712,50.1982,815.9090,1891.0321,5.2014,131.6306,244.2087,2.1620,0.9784,0.0000,443.0000,benign
2366.7400,12.0129,16.5697,899.9368,5223.2219,78.7831,411.5744,2339.8877,11.8175,290.4466,159.7539,1.9773,0.6967,0.0000,443.0000,benign
3138.3634,4.0629,16.1235,1035.0053,6583.3975,147.3389,264.4088,1581.6081,7.5712,168.1895,76.4907,1.9859,1.3098,0.0000,443.0000,benign
1944.1903,6.5096,15.6571,1384.5034,8697.0159,310.7675,596.4038,4611.1150,12.1555,196.9805,427.1018,1.1596,0.9779,0.0000,443.0000,benign
3864.2312,6.9216,6.1092,270.0573,4834.1548,87.0141,777.9544,962.4123,2.6375,346.8968,245.7736,1.9698,0.7461,0.0000,443.0000,benign
4089.1032,8.1708,18.7018,805.1623,2597.4275,96.3586,182.6027,877.0601,8.1125,338.5016,298.5620,1.0736,1.4448,0.0000,53.0000,benign
6241.7533,20.2976,17.1940,1872.9566,3071.1104,101.8093,290.3499,1352.8930,7.5416,84.4757,345.7121,1.1063,1.0672,0.0000,443.0000,benign
3353.3720,12.6832,12.9277,1632.1639,8175.7629,188.3830,544.6729,2634.6600,6.4757,225.8020,383.7686,1.1597,0.9364,0.0000,80.0000,benign
3084.5570,11.4681,10.6703,1018.3184,3634.1683,104.5171,467.6841,1399.5665,5.9400,356.4675,263.0257,1.2874,0.8786,0.0000,3389.0000,benign
1946.7606,18.9890,8.5237,968.6521,6217.4724,73.7343,446.0259,1402.0305,7.2853,218.5389,351.1503,2.5399,2.1870,0.0000,443.0000,benign
1565.2890,8.0075,14.2429,940.5390,3383.5212,107.7787,133.8847,2147.1572,15.4820,465.2703,275.2415,1.1655,2.3728,0.0000,53.0000,benign
2687.4990,8.8853,34.4401,1954.7438,6854.5785,101.0626,263.0742,2659.2611,9.6374,127.1531,250.6638,1.6158,2.3746,0.0000,80.0000,benign
0.0000,7.8641,10.6024,1890.6030,7040.1502,228.8063,567.4478,934986.6946,2486.7418,348.9609,262.9844,2.1117,2.8756,0.0000,80.0000,benign
1824.9968,15.6819,17.7767,1261.5528,4724.2446,82.3775,127.6708,3132.2715,19.5570,546.3769,331.8156,1.0724,0.8126,0.0000,80.0000,benign
4611.2035,14.6381,16.3803,754.2688,4156.4209,56.1045,298.0147,1036.5989,4.5360,567.3348,266.1156,0.8828,2.2530,0.0000,443.0000,benign
3099.6426,12.1992,3.8808,1282.1850,3639.0819,88.8329,1059.4219,1305.3446,2.7828,459.0616,168.7833,1.6220,2.1237,0.0000,443.0000,benign
5703.1521,6.5627,22.6899,1534.1566,3677.3846,182.4399,295.8218,1427.2933,4.0368,302.2950,303.7715,1.0745,1.0440,0.0000,443.0000,benign
2730.4042,15.1521,0.0000,3001.6400,264.5683,164.2816,278.0204,1072.6443,7.8927,439.8972,488.0563,1.5805,1.0056,0.0000,443.0000,benign
6347.8114,19.7176,10.1750,1560.2547,7227.0813,52.6649,715.9605,1208.3863,4.1566,479.8395,256.8242,2.6458,2.0455,0.0000,80.0000,benign
3187.6060,4.9310,12.7763,1653.2157,6742.1664,342.5568,458.6647,1976.2801,3.2569,289.2727,353.7781,2.2282,0.6355,0.0000,80.0000,benign
1672.8593,10.2060,15.5042,393.1916,5635.9608,17.0457,299.5154,4561.8048,22.9735,352.8036,247.0058,0.9553,1.2197,0.0000,443.0000,benign
2803.1403,19.2318,8.3801,1301.1895,6780.4620,76.4054,1064.3109,1861.3799,8.6512,219.5462,299.8233,1.1816,2.1836,1.1041,443.0000,benign
2347.5653,15.3157,27.8332,1490.4591,5503.3755,110.2893,268.6919,1973.0045,11.0264,448.2387,118.5530,0.8983,1.3925,0.0000,80.0000,benign
2170.8165,10.5082,11.1381,666.2620,7213.2239,54.1947,768.0374,2754.5085,7.5907,146.0850,322.6295,0.9274,1.2171,0.0000,80.0000,benign
3477.4158,11.4455,4.0773,1704.7974,5168.0001,215.8759,780.3216,1860.7169,3.2680,266.4944,113.7789,2.2334,2.2321,0.0000,80.0000,benign
5510.9864,9.7710,18.1461,1093.2287,8699.9832,126.6838,539.5596,1846.7767,4.6506,362.4295,307.5298,2.7044,0.8877,0.0000,80.0000,benign
3788.0875,13.1636,19.9874,2018.6384,5119.5123,194.7991,245.2250,1379.7572,5.7513,489.7670,289.4199,0.9720,2.1282,0.0000,443.0000,benign
2787.1361,20.2183,12.7385,1194.5920,2810.8510,58.3120,434.6181,1849.1249,9.4187,276.7273,235.9661,1.8405,1.6206,0.0000,80.0000,benign
1505.7594,9.2348,14.5379,1142.6440,5455.2605,146.5723,396.2866,2891.0101,11.6895,183.2143,292.7909,1.0594,1.7090,0.0000,443.0000,benign
3365.5245,10.0907,3.2106,1003.7266,8626.7386,98.8007,2331.2925,2057.6194,3.8169,0.0000,197.1686,1.1277,1.1242,0.9734,443.0000,benign
3649.7564,0.0000,7.7647,1424.0021,6807.2827,956.0122,998.1658,2421.7999,2.1210,211.6395,271.2802,1.5544,2.3378,0.0000,443.0000,benign
4926.0153,9.6449,13.8800,729.1641,8747.0945,186.7658,486.0023,977.2704,4.0297,202.6864,37.2036,1.1210,2.4757,0.0000,443.0000,benign
2793.5621,2.2467,8.4432,648.6186,7115.2853,377.8835,633.7000,2184.5210,4.0245,321.2928,409.9120,1.7048,2.0790,0.0000,22.0000,benign
1914.4883,16.8876,9.4609,724.8716,1202.3710,71.4790,122.4600,706.3305,10.3630,241.5969,234.8888,1.2727,0.9566,0.0000,80.0000,benign
5668.8986,0.0000,11.7228,1082.1208,6242.8816,1473.8048,525.4916,1307.2410,2.6235,445.2706,393.4013,1.1577,1.5372,1.2350,443.0000,benign
1763.7530,7.5958,8.0456,1480.6727,3928.0833,199.5267,695.0461,3413.2543,7.2458,374.5785,145.2417,1.1539,0.8465,0.0000,443.0000,benign
1078.7666,14.6810,13.6348,744.3065,9041.9440,44.2585,555.8280,5537.6282,29.2107,184.3831,171.2168,1.4982,1.0582,0.0000,53.0000,benign
4051.7799,4.3848,16.2228,284.5446,3575.0832,103.5289,204.7994,711.1419,5.1968,73.2071,135.8282,1.1222,0.9840,0.0000,80.0000,benign
2188.6553,11.2798,10.4931,1671.2918,8691.1826,122.7457,658.2106,3394.5079,8.7292,267.3764,325.1462,0.8854,2.1325,0.0000,80.0000,benign
3027.8171,9.9694,21.3897,1916.7834,658.6455,188.8619,37.9222,622.1558,10.3246,446.0037,148.7560,0.9129,2.0027,0.0000,443.0000,benign
0.0000,19.0975,21.0453,1482.4192,2863.2772,55.1191,179.7746,316287.3993,5109.5559,364.2980,215.0813,2.1413,2.9091,0.0000,443.0000,benign
2779.3310,5.6386,12.9454,1726.4341,3200.2985,270.4095,314.0821,2206.8237,9.6991,20.4455,165.7681,0.8185,1.8049,0.0000,80.0000,benign
5854.8920,15.5896,12.2239,1997.1542,5039.3957,115.4268,602.6479,1508.1387,4.4583,295.4245,399.1933,1.0099,0.6487,0.0000,80.0000,benign
1535.5073,1.8127,15.9737,1672.1637,4182.2588,665.6148,445.6715,5486.0938,11.3480,299.0902,205.4900,1.1968,1.1457,0.0000,443.0000,benign
5044.6455,12.5576,6.3453,738.4597,2676.0790,29.6644,380.7436,901.5726,6.1227,39.7632,172.0439,1.5273,2.1354,0.0000,80.0000,benign
2439.4048,20.1456,15.7191,1045.8904,4631.5061,55.0765,311.8060,1738.8974,12.9982,288.7217,146.2456,2.4165,2.1652,0.0000,80.0000,benign
1597.9849,11.7527,10.0070,596.0962,4464.6178,57.8987,340.9656,2327.8565,13.1440,299.7973,400.5627,1.0409,0.9116,0.0000,80.0000,benign
2896.5647,3.0818,25.9217,1023.7116,5415.8743,413.2861,233.1905,1773.8756,7.8734,243.8354,306.4168,1.1231,2.1308,0.0000,80.0000,benign
4090.4862,18.3847,27.5047,502.9919,8567.7587,48.2162,295.5522,2120.9079,15.3367,36.5062,174.3732,1.4323,1.1404,0.0000,80.0000,benign
5809.3559,12.2150,21.6351,968.5664,6763.6098,141.2166,365.7258,1570.1167,9.3073,151.8122,341.7993,1.2407,1.1363,0.0000,80.0000,benign
5995.1265,8.8530,13.7297,296.9723,5077.0123,60.5025,389.5354,987.3576,3.4361,481.5796,220.0391,1.2963,1.2305,0.9465,22.0000,benign
3928.0515,5.9624,14.1237,1175.0506,5601.3500,107.0799,332.8637,1213.2492,5.4262,147.3730,142.9505,0.9074,2.1440,0.0000,80.0000,benign
5210.9086,17.2691,17.8266,1283.2322,3654.4463,61.3856,244.8375,2272.3698,12.3513,256.6426,152.2002,2.2214,1.7214,0.0000,3389.0000,benign
2512.2278,9.4530,15.7415,1136.1000,3546.4891,75.7086,233.9178,2239.8766,13.5513,207.9425,450.8030,0.8660,1.9673,0.0000,80.0000,benign
2553.3540,10.9399,9.5263,1499.6223,4800.5731,121.3439,512.8150,3117.2034,9.8539,294.9401,224.0964,2.0339,1.2899,0.0000,80.0000,benign
4439.9224,15.7012,6.0581,923.7805,3478.2409,40.7417,555.4955,1211.1870,4.1171,344.9388,435.8742,2.1840,1.8047,0.0000,443.0000,benign
6635.3956,12.3793,10.7227,1464.7041,6065.1334,141.5031,568.3882,1555.5501,2.2093,346.8670,178.8421,1.7978,1.5321,0.0000,53.0000,benign
4333.6604,5.9750,6.6376,2442.2580,3468.4441,311.6176,260.3099,1104.4879,2.4262,542.6406,318.9204,0.8877,0.6547,0.0000,80.0000,benign
4716.4477,12.1052,8.0653,1027.1579,4285.7162,60.7367,482.5136,1512.5750,3.7379,189.1490,191.1725,1.6014,1.6446,0.0000,443.0000,benign
3792.6747,17.6446,12.6279,1935.8126,3777.5500,95.6244,440.7759,1419.2044,6.2449,485.9491,312.9801,2.6604,0.5405,0.0000,443.0000,benign
5887.2838,14.2982,25.0874,943.3404,4584.7401,74.8071,140.7056,981.7115,7.6730,356.2201,409.4512,1.2516,1.0910,0.0000,53.0000,benign
4311.8464,17.4845,15.3089,1048.0668,5926.2438,36.7663,350.8944,2241.4992,10.4336,183.8859,128.0888,1.9804,0.5885,0.0000,80.0000,benign
2857.6375,6.4570,13.2426,272.3724,8171.2497,23.8382,538.0988,2874.5928,6.4930,114.1656,60.9047,1.5060,2.2414,0.0000,443.0000,benign
5007.9993,14.9770,15.0453,816.9908,5385.8144,76.0041,288.9466,537.4377,4.8987,173.4255,334.4492,2.3194,0.8893,0.0000,443.0000,benign
5516.7245,7.8931,4.7433,661.4990,3021.0229,120.4962,353.6506,403.2102,1.3986,245.1753,521.8252,2.0214,1.7913,0.0000,443.0000,benign
3722.5900,10.8135,20.4602,621.7256,1440.2284,82.9014,62.2195,689.2696,7.0343,309.4196,295.0765,1.0331,0.9961,0.6223,22.0000,benign
4986.9667,18.8153,18.2782,659.3869,3742.1489,50.6495,82.7791,1249.4442,6.8924,173.7507,297.0509,0.9276,0.9332,0.0000,80.0000,benign
3008.4782,7.2772,8.6797,1175.7669,3729.5391,135.0698,383.9893,1193.7962,4.0334,17.1837,75.4130,1.6554,2.0701,0.0000,22.0000,benign
4387.2600,6.1880,11.7505,1951.0313,1639.5195,240.8545,162.4036,1235.9433,4.9649,42.6243,371.1582,0.9942,1.8122,0.0000,443.0000,benign
4979.5889,13.5056,13.5039,721.3954,4094.8120,45.6265,305.3984,1063.9894,5.6448,165.3727,239.1506,2.0918,1.0095,0.0000,80.0000,benign
0.0000,8.6266,17.0978,1399.5432,4421.8934,79.9000,209.8334,519832.3936,2413.5501,205.5215,88.5189,1.4929,2.1788,0.0000,80.0000,benign
3182.0339,30.1718,22.6178,634.0260,7787.7607,34.8529,289.0457,4077.7409,20.4923,193.3819,78.4781,1.0467,2.2925,0.0000,443.0000,benign
2895.4783,7.5085,14.4838,1593.4447,4887.1045,148.9111,288.1949,2039.9748,6.2662,540.7839,115.9652,1.5227,2.1718,0.0000,443.0000,benign
2898.3817,15.5769,12.2098,468.5635,6258.8634,29.1802,500.2082,1785.9923,8.2959,226.8078,367.5254,1.5045,0.9510,0.0000,53.0000,benign
51.8362,1.4984,0.0000,113.0629,32.9381,59.3163,43.0624,4394.2479,39.9084,17.2244,16.1791,2.8712,0.0000,0.7895,54272.0000,port_scan
25.9415,3.4251,0.0000,151.3263,57.9508,34.1910,73.0495,7806.0969,126.1355,5.7134,11.6625,1.1379,0.0000,0.8184,63224.0000,port_scan
29.3701,3.7026,1.1380,181.0259,11.8445,37.1926,10.0038,4851.9660,132.8623,10.7488,15.7289,2.9678,0.0000,1.2523,48401.0000,port_scan
35.3536,1.1341,0.0000,58.6051,44.6545,79.3858,47.7260,3684.7719,29.7863,10.9680,21.1935,3.7629,0.0000,2.6743,17401.0000,port_scan
101.6742,2.0752,0.0000,133.7346,0.0000,87.9596,0.0000,2583.7185,26.3502,13.5930,30.8623,2.2762,1.1554,2.5905,54929.0000,port_scan
6.6409,3.5186,1.0420,99.4060,0.0000,26.6039,0.0000,11171.2251,423.8108,5.0866,20.9034,1.9087,0.0000,0.9763,29420.0000,port_scan
41.1032,2.6014,0.8911,133.6113,0.0000,91.3804,0.0000,3027.1921,82.8671,6.5870,20.9846,1.0566,0.0000,0.9478,23699.0000,port_scan
4.8710,2.6548,0.0000,112.4170,123.9068,26.1396,91.7685,22056.9064,269.6320,2.9199,7.7489,2.4833,0.0000,1.5078,55822.0000,port_scan
85.1838,4.0067,0.0000,88.3911,71.0696,45.1856,96.9374,1826.9700,51.6550,10.7733,0.0000,1.7717,0.0000,0.8857,5651.0000,port_scan
64.5163,3.2278,0.9501,48.5016,64.2097,30.7634,65.6525,2258.8236,60.2281,12.0010,22.7846,2.6444,0.0000,1.0984,23146.0000,port_scan
39.0790,2.8301,0.6537,161.1287,53.4195,47.9890,50.4251,5401.6045,105.5099,8.6955,21.7727,1.8930,0.0000,1.2762,63278.0000,port_scan
73.4589,3.3229,0.0000,125.8336,55.7884,32.5857,46.7414,2167.1792,47.6935,10.5953,2.8311,1.6657,0.0000,1.6222,4846.0000,port_scan
41.1160,3.9054,0.8311,136.5674,17.3134,46.9113,16.7791,2722.2185,119.4028,3.3695,16.9287,4.0475,0.0000,0.0000,1263.0000,port_scan
42.7126,3.1035,0.0000,167.6563,60.5470,47.7524,55.2671,5534.0739,117.1372,3.8524,12.6343,1.8315,0.0000,0.4321,61215.0000,port_scan
68.0507,3.7662,0.9846,91.6755,83.7400,30.8799,77.4893,1876.2403,62.2005,3.1183,14.2118,1.9018,0.0000,1.0264,50411.0000,port_scan
63.6329,2.8717,0.0000,94.9488,46.1420,27.7985,58.8603,3303.7616,46.3861,6.7658,11.0380,1.4041,0.0000,1.0439,59382.0000,port_scan
47.5380,3.1535,0.0000,134.0819,87.0989,41.5393,86.9875,4593.9598,59.9428,7.0710,35.6247,2.2976,0.0000,0.0000,47451.0000,port_scan
64.7942,1.9865,0.0000,119.0123,56.2403,43.5731,43.8589,2618.2978,36.5960,8.5591,7.4809,2.4339,0.8709,0.0000,56963.0000,port_scan
67.3065,4.0272,0.0000,102.4219,49.9495,21.2133,55.2830,3417.9910,116.4916,12.4880,26.9575,2.0782,0.0000,1.3224,20105.0000,port_scan
29.1886,3.3009,0.0000,145.3245,17.1173,31.7584,16.8878,4220.0360,91.0304,11.1480,13.4987,1.4005,0.0000,0.0000,22128.0000,port_scan
16.9274,4.6421,0.0000,193.5616,48.7406,44.1655,53.0969,9514.0455,269.9176,4.3295,25.4842,2.9185,0.0000,1.3118,36380.0000,port_scan
0.7898,2.6348,0.0000,68.4963,41.1041,31.6433,31.0915,13166.0748,237.6396,9.8593,0.0000,2.4261,1.1769,1.2568,22802.0000,port_scan
61.5004,2.4967,0.0000,136.4235,32.3897,45.9829,26.5339,3090.1987,87.3114,4.3431,9.1211,3.3842,0.0000,0.8526,29814.0000,port_scan
32.1340,1.6270,0.0000,146.8765,8.8020,56.6325,5.2460,3873.7643,36.7054,5.0950,21.7267,2.9214,0.0000,0.9799,36993.0000,port_scan
71.6150,3.0356,0.0000,109.5618,36.5033,20.1897,47.1676,1991.5873,67.5836,11.7099,5.1144,2.0707,0.0000,0.0000,55906.0000,port_scan
91.7818,2.7104,0.0000,168.6666,74.0036,34.4635,59.9112,2975.8654,61.8493,8.0910,12.7494,1.9237,0.0000,0.9315,51696.0000,port_scan
29.0024,1.9859,0.8809,91.7736,44.3841,31.7102,54.7231,5110.7149,113.0630,5.5074,22.5958,3.3151,1.1694,1.8447,17532.0000,port_scan
43.8068,2.1093,0.0000,99.0143,0.0000,42.5777,0.0000,2523.6653,57.5019,11.6761,16.0505,3.3103,0.0000,0.8306,47255.0000,port_scan
41.1672,2.5023,0.0000,135.2578,70.0113,71.0549,67.5191,4647.6410,69.6567,9.2221,26.0201,1.8425,0.0000,0.0000,32425.0000,port_scan
53.8219,3.1354,0.0000,99.6068,83.5776,30.2256,74.1751,5981.9887,57.3420,4.9069,19.2329,3.6824,0.0000,2.7460,47012.0000,port_scan
25.1507,2.5769,0.8418,251.9547,81.1433,92.7213,65.5769,11127.2158,117.4531,7.5649,13.1991,2.3748,0.0000,1.3112,41502.0000,port_scan
119.5920,0.7364,0.0000,50.3651,34.0954,50.9569,24.6890,923.8505,12.8717,3.0795,2.9561,2.7676,1.0757,0.0000,11253.0000,port_scan
94.5301,2.3524,0.0000,151.0053,0.0000,38.8552,0.0000,853.1029,35.1912,10.9756,17.6261,2.1451,0.9687,2.2754,38482.0000,port_scan
0.0000,2.2113,0.0000,133.6141,22.9643,40.1425,24.8972,15597.2888,239.8447,5.6486,15.1622,2.7777,0.0000,1.1424,48759.0000,c2_beacon
0.0000,5.9364,1.0815,85.2353,96.7423,16.6916,93.9616,21749.7607,517.4776,5.6775,0.0000,1.6498,0.0000,0.0000,5313.0000,port_scan
47.8519,1.8624,0.8963,117.1109,53.5949,39.0367,56.7112,3592.9574,67.0877,10.3455,19.0995,1.9597,0.0000,0.9024,29741.0000,port_scan
39.7852,5.3441,1.0400,93.5268,24.1453,38.1470,26.0323,2997.5174,153.6753,15.5293,15.6177,1.7268,1.3600,0.0000,43212.0000,port_scan
28.4231,5.5739,0.0000,189.5893,6.5031,24.6503,7.6557,4983.8822,162.2441,5.2550,10.0552,1.5551,1.1499,0.0000,21959.0000,port_scan
75.7140,4.1580,0.0000,140.9978,34.3737,36.3272,28.5312,4136.1258,46.8166,8.3590,22.1657,1.8938,0.7894,0.7712,2865.0000,port_scan
56.5420,2.6872,1.0938,103.0073,23.6081,86.3704,17.4734,2779.3371,59.7278,11.2137,8.1533,2.1932,0.0000,0.8591,38476.0000,port_scan
33.7102,2.7977,0.0000,82.4854,21.3222,22.3942,20.3467,2106.8440,96.8674,9.3823,23.9093,1.4411,0.0000,1.4776,10804.0000,port_scan
40.8358,2.9583,0.0000,148.5879,29.5901,53.5896,28.8108,4345.0065,46.4067,7.6048,20.7797,2.7232,0.0000,0.9036,16967.0000,dos
63.5447,2.4884,0.0000,58.0575,33.4689,18.0958,28.1867,1582.2230,41.8470,7.9862,31.8480,2.6854,0.0000,2.2647,54504.0000,port_scan
74.4499,1.7580,1.1920,63.1548,28.6937,18.1847,46.6033,1032.5996,44.2994,13.0805,5.3559,2.1864,0.0000,0.9619,15805.0000,port_scan
58.4465,1.2424,1.3115,168.3531,29.0977,100.0882,29.1998,2894.3559,51.9479,8.6787,0.0000,2.8030,1.1305,0.9964,40982.0000,port_scan
0.0000,4.8113,0.0000,141.9829,75.7886,44.1713,100.8774,25672.7788,414.5928,8.9118,13.7237,3.4533,0.0000,0.0000,48367.0000,port_scan
88.1190,3.8740,0.0000,123.1648,56.4012,27.9195,76.1239,3401.4522,53.0923,11.5228,18.9837,1.5228,0.0000,1.7479,32526.0000,port_scan
12.7128,4.4787,0.0000,114.1664,12.5977,21.4460,14.9541,9622.5117,373.2847,2.6134,8.9132,2.1943,0.0000,0.9429,13515.0000,port_scan
66.9052,1.5774,0.0000,127.2141,78.5871,50.3399,93.5879,2453.6801,22.4308,12.6426,19.3689,1.7078,0.0000,0.8370,33442.0000,port_scan
51.0514,2.7436,0.0000,83.4824,6.4244,53.0605,8.2061,1192.7875,35.6279,9.6916,20.2434,2.0951,0.0000,2.2907,55869.0000,port_scan
0.0000,1.7703,1.3563,85.0000,0.1506,59.6784,0.1191,11051.8340,331.5655,9.6687,5.9606,1.9114,0.0000,0.0000,65489.0000,port_scan
39.5590,1.9049,0.0000,133.1928,64.2425,77.7787,57.7929,5836.1692,47.1040,10.3740,18.8699,2.3231,0.0000,0.0000,47420.0000,port_scan
46.7292,3.5300,0.0000,165.7806,52.1671,50.7045,61.6203,3231.3092,53.9806,5.5888,18.4725,2.8263,0.9617,0.0000,20564.0000,port_scan
25.5090,2.9816,0.0000,138.3912,5.7288,49.1216,6.4008,2243.4723,120.8572,11.4184,16.9336,0.9104,0.0000,0.0000,49796.0000,port_scan
42.2915,3.6203,1.1013,151.1934,81.2486,60.8373,121.5138,5176.6713,115.7338,18.8559,4.8152,2.4404,0.0000,1.1934,52086.0000,port_scan
55.2747,2.2603,1.0895,58.2537,35.6567,37.3127,32.2270,2050.9154,71.2676,10.0269,24.4145,2.6374,0.0000,0.0000,28809.0000,port_scan
66.7644,1.9945,1.0147,141.7413,91.0387,43.0146,90.8285,2659.4718,49.9191,7.7042,25.8083,2.1948,0.0000,0.5135,32762.0000,port_scan
41.4624,4.7968,0.0000,58.4576,3.8050,18.2179,2.9746,1714.3807,117.7780,4.5591,14.9045,2.2131,0.0000,0.8165,55161.0000,port_scan
24.6809,2.6784,0.0000,109.0736,0.0000,64.2610,0.0000,4433.4165,91.5284,16.4168,8.6492,3.0456,0.0000,0.0000,16240.0000,port_scan
45.6397,4.8814,0.0000,134.0401,49.7016,27.1455,40.3657,3268.6907,96.4315,4.5060,16.7920,2.0813,0.0000,0.0000,5029.0000,port_scan
25.9763,3.3036,0.0000,119.3185,21.8971,44.2631,20.6855,4228.7252,123.5628,3.8186,9.7294,2.3797,0.0000,0.7483,40482.0000,port_scan
47.3228,1.2234,0.0000,99.2351,32.1799,51.3273,42.2816,2477.9280,45.8898,6.9690,23.6176,2.0219,0.0000,0.0000,34889.0000,port_scan
24.5595,2.9512,0.9955,158.5310,85.9981,30.4445,75.2850,6007.1241,135.2176,8.0642,15.4135,1.9787,0.0000,0.0000,61043.0000,port_scan
62.2362,2.6511,0.0000,31.4121,51.8945,11.6773,60.9829,1238.0448,33.9870,5.6997,10.3603,2.6868,0.0000,0.0000,15247.0000,port_scan
31.1196,1.7626,0.0000,49.5136,12.1147,15.7638,12.0501,2135.1139,105.7196,0.0000,13.3693,1.5544,0.0000,1.7258,21177.0000,port_scan
21.6397,3.6260,0.0000,172.4448,53.7904,53.2592,59.7563,10012.9117,202.6311,9.6111,11.8238,2.2615,0.0000,0.0000,46430.0000,port_scan
14.9939,2.4557,0.0000,66.6328,16.0833,33.5494,12.1116,6397.2234,189.3072,10.8248,16.0850,2.1656,0.0000,0.0000,1273.0000,port_scan
25.4367,4.7373,0.0000,183.1337,45.2510,47.0161,47.8044,6243.6247,127.4565,1.6469,19.9766,1.3319,0.0000,0.0000,19634.0000,port_scan
33.3846,2.8483,0.0000,276.8306,0.0000,85.3890,0.0000,5289.4633,56.6346,14.5969,12.5028,1.8599,0.0000,1.7331,34648.0000,port_scan
0.0000,4.2762,0.8695,149.4637,26.6558,26.1729,23.4862,15282.8736,507.2204,7.8268,0.0000,2.3112,0.0000,0.0000,51862.0000,port_scan
49.4729,1.8121,1.0718,200.1926,44.8851,129.9910,30.1846,4568.8509,54.5383,11.7766,28.5954,2.1660,0.0000,1.2868,19323.0000,port_scan
82.4812,3.4492,0.0000,84.5511,70.1764,28.1025,53.1196,2041.5896,52.8823,9.2638,9.6420,2.1102,0.0000,0.0000,33652.0000,port_scan
46.9394,3.8932,0.0000,115.3779,15.1756,27.0927,13.8295,2616.5661,93.8793,4.3655,15.3819,1.4042,0.0000,2.0599,47920.0000,port_scan
80.8385,5.9928,1.2424,78.7656,0.0000,13.7295,0.0000,1321.5490,96.3697,6.9191,0.0000,2.6915,0.0000,0.9530,55563.0000,port_scan
27.5848,2.3459,0.0000,30.8243,9.8162,16.6195,9.7268,2219.2366,89.3404,4.4660,24.8297,4.0221,0.0000,0.8986,62877.0000,port_scan
59.1464,2.7672,0.0000,32.3869,24.1791,18.9550,21.1930,559.3659,28.3365,5.1165,1.7594,1.5331,0.0000,0.0000,53414.0000,port_scan
32.6218,4.0198,0.0000,197.6324,13.7531,52.9229,15.7680,7016.2234,197.0165,7.3817,10.0919,3.6176,0.0000,2.1528,12410.0000,port_scan
89.2063,2.2041,0.0000,38.8612,15.8248,12.8067,26.3484,608.2367,43.6861,5.8751,12.4616,1.7579,0.9713,0.0000,27870.0000,port_scan
73.3546,2.5874,0.0000,170.0093,0.0000,71.3017,0.0000,2281.4932,26.0814,10.6494,13.6972,2.5520,0.0000,1.0123,23668.0000,benign
101.5859,3.5947,0.0000,119.2246,43.5765,30.3279,37.9303,2252.5036,43.7075,12.4515,36.2111,2.0196,0.0000,1.0262,47938.0000,port_scan
32.8969,2.4961,0.0000,95.9387,32.4488,49.8610,39.4348,2912.1858,56.7051,4.7084,11.9252,2.9658,0.0000,0.7005,24727.0000,port_scan
57.5194,3.4007,0.0000,75.9588,102.2001,19.7774,73.1572,2073.0955,70.3015,15.1239,0.7913,1.9502,0.0000,0.0000,38715.0000,port_scan
39.8517,1.7233,0.0000,64.2216,0.0000,29.8542,0.0000,2560.2684,45.7777,0.0000,21.5796,1.8522,1.1243,0.0000,4022.0000,port_scan
58.1536,4.1314,0.0000,147.3069,79.1677,30.3496,77.0157,3497.4092,56.4026,6.7305,14.5125,3.9905,0.0000,1.0577,56952.0000,port_scan
57.3806,3.2130,0.0000,137.2662,24.7700,32.5363,20.0587,2751.5622,52.2023,10.8133,24.9838,1.8433,0.0000,1.0509,37165.0000,port_scan
65.7828,1.9781,0.0000,184.9309,76.2083,66.4519,68.5806,2369.7690,22.1473,7.9246,8.0602,2.5943,0.0000,1.1492,8468.0000,port_scan
46.3062,0.4685,0.0000,46.3671,40.3597,24.9914,46.4056,1422.4781,18.7405,7.9490,13.9744,3.1165,0.0000,0.0000,34935.0000,port_scan
0.0000,4.7419,0.0000,97.2638,41.3926,24.1416,42.7464,15821.7106,405.8674,8.8785,23.6371,2.8665,0.7719,0.0000,59434.0000,port_scan
54.5570,2.4068,0.0000,87.2079,43.7010,33.0936,44.9000,2609.8293,68.1871,6.2626,30.6006,3.5585,0.0000,0.0000,3007.0000,port_scan
34.2729,2.5089,0.8916,233.5467,22.2503,105.9513,24.1829,6485.5665,109.1271,6.8692,4.7732,2.0779,1.0935,2.0013,41098.0000,port_scan
40.4869,1.7194,0.0000,131.2985,58.1341,88.4859,42.9262,5180.1172,38.1065,4.5061,19.1234,1.5155,0.0000,0.9519,26020.0000,port_scan
19.0050,2.3513,0.0000,152.6006,81.9612,54.4416,122.4489,11436.1674,173.1818,4.1062,19.0172,2.4578,0.0000,0.0000,10195.0000,port_scan
99.9975,2.6496,1.1188,150.8639,104.7188,55.4033,117.1463,3074.8516,45.8173,7.2498,22.7573,2.1242,0.0000,2.0751,38812.0000,port_scan
70.7926,1.7626,1.2618,77.0544,0.1575,59.1016,0.1920,1227.2870,25.4834,7.4359,12.3889,3.5047,0.0000,0.8467,36963.0000,c2_beacon
10.8641,3.2238,1.2504,110.6016,0.7810,45.8284,0.7129,10338.5315,206.7609,8.2164,0.6294,3.4124,0.0000,0.0000,11216.0000,port_scan
54.0929,2.4921,0.0000,261.7390,12.6212,57.0101,8.3770,3845.0399,70.6712,11.2278,4.4252,2.9949,0.0000,0.0000,57356.0000,port_scan
9.0759,2.9759,0.0000,163.8975,43.6769,60.5037,60.6207,20977.3649,291.7590,2.2360,13.2227,1.8034,0.8809,0.0000,44758.0000,port_scan
37.1477,3.8974,0.0000,117.7577,61.6381,29.8385,86.6075,2502.9540,39.2715,7.2474,18.2129,2.2423,0.0000,1.8887,12102.0000,port_scan
70.4470,4.2981,0.0000,138.0331,41.2434,52.2975,56.4767,2843.9583,37.2300,12.6703,14.1973,2.8455,1.2173,0.0000,61657.0000,port_scan
46.7813,4.7308,1.1755,41.7689,84.4438,7.3323,91.0010,2473.1041,167.3745,0.0605,0.1957,1.5299,0.0000,0.0000,5986.0000,port_scan
55.2872,3.4186,0.0000,133.7356,48.4699,33.7823,53.9105,4533.9597,70.9442,12.0380,29.1543,2.7844,0.0000,0.0000,22113.0000,port_scan
69.3751,4.6919,0.0000,39.7906,22.3691,12.7366,27.6751,832.7309,33.5600,12.0422,24.6558,1.8276,0.9496,1.2130,45574.0000,port_scan
41.5334,3.5377,0.0000,74.2072,65.0402,29.5724,46.2861,3439.1030,127.4566,8.8462,34.9674,1.5456,0.0000,0.0000,38712.0000,port_scan
59.8562,1.6525,0.0000,149.5684,21.6064,63.1500,36.3679,3361.5130,31.9268,6.4769,25.8807,2.4299,0.0000,1.1808,13878.0000,port_scan
28.4202,3.2565,0.0000,91.4052,0.0000,41.2790,0.0000,1700.3157,89.3643,10.9981,22.4435,3.2062,0.0000,0.9486,28539.0000,port_scan
0.0000,0.9085,0.0000,135.9465,54.0681,95.8552,68.4172,12304.8696,109.1565,5.0934,2.3764,2.6454,0.0000,0.0000,34509.0000,port_scan
17.3113,2.3365,0.0000,57.3743,22.5656,27.7231,17.0730,4680.5258,156.0505,24.7166,20.9301,2.2825,0.0000,0.0000,38570.0000,port_scan
91.2447,2.2064,0.0000,161.4958,52.6165,58.8872,63.7078,3034.2363,26.2002,1.8686,0.0000,2.0508,0.0000,0.9052,59452.0000,port_scan
23.0712,1.8032,0.0000,68.5862,61.5150,41.1280,33.7756,4070.0504,48.9393,7.8850,7.2829,2.3597,0.0000,1.2725,49216.0000,port_scan
18.5660,2.8798,0.0000,58.6004,61.4813,24.1538,49.3612,2851.5928,112.4328,12.0461,11.1035,2.5296,0.0000,1.0781,37130.0000,port_scan
112.6942,3.2859,1.1071,140.0563,39.9732,62.1026,37.2253,2790.0508,62.9229,10.9249,9.8411,3.5068,0.0000,1.9825,28126.0000,port_scan
58.3791,1.8254,1.0977,170.2945,62.4480,58.6108,53.6658,4589.3611,69.4129,18.8398,6.2874,2.1051,0.0000,0.0000,47945.0000,port_scan
53.7601,4.4754,1.1199,80.3053,40.1798,19.2380,80.4251,2685.7771,149.8412,11.2199,13.6540,1.5355,0.0000,0.0000,22316.0000,port_scan
112.0295,4.3883,0.0000,161.7347,88.2724,30.3282,72.7884,2782.6301,36.0156,14.5852,9.3665,1.7839,0.0000,0.9270,63800.0000,port_scan
74.6310,3.5964,1.2712,198.8554,61.4195,47.7863,88.8248,2877.0798,88.8560,8.9324,28.0109,1.9342,0.0000,2.2130,6718.0000,port_scan
50.7081,2.9851,0.0000,121.9749,28.7377,34.9515,27.7154,2782.5301,80.3188,7.4205,24.4269,2.7034,0.0000,0.0000,4199.0000,port_scan
29.8949,2.5729,0.0000,49.1366,93.7319,30.9899,82.4039,6956.4409,107.4864,13.2178,10.6469,2.5069,0.0000,1.0094,61459.0000,port_scan
62.7010,1.5862,1.1246,101.5315,90.6918,54.3623,69.9458,4687.0553,67.6994,5.3018,7.9384,2.0094,0.0000,0.0000,28843.0000,port_scan
52.6813,3.0540,0.8280,112.8331,0.0000,39.6791,0.0000,3678.8877,85.5380,5.7678,14.1349,3.2181,0.0000,1.0852,34496.0000,port_scan
21.1670,0.8078,0.0000,158.6940,40.4607,119.6799,73.2102,11046.9702,58.3027,7.6808,17.6281,2.6317,0.0000,0.0000,23393.0000,port_scan
4.5742,2.2583,0.9669,99.8483,5.9390,37.0073,6.5816,4868.8558,363.9101,2.6506,29.8726,1.9554,0.0000,1.4221,51580.0000,port_scan
67.1662,4.9650,0.0000,180.2337,19.7120,38.3874,15.1933,2587.7498,50.4259,3.2635,32.0825,1.9460,0.0000,0.7499,33495.0000,port_scan
46.9767,4.6513,0.0000,115.0003,62.5858,28.0515,53.6355,6860.7820,100.1410,8.1531,18.0112,3.1705,0.0000,0.8065,22379.0000,port_scan
75.9069,2.3983,0.6529,88.4086,83.3695,30.4904,45.5948,2174.2827,53.3024,11.8355,3.9265,1.4850,1.1177,0.0000,24885.0000,benign
56.2194,1.6011,0.9616,90.6852,0.0000,36.5599,0.0000,1946.5582,72.7630,5.7596,18.1577,2.0554,0.0000,1.0738,13628.0000,port_scan
34.9063,3.2413,0.0000,157.6247,0.0000,29.9752,0.0000,4174.6251,112.5290,4.2340,25.6244,1.7423,0.0000,0.0000,42980.0000,port_scan
15.9819,3.9086,0.0000,121.8546,56.8791,36.8808,48.3152,4722.9632,133.2072,6.0058,19.3321,1.9152,0.0000,0.9281,40214.0000,port_scan
19.8572,3.9270,0.0000,179.0123,21.2918,69.6259,20.9274,11872.3903,126.1430,5.3136,5.7356,2.2037,0.0000,0.0000,62532.0000,port_scan
65.4015,1.1531,0.8551,133.2088,61.7471,151.4703,57.0700,2424.8046,29.5082,7.1414,7.5313,2.1851,0.0000,0.9048,32993.0000,port_scan
33.5656,5.2912,0.0000,115.0477,27.8812,22.5931,34.7804,4861.3165,180.6866,3.7450,22.3163,2.8079,0.0000,2.5426,43860.0000,port_scan
32.4848,3.8145,0.0000,194.6945,26.5395,58.3390,25.8935,6116.4020,107.6277,13.1848,8.7044,2.4178,0.0000,0.9496,35152.0000,port_scan
24.1917,3.4462,0.0000,98.6759,59.0559,37.8415,82.7732,8852.5694,205.0232,3.0538,12.1398,2.7574,0.0000,0.0000,55871.0000,port_scan
32.2074,3.0687,0.0000,212.1913,23.9200,70.2770,23.8719,6100.9542,103.7111,11.5660,13.9012,2.0287,0.0000,0.0000,35642.0000,port_scan
17.8702,2.2639,0.0000,84.5492,42.3122,34.9835,47.4794,3838.2784,94.3775,12.1380,13.2166,1.4527,0.7466,0.0000,51958.0000,port_scan
40.4435,3.0688,0.9802,239.1526,11.4601,78.4275,8.5167,3732.6501,48.7323,7.4014,19.6543,2.5018,0.0000,0.0000,4472.0000,port_scan
39.7476,2.8571,0.6991,107.4756,0.0000,25.7960,0.0000,1883.1844,145.0346,7.4425,11.3574,1.8976,0.0000,0.0000,13455.0000,port_scan
51.5401,3.3495,1.2268,115.0898,19.5607,49.5362,18.0971,3004.4820,94.9615,6.1170,22.3004,1.7454,0.0000,1.2006,18003.0000,port_scan
27.1215,1.8776,0.0000,125.0761,20.8319,54.0577,19.1398,4614.1815,66.7657,9.0903,9.4816,3.0586,0.0000,0.9298,34620.0000,port_scan
8.9901,2.7933,0.0000,88.6704,0.0000,38.2982,0.0000,9067.7782,317.3884,2.7632,16.4894,1.6665,0.0000,1.7247,42989.0000,c2_beacon
16.1009,4.9781,1.1967,136.0021,42.1497,31.3985,41.8558,10611.9018,376.6295,11.5505,13.3298,3.1000,0.0000,1.1645,27406.0000,port_scan
35.3006,1.3774,0.0000,118.6440,21.8187,59.1253,23.0050,4835.2020,65.2993,8.9173,20.6976,1.9455,0.0000,0.6765,19655.0000,port_scan
32.4326,0.9731,1.1620,78.0560,45.9895,112.5726,72.8974,3775.9895,61.6514,10.9892,13.0550,2.3590,0.0000,1.4973,3265.0000,port_scan
112.9229,1.9773,1.1923,116.7836,95.5223,48.2610,106.6926,2545.4331,40.2399,8.6848,12.5544,1.5054,0.0000,1.0161,17797.0000,port_scan
13.1875,2.4734,0.0000,144.0374,23.8478,86.9959,23.3686,12840.0278,171.3269,4.7257,20.9475,3.8457,0.0000,0.0000,3994.0000,port_scan
0.0000,2.5302,0.0000,143.7649,70.0442,78.5978,68.2651,18068.7454,175.3012,4.2972,4.4969,3.2898,0.0000,0.0000,23153.0000,port_scan
59.3931,2.5988,0.0000,153.2307,23.8940,50.9865,36.8015,3319.0248,34.6911,2.7264,35.8316,1.7297,0.0000,0.0000,55473.0000,port_scan
108.5863,2.7958,0.0000,167.8025,36.2734,85.0128,31.3535,1650.4618,26.8645,15.6749,8.1433,2.3270,0.0000,0.0000,3216.0000,port_scan
4.6542,1.2650,0.0000,150.9212,28.3722,183.1646,28.7401,32483.3735,141.8875,6.8931,9.0376,1.8156,0.0000,0.0000,63550.0000,brute_force
54.6956,4.5911,0.0000,77.8458,67.2781,10.5680,84.9101,2919.6080,103.2093,8.3928,14.1007,2.4111,0.0000,2.4710,59420.0000,port_scan
9.8194,3.4137,0.0000,60.2795,25.3308,9.6948,31.1656,8937.5200,431.8231,6.1316,10.0868,1.9971,0.0000,0.8821,29935.0000,port_scan
4.4572,6.4352,0.0000,160.0170,39.3634,20.2952,29.0918,16869.8251,377.9785,0.0000,24.9748,1.6895,0.0000,0.9890,55420.0000,port_scan
51.2937,1.0209,0.0000,98.3454,12.7771,64.3513,15.6678,3455.8162,29.5471,8.7131,20.4728,2.3277,0.0000,0.0000,31985.0000,port_scan
8.1176,3.8305,0.9021,103.9327,99.9724,29.8014,86.4734,17585.2029,686.2387,8.7926,16.3631,1.9125,1.1178,0.0000,20858.0000,port_scan
70.1844,4.4671,0.0000,69.8149,49.2816,39.9533,39.2181,3001.1964,65.4784,5.8507,7.7020,3.4379,0.0000,0.7966,219.0000,port_scan
8.7112,4.8959,0.0000,103.3110,75.5444,23.3520,94.8977,21659.9385,529.8134,9.2743,10.6124,2.8015,0.0000,1.1696,28557.0000,port_scan
41.7778,1.7543,0.0000,101.4213,16.9240,85.1015,19.6565,3323.0025,37.3077,12.3269,32.9191,2.6044,1.0515,1.0326,5811.0000,port_scan
31.7095,3.4184,0.4666,104.3578,37.3267,28.6401,35.9681,4035.8344,120.1401,9.9195,3.3669,1.3538,0.0000,0.9340,44509.0000,port_scan
36.1296,1.4721,1.1015,166.7822,54.8039,76.2806,33.9093,5920.0277,75.9605,10.0969,36.7159,3.1584,0.7889,1.2090,57222.0000,port_scan
28.1043,1.5165,1.1362,107.7991,34.9434,60.4069,39.5197,3703.7462,66.3056,9.1782,16.6693,2.2501,0.0000,0.0000,52636.0000,port_scan
105.3659,2.7592,0.0000,115.5973,73.8138,44.1515,62.3078,3150.0435,37.2620,4.0582,16.3516,2.9639,0.0000,0.0000,31022.0000,port_scan
12.9422,1.7037,1.1608,136.8848,49.2773,67.9199,53.9708,16654.2955,241.5310,9.2704,2.6988,3.7012,0.0000,0.0000,52285.0000,port_scan
67.9385,2.6591,0.0000,128.7348,41.4561,48.1308,44.9142,4289.8038,39.9076,9.3810,1.3106,1.4364,0.0000,1.7494,62266.0000,port_scan
45.6212,2.6150,0.0000,31.8282,0.0000,13.7791,0.0000,1133.2431,94.9118,14.9317,16.4540,3.1539,0.4885,0.0000,44204.0000,port_scan
37.6565,1.8225,0.0000,124.4842,86.2323,67.6064,56.9263,4269.5850,64.4335,10.4293,16.8865,1.9147,0.0000,0.0000,50284.0000,port_scan
67.2162,1.4339,0.0000,126.2974,20.7950,65.4558,21.5601,2746.1890,18.4793,12.6856,19.2180,2.1446,0.0000,0.9849,61204.0000,port_scan
40.3996,1.1537,0.0000,118.2948,53.4697,70.5516,55.8943,4613.2412,38.6433,11.0212,6.1430,1.6544,0.0000,2.2395,36146.0000,port_scan
37.1297,6.5235,0.8675,58.4219,33.4593,17.3004,39.0315,2766.5038,109.5832,7.3634,19.0512,2.4581,0.0000,0.0000,12248.0000,port_scan
53.4307,3.9222,0.0000,98.7047,46.5177,24.4147,39.2527,2096.8216,61.5468,12.3891,17.1965,2.9985,0.0000,1.9805,19122.0000,port_scan
25.7549,2.2178,0.0000,128.2521,62.3091,51.2963,60.4491,5488.2193,76.3238,8.8086,22.6064,2.4381,0.0000,0.0000,34153.0000,port_scan
29.7074,1.1416,1.0292,67.1860,29.4021,48.4568,30.9989,2349.8803,53.0452,9.2377,11.1101,2.0140,0.0000,0.9589,3180.0000,port_scan
79.4627,1.4625,0.0000,63.7477,29.4827,25.6832,36.1597,1015.1727,29.3355,4.5324,15.2893,2.0271,1.0049,1.0692,26894.0000,port_scan
42.8610,1.3949,0.0000,175.2678,20.5643,125.5761,37.2964,4343.6993,18.9729,7.5837,27.3354,3.0703,0.0000,0.8799,19685.0000,port_scan
37.0254,3.3525,0.8440,122.1176,26.5575,49.9286,18.0436,3781.6378,64.8273,13.8602,14.1625,2.5961,0.0000,0.0000,32483.0000,port_scan
30.0672,2.7449,0.7654,108.5017,5.0268,37.7852,6.5339,3485.7806,175.3381,9.9971,17.9715,2.1846,0.0000,1.8629,64104.0000,port_scan
77.0835,4.3996,0.0000,79.1881,37.1468,17.2555,57.8981,1619.3580,47.2125,13.2628,13.3387,2.0846,0.0000,1.0149,36471.0000,port_scan
43.3759,3.8728,0.0000,76.7028,42.3380,28.0127,21.9632,3143.6510,56.8073,18.6807,28.4222,2.0610,0.0000,1.1053,54848.0000,port_scan
17.3697,4.6886,0.0000,105.5848,0.0000,24.0930,0.0000,6537.8317,278.6007,0.0000,24.4775,1.4866,0.0000,1.0480,31841.0000,port_scan
52.1292,3.2115,1.0288,216.1634,59.6139,41.1686,42.9648,3273.4796,63.0826,2.1877,24.4829,4.1031,0.0000,2.3756,21557.0000,port_scan
35.7040,2.6036,0.0000,67.9366,70.8457,27.6133,67.3176,4214.6822,72.0964,0.0000,19.4001,2.3070,0.0000,0.0000,21790.0000,port_scan
26.0430,3.9066,0.0000,126.7846,82.7101,39.9337,80.1969,9930.3069,109.0882,6.7331,23.3651,2.4211,1.3011,0.9645,664.0000,brute_force
68.0063,3.6313,1.1139,113.8008,44.8915,25.5288,70.9820,2217.1871,63.2244,5.4311,4.7809,1.9894,0.0000,2.2974,502.0000,port_scan
8.9342,4.8539,0.0000,185.6518,28.6316,31.9145,64.2014,23191.2732,425.0648,8.6735,7.1442,2.8762,0.0000,1.9049,26524.0000,port_scan
0.0000,3.8918,0.0000,116.7149,63.6147,32.7788,66.7269,20906.6971,469.4608,7.9051,30.1739,1.8084,0.0000,0.0000,55874.0000,port_scan
29.5714,2.9207,1.1397,118.2927,52.8660,45.7177,74.7728,5294.7002,180.5079,11.4256,2.3907,2.1865,0.0000,1.0845,23162.0000,port_scan
45.1275,4.2291,0.0000,187.6733,41.4419,34.0121,35.2932,3513.0076,62.1203,3.9263,11.0335,3.2382,0.0000,2.5121,58407.0000,port_scan
23.5770,3.8441,0.0000,97.8815,33.9479,25.3575,36.8497,6463.1751,154.5291,8.3952,17.6230,3.2558,1.2275,0.5872,41448.0000,port_scan
94.5794,1.5240,0.8616,198.1242,15.4345,87.4685,18.9616,2101.2235,36.6296,2.6051,29.0757,1.5251,0.0000,0.7636,56871.0000,port_scan
5.9132,1.8513,0.0000,129.2214,74.3808,89.6267,67.3748,22672.4092,286.0935,0.8022,5.4602,3.0393,0.0000,0.0000,36632.0000,port_scan
34.0354,3.7460,0.0000,86.7132,24.2354,28.6943,25.7499,4749.7477,118.2087,14.4715,35.0517,1.6141,0.0000,0.8372,49425.0000,port_scan
33.0873,3.4523,0.0000,101.4156,51.3371,37.8780,41.5538,4743.9857,119.2408,4.2077,5.3388,2.6430,0.0000,1.0205,5938.0000,port_scan
27.0494,1.1465,0.0000,148.0925,56.3237,133.0562,75.9925,8719.4812,66.3776,5.0287,19.6518,2.5472,0.0000,0.0000,14574.0000,port_scan
26.5978,3.3308,0.0000,84.5945,10.3564,19.0465,6.1269,3154.1109,176.3012,9.6888,0.0000,2.2759,0.0000,0.0000,22318.0000,port_scan
6.9522,2.8481,1.0073,76.1245,68.1443,32.4488,82.3099,13167.9054,442.8430,14.7982,12.0978,3.5719,0.0000,1.0576,46788.0000,port_scan
37.9896,2.1659,0.0000,122.8290,23.9748,89.5888,19.8900,3080.6677,41.1204,2.0494,25.1203,2.2794,0.0000,2.2483,8870.0000,port_scan
0.0000,4.0326,0.0000,117.5022,0.0000,38.6119,0.0000,13310.9234,461.4048,4.2712,25.0687,3.6281,0.0000,0.8825,30037.0000,port_scan
36.4413,7.5960,0.0000,169.3808,5.0832,26.1717,7.0259,4775.5928,149.0574,5.8977,5.6712,3.1483,0.0000,0.9034,48793.0000,port_scan
64.9988,3.3975,0.0000,8.8118,75.0831,2.1247,50.2415,1011.7519,52.9276,5.5859,4.4551,3.0112,1.2145,0.7873,21268.0000,port_scan
26.9380,2.9538,1.0583,182.1554,14.3617,68.3313,18.0031,7955.1269,123.0948,1.9263,25.6335,1.3815,0.0000,2.2828,45302.0000,port_scan
17.7572,3.4277,0.0000,89.5615,0.0000,51.2224,0.0000,6102.3847,154.1674,5.8109,20.3393,2.1202,0.0000,1.1276,24237.0000,port_scan
16.9208,1.6415,0.0000,71.0310,51.3266,47.3933,52.8091,10992.7875,103.1372,7.7488,17.2181,3.0669,0.0000,1.1760,4593.0000,port_scan
50.2205,2.9611,0.0000,180.9479,0.0000,53.3241,0.0000,2445.4079,44.0801,4.8591,7.6523,2.0938,0.0000,0.0000,17785.0000,port_scan
28.8627,3.0999,0.0000,177.4228,42.1298,39.2350,44.0048,3227.4684,117.9343,2.9354,27.9727,2.9680,0.0000,0.8847,9570.0000,port_scan
7.5512,3.9662,1.2079,115.8636,7.0694,23.4379,7.5577,10223.2803,299.8725,4.8027,7.3125,3.4048,0.0000,0.9505,28914.0000,port_scan
6.6260,5.8425,1.1940,116.8482,29.1448,33.9737,52.8768,16567.8139,512.1286,3.6629,17.6285,2.7024,0.0000,0.0000,51233.0000,port_scan
56.1692,3.6402,0.0000,101.2322,74.4802,23.6708,66.1420,4335.3137,71.8258,10.9431,25.6606,2.5199,0.0000,1.2552,2453.0000,port_scan
10.1152,4.2566,0.0000,129.5423,46.5865,29.4540,43.3274,20290.9403,310.7986,6.8363,21.8650,1.4190,0.0000,0.0000,6735.0000,port_scan
28.6791,3.5400,0.0000,223.8844,55.7172,79.5287,53.0383,9580.6120,128.4544,1.5715,10.5782,1.9409,0.9466,0.8708,12547.0000,port_scan
32.0246,2.0601,0.0000,133.2751,42.8931,64.2547,30.7821,4400.5172,42.0389,3.7273,13.8787,1.9676,0.8542,1.1440,48864.0000,port_scan
19.5652,3.5848,0.0000,68.4475,51.3986,19.0497,59.6262,6144.4388,141.6114,16.4180,10.0985,1.5463,0.0000,2.0613,19626.0000,port_scan
54.0340,2.5240,0.0000,175.5688,10.3004,59.5516,13.5258,2145.5281,63.6263,3.0033,3.2907,3.3227,0.0000,0.8614,55573.0000,port_scan
94.2562,1.2084,0.0000,113.2071,68.6544,98.6948,60.9144,1885.7449,12.9935,10.8040,11.9781,3.3976,0.0000,0.9832,40578.0000,port_scan
46.4873,3.4512,0.0000,79.1986,47.5926,25.7343,30.3142,2386.3459,52.9563,11.1108,28.0355,2.6851,0.0000,0.0000,45054.0000,port_scan
14.6338,0.4242,0.0000,155.8821,29.2622,176.5750,19.0267,9482.5836,29.6281,8.2180,20.4799,1.7239,0.0000,0.9671,3485.0000,port_scan
68.2825,3.4257,0.0000,62.0714,55.6368,31.0935,34.4619,1470.6722,39.4455,5.3395,14.5291,2.1423,0.0000,1.7652,16732.0000,port_scan
49.8907,3.2916,0.0000,104.8062,31.6080,52.3177,27.0453,4712.1942,85.1409,17.8484,4.0123,3.1639,0.0000,0.0000,44070.0000,port_scan
49.0112,1.5185,0.0000,49.2260,11.1487,24.6078,9.7277,1210.7448,33.7958,8.4640,13.8135,1.4091,0.9361,0.0000,17630.0000,port_scan
72.2429,0.7989,1.0090,180.9536,24.8894,177.1819,25.5933,2362.7928,25.7501,11.2006,0.0000,2.8062,0.0000,0.8612,53046.0000,port_scan
53.0315,2.4535,0.0000,148.8091,16.0747,104.1102,24.5537,3236.4212,35.6350,8.6554,9.1079,2.6641,0.0000,0.9139,49079.0000,port_scan
76.7405,3.8162,0.8154,104.5998,5.1228,30.1159,5.8133,1175.5801,69.2654,9.6110,17.7954,2.8694,0.0000,0.0000,50089.0000,dos
22.5921,2.0559,1.0958,148.6048,28.8114,79.5966,21.3869,3428.6155,137.9458,6.9135,4.6239,1.9161,0.0000,1.7791,56636.0000,port_scan
41.6361,3.6183,0.0000,90.6493,16.9757,26.0619,14.1969,2689.7959,91.1320,2.2996,13.4107,3.3492,0.0000,0.0000,62924.0000,port_scan
24.2583,3.5099,0.0000,171.5063,105.9047,36.1549,69.9938,12722.3275,122.6903,14.5979,14.5866,2.6799,0.0000,2.5484,23955.0000,port_scan
67.2486,2.4058,0.0000,132.2741,49.8994,55.5491,56.7601,2573.8809,43.1860,8.2596,12.6453,2.2048,0.0000,0.0000,25426.0000,port_scan
45.3207,3.3049,0.0000,103.6246,86.3542,43.2431,81.6546,3086.6410,42.6693,7.7904,9.9113,2.1655,0.0000,1.7365,34997.0000,port_scan
31.6798,2.4316,0.0000,80.5220,53.6642,51.4866,60.4807,5482.7530,85.4166,10.7628,17.6107,1.4232,0.7848,1.1024,15229.0000,port_scan
63.4577,4.1446,0.7522,92.1814,54.3981,30.2676,63.5028,3500.0566,107.6446,24.5365,7.5731,2.3018,0.0000,0.0000,18582.0000,port_scan
27.2583,2.8592,1.0331,53.8076,79.8089,26.2041,62.3320,8034.4141,111.5164,3.3983,23.6671,2.8439,0.0000,0.0000,57721.0000,port_scan
43.6273,3.8168,1.1297,139.3050,48.1712,48.1597,24.7566,4056.1325,101.3351,20.3232,13.4293,2.1446,0.0000,0.0000,59860.0000,port_scan
29.5828,3.5713,0.0000,162.6002,27.5303,42.4115,28.2801,7409.7290,165.4660,6.4965,4.8254,2.4344,0.0000,2.3384,30588.0000,port_scan
85.5628,2.7341,0.0000,97.9379,57.2442,36.5204,76.3795,1639.1732,39.3969,8.4089,16.1201,2.0846,0.0000,2.2701,19257.0000,port_scan
35.8512,1.1293,0.8707,129.5287,11.6326,114.3137,20.3513,6226.3406,70.6293,4.8681,3.3382,1.8183,0.9660,0.9870,34695.0000,port_scan
100.4136,1.9340,0.0000,172.3384,58.6411,64.2587,51.5038,2170.4058,30.6351,11.2186,15.2583,2.1566,0.6748,0.0000,17736.0000,port_scan
70.9031,1.5447,0.0000,133.8567,6.6414,32.9754,8.9502,2118.3796,32.5722,10.4493,20.0469,2.2157,0.0000,0.0000,14201.0000,port_scan
43.1275,2.0261,0.9702,142.8769,98.9540,62.8199,55.3614,5306.6779,81.1871,5.4632,28.0276,2.0191,0.0000,2.0892,26852.0000,port_scan
18.4319,3.3744,0.0000,120.4199,0.0000,46.9676,0.0000,6581.3000,192.3291,15.4486,17.9597,2.4549,0.0000,1.1483,4618.0000,port_scan
65.3835,3.0984,0.9887,111.8651,19.5517,39.6955,16.1548,2234.1530,50.2340,9.0104,20.5228,3.5726,0.0000,1.8678,1699.0000,port_scan
34.4162,4.8200,0.0000,214.8314,40.0944,29.5732,42.5990,4082.0212,70.4980,6.7601,2.6777,2.2582,0.0000,0.0000,35861.0000,port_scan
79.2636,4.3125,0.0000,112.1477,37.3014,30.8646,39.8733,2993.8429,47.5939,7.3436,18.8731,1.4753,0.0000,0.0000,33293.0000,port_scan
53.4751,3.5174,0.0000,169.4525,20.7758,60.3835,19.5439,3763.6186,47.3289,11.1518,9.1244,2.1273,0.0000,0.0000,42420.0000,port_scan
22.4144,3.3509,0.0000,81.4109,0.0000,26.3035,0.0000,3107.2856,125.6079,6.6605,10.2612,2.1627,0.0000,1.9598,43388.0000,benign
56.3510,4.1409,1.0771,83.1054,0.0000,23.3962,0.0000,1717.6017,90.0120,7.8544,12.9475,3.0911,0.0000,0.0000,37939.0000,port_scan
62.7931,1.7581,1.1162,65.8324,64.1892,57.2546,43.8187,1610.5115,38.9951,11.6042,14.0086,2.1166,0.7644,0.9639,8367.0000,port_scan
25.4314,1.2514,0.9244,175.4124,98.3734,136.5163,107.3520,7685.1214,61.3463,10.6936,3.9340,1.9369,0.0000,0.8640,14786.0000,port_scan
110.0367,1.1510,1.0084,131.9876,13.6133,110.8693,20.7421,1656.0358,25.9478,8.3001,15.6214,2.3736,0.0000,0.0000,3835.0000,port_scan
43.0753,2.0643,0.0000,112.3629,62.0363,50.2903,41.6589,5336.0908,60.9694,11.4591,25.1747,2.1502,0.0000,0.9206,33948.0000,port_scan
53.7205,2.0797,1.2771,202.8983,11.9222,79.7504,13.5080,2471.5529,50.9885,12.6930,12.9994,3.0584,0.0000,1.7981,62156.0000,port_scan
16.0274,2.5768,0.0000,174.8879,29.6563,62.4752,26.2626,11265.9705,195.4413,1.9233,9.8507,1.8252,0.0000,0.9781,10663.0000,port_scan
52.4814,2.3862,0.0000,57.4762,92.3375,22.3422,80.9365,2141.3870,50.2760,2.5198,25.0906,2.8875,0.0000,1.1201,828.0000,port_scan
15.8846,2.2152,0.0000,87.4279,17.2418,40.6880,19.1316,8393.9752,120.6844,5.1353,2.3264,2.9556,0.0000,0.9534,47905.0000,port_scan
31.7569,2.6109,0.8768,89.4139,80.8096,35.0311,52.5508,7600.3060,150.9502,1.4923,35.8490,2.8938,0.0000,0.9592,32838.0000,port_scan
86.2182,1.9978,0.9681,105.3659,73.8627,39.0870,68.9258,2731.2157,40.7874,7.4707,16.4967,2.4539,0.0000,1.5917,10769.0000,port_scan
51.0152,2.1022,0.0000,105.5707,19.6718,55.3641,20.0350,2210.8829,47.1552,4.0600,33.1598,2.7222,0.0000,0.7707,55864.0000,port_scan
57.7870,4.0038,0.0000,3.6466,82.4546,0.7783,80.8790,2112.9965,88.7361,4.1010,15.5315,3.0705,0.0000,1.1158,57153.0000,port_scan
51.9276,2.9546,0.0000,129.0991,0.0000,36.4586,0.0000,2092.2834,58.5267,9.1099,23.9475,2.5466,0.0000,0.0000,62216.0000,port_scan
10.2202,6.7589,1.2773,265.6023,41.7403,50.5641,44.0881,17135.1292,608.2994,0.0000,21.0774,3.4817,0.0000,1.6252,17905.0000,port_scan
35.3712,2.4015,0.0000,115.1494,1.9660,40.6214,2.3781,3209.4769,84.7898,9.4784,12.9601,2.7257,0.7655,2.3914,25732.0000,port_scan
37.5929,3.8535,0.0000,121.1267,19.4033,45.0232,16.6329,3941.5794,117.3335,11.6645,11.3768,2.0031,0.0000,0.0000,31696.0000,port_scan
34.6232,2.3278,0.0000,164.8872,92.0041,62.8155,76.8001,5856.2044,70.1699,5.9494,15.2784,1.6165,0.0000,1.3366,5418.0000,port_scan
78.4342,1.2632,0.0000,140.7441,89.8635,130.8489,91.0480,3999.9751,18.8095,7.6483,9.6810,2.1246,0.0000,0.0000,55428.0000,port_scan
77.7574,3.1388,0.0000,84.3750,63.9699,27.3148,58.9596,2842.6623,50.8765,12.8803,7.0314,1.7654,0.0000,1.0530,8019.0000,port_scan
99.8150,2.7189,1.0913,111.3379,50.6366,37.1416,58.8950,1490.7007,46.2435,6.9282,12.3909,3.7360,0.0000,0.0000,24598.0000,port_scan
33.2997,4.1965,0.0000,171.2173,31.8122,57.5135,24.9258,7444.8157,178.6688,4.3426,15.8956,2.7768,0.0000,2.0244,52868.0000,port_scan
79.6588,3.9609,0.0000,168.2567,0.3930,56.5464,0.5196,1903.6233,46.5556,7.4739,10.9583,1.7921,0.0000,2.1935,17320.0000,port_scan
63.3739,2.1841,0.0000,93.1721,78.0444,50.0234,86.3403,3444.9255,35.5998,7.1844,27.3241,1.7359,0.2996,0.9332,22506.0000,port_scan
52.3791,1.2821,0.0000,121.1678,15.3795,92.8259,12.9634,3423.0797,27.7885,11.0571,6.8952,3.7295,0.0000,0.0000,14001.0000,port_scan
2.2411,4.2393,0.0000,174.6046,26.5326,38.8580,18.5679,15768.0300,406.5844,0.0000,9.3326,1.7479,0.0000,1.9193,34393.0000,port_scan
34.2359,4.3810,0.0000,73.8800,1.0885,16.3946,0.9276,1796.8354,145.4444,10.9533,11.5755,2.4637,0.0000,2.2575,37227.0000,port_scan
17.8081,3.4323,1.0751,96.4162,88.6911,48.5771,100.8834,11719.8034,203.3249,18.1204,19.3420,2.2443,0.0000,0.8828,3429.0000,port_scan
78.5765,3.7231,0.0000,71.0417,35.2210,20.8273,31.6920,1267.7527,44.4171,4.6106,20.7936,2.1873,0.0000,0.0000,22285.0000,port_scan
66.9859,1.5614,0.0000,113.2207,74.1519,57.2514,92.6325,2866.7366,23.6068,8.1524,14.8021,2.1716,0.0000,1.1704,59054.0000,port_scan
40.1205,3.1250,0.8126,147.2481,63.9931,40.3296,78.6760,8534.9990,145.8420,8.7952,21.0524,3.6538,0.0000,0.0000,1080.0000,port_scan
80.4900,4.4075,0.0000,133.8434,39.6716,33.3916,46.3547,3153.4950,51.7797,13.6105,5.7650,3.7392,0.0000,2.1333,55629.0000,port_scan
30.0097,2.0642,1.1014,52.8192,0.0000,26.2337,0.0000,2623.0380,161.3281,10.0618,10.7338,3.0738,0.0000,0.6925,43249.0000,port_scan
4.9795,4.1636,0.0000,121.3417,57.9808,21.3141,51.3656,18279.3336,474.6093,14.0991,6.2530,1.9555,0.0000,0.0000,8079.0000,port_scan
39.9528,2.4637,0.0000,100.8138,35.9474,29.9008,26.7295,1887.9570,39.4409,10.1358,29.0582,1.4214,0.0000,2.3399,58355.0000,port_scan
0.0000,4.2869,0.0000,118.5904,17.5206,20.0324,20.9967,10981.4626,297.0824,5.2982,18.4616,1.9230,0.0000,0.6548,19843.0000,port_scan
75.9527,2.8672,0.5894,242.3188,49.9567,56.8715,71.8813,2207.3686,50.5340,5.2405,8.5993,3.6376,1.2931,0.0000,15873.0000,port_scan
68.3525,2.9540,0.0000,193.1754,18.5974,74.3864,35.0559,3193.6477,41.8243,11.8804,11.5209,3.6230,0.0000,0.9265,12977.0000,port_scan
26.7823,2.9183,0.9142,92.5012,29.9374,34.4065,37.5526,3704.9561,87.6975,3.4473,16.0425,3.3544,0.0000,0.0000,60639.0000,port_scan
27.3318,1.6175,1.1796,149.9308,87.2903,58.5380,77.2021,8221.2994,152.2269,4.7089,7.9405,1.9789,1.2608,1.0646,20483.0000,port_scan
27.7441,2.4716,1.0739,174.3398,75.9317,82.3063,79.0792,7904.0550,161.0536,8.2740,8.4807,2.1627,0.0000,0.0000,19705.0000,port_scan
18.0096,3.0233,0.0000,234.2642,30.2311,41.7441,40.3700,7505.9653,148.0143,11.9733,17.6522,2.3195,0.0000,0.0000,8737.0000,port_scan
30.8607,4.8827,0.0000,77.9326,74.1739,17.1863,78.1864,3632.5194,112.6558,0.0000,19.8680,2.1418,0.0000,0.0000,33301.0000,port_scan
68.6580,1.5555,0.9895,127.7503,30.0340,68.2611,20.5958,2103.7897,40.9868,7.9220,12.3349,3.5638,0.0000,0.0000,22271.0000,port_scan
28.5819,3.0617,0.0000,109.1250,44.5207,56.2082,41.1592,6831.5325,59.5961,8.8176,4.2513,2.9248,1.1777,0.0000,12129.0000,port_scan
43.3983,2.9529,0.0000,46.7566,18.7668,30.8908,19.4356,3820.5335,64.2031,2.2588,39.1764,2.5035,0.0000,0.8386,63512.0000,port_scan
0.0000,1.2981,0.0000,189.0589,29.9804,101.8228,24.9545,16424.4686,173.4428,7.5598,12.9822,1.4680,0.0000,0.8840,53446.0000,port_scan
103.3917,4.1868,1.0081,125.0180,49.7945,41.3939,45.7400,2124.0388,49.3231,4.9752,26.8511,2.3367,0.0000,1.2734,21537.0000,port_scan
22.9592,2.7920,0.9206,101.4938,2.1381,51.8280,1.8945,6070.3667,130.7091,6.2036,18.1663,2.2052,0.0000,0.0000,3831.0000,port_scan
18.3729,3.1687,0.0000,209.3723,63.6278,47.7309,83.5911,10134.3940,168.4301,10.2242,0.0000,2.5684,0.0000,0.0000,17542.0000,port_scan
46.1204,2.7270,0.0000,138.1546,47.4848,41.8288,33.1161,4687.2190,50.9373,3.2257,12.2155,2.9537,0.0000,0.0000,18432.0000,port_scan
35.4108,1.5149,0.0000,117.3836,26.2116,79.9407,34.1801,4619.2996,39.9368,7.1436,2.7994,3.0066,0.0000,0.0000,55017.0000,port_scan
96.0486,2.1546,0.0000,78.1999,0.0000,44.2298,0.0000,2327.1577,44.4297,9.1402,11.9393,1.6964,0.0000,0.8598,21784.0000,port_scan
66.5509,2.8405,0.0000,194.9317,50.9508,70.3612,70.1724,4524.1750,61.2989,7.8731,9.7192,2.0912,0.0000,0.0000,5733.0000,port_scan
0.0000,2.3472,0.0000,140.3834,53.2497,66.9681,32.0404,22636.2285,210.0110,17.1652,12.8014,2.8857,0.0000,1.1783,24476.0000,port_scan
22.1212,4.8959,0.0000,80.1068,44.0370,15.7781,50.3554,4621.2053,216.2359,10.4122,5.7836,3.6764,0.0000,0.9948,10686.0000,port_scan
57.1416,2.8997,0.0000,186.1577,33.5290,78.2887,35.9057,4243.5762,45.4887,2.9535,14.6749,2.4438,0.0000,1.6430,45335.0000,port_scan
9.4411,2.3647,0.0000,125.2984,79.3128,61.8668,81.0532,16261.6230,252.5323,14.2675,17.5189,2.0061,0.0000,0.0000,58013.0000,port_scan
12.9630,3.2692,0.0000,229.6152,53.0153,37.6538,42.0503,17151.5609,163.1499,0.5945,14.4419,1.6904,0.0000,0.0000,8743.0000,port_scan
6.0671,3.2446,0.0000,127.4171,6.6673,36.8578,14.5743,16886.7615,254.6636,4.9599,24.8605,2.2953,0.0000,0.0000,39933.0000,port_scan
3.7983,1.4671,0.6812,170.6879,81.2399,73.1948,61.4826,19783.0766,337.6229,14.2626,25.5925,2.4953,0.0000,1.0942,29352.0000,port_scan
48.7341,2.9554,0.0000,121.7245,78.4652,50.7573,55.9584,3817.3379,60.4577,6.7824,14.7492,2.7919,0.0000,0.0000,7441.0000,port_scan
25.4351,4.6063,0.9943,110.4974,63.3870,31.0761,52.3093,6625.2495,164.0114,12.0761,21.3058,2.8674,0.0000,1.1844,58013.0000,port_scan
56.4252,2.0575,1.1972,152.2687,14.3295,98.8947,18.9632,1419.3538,36.4622,5.5729,21.2482,1.6296,0.0000,0.0000,54652.0000,port_scan
49.8692,4.2149,0.0000,133.1416,93.5052,24.8117,87.7660,6542.2805,107.4498,2.3660,11.2386,1.5103,0.0000,0.8419,25147.0000,port_scan
42.8924,4.6090,1.0881,122.9435,35.3294,24.5550,55.7840,4159.1615,135.5204,5.1717,8.1923,2.1608,0.0000,0.0000,23039.0000,port_scan
58.2584,2.1196,0.8323,174.4341,48.9953,81.1537,40.9608,3403.7738,50.4277,5.9074,13.9205,2.1451,0.0000,2.4780,12025.0000,benign
9.5470,4.2536,0.0000,104.6683,108.9485,36.6562,92.5249,19779.8988,338.0201,16.0902,27.8251,1.6829,0.0000,0.0000,5576.0000,port_scan
45.1945,2.0466,0.0000,102.9352,87.7435,74.3775,70.8311,4728.4472,52.9662,11.1716,18.3119,1.7433,0.0000,1.1152,37056.0000,port_scan
50.4440,3.3980,0.0000,161.8018,0.6733,20.4168,0.8045,2530.8998,63.0301,8.2708,7.0465,2.4799,1.0831,0.9600,29701.0000,port_scan
12.7143,1.5452,0.0000,164.1260,12.1288,86.8729,7.6718,13982.0145,164.9002,5.6997,23.3709,2.2151,0.0000,0.0000,21481.0000,port_scan
21.7812,2.3772,0.0000,98.5866,30.8201,45.3394,34.8004,6722.1705,81.9167,1.8413,17.9260,3.1236,1.2042,0.7792,2149.0000,port_scan
29.0187,1.3832,0.0000,118.0583,55.3634,103.8086,104.9303,5878.8157,45.8415,6.8369,6.2409,3.2445,0.0000,0.0000,51963.0000,port_scan
47.2372,2.7058,0.0000,49.9768,0.0000,17.5581,0.0000,754.7109,25.0977,3.7382,20.0330,2.0350,0.0000,1.0557,28443.0000,port_scan
14.5602,1.3523,0.0000,69.4371,53.0333,37.3488,51.5383,6824.0140,158.1787,7.6629,5.2379,2.0152,0.0000,1.1071,4863.0000,port_scan
35.6373,2.7508,0.0000,189.1909,68.5680,66.6451,89.0542,6790.7652,67.0211,17.0839,6.3584,2.1567,0.9964,2.2953,58249.0000,port_scan
73.1825,3.5201,0.0000,181.7597,17.4250,68.4083,11.2907,1964.6789,34.8644,1.4357,12.9042,2.2203,0.0000,1.5401,23304.0000,c2_beacon
37.1443,2.4297,1.0197,108.7618,0.0000,55.4239,0.0000,3953.0058,73.3511,9.3948,23.2573,2.1896,0.0000,0.8382,16188.0000,port_scan
73.8432,3.3275,0.0000,94.8327,96.3316,28.3481,77.0225,3095.7910,48.3800,8.0752,26.0782,2.0512,0.0000,1.0871,33832.0000,port_scan
14.4702,3.6132,0.0000,114.7421,44.3239,16.6689,40.7394,11275.4988,265.7350,9.5573,23.6918,3.5044,0.0000,0.9219,8523.0000,port_scan
103.0093,5.0051,0.0000,52.7765,62.8548,20.2247,62.7021,1769.1337,40.1345,1.5320,23.3560,1.9252,0.0000,0.0000,21775.0000,port_scan
64.5760,2.1575,0.0000,182.6781,42.2241,57.3242,39.7547,2552.7814,31.2590,5.0125,16.2496,3.2341,0.0000,2.2238,4511.0000,port_scan
0.0000,2.8656,0.0000,80.1605,86.6158,34.9580,101.4098,17582.1188,247.9896,4.6307,19.2493,4.3062,0.9258,0.9431,55895.0000,port_scan
29.0484,1.4090,0.9274,157.0841,0.0000,98.9691,0.0000,4861.6208,63.5157,12.2541,12.8182,2.2473,0.0000,0.0000,5790.0000,port_scan
45.9868,3.1288,0.0000,95.9484,69.3746,21.4325,37.1111,2478.6281,37.9756,10.6913,8.7893,2.6298,0.0000,0.0000,22353.0000,port_scan
80.0499,4.3738,0.0000,191.4869,68.5165,50.8714,64.2816,3286.9109,48.4421,10.4665,11.6956,2.8328,0.0000,1.2348,4807.0000,port_scan
51.4010,2.2224,0.0000,110.9196,44.7525,47.7557,38.1280,2847.3404,64.4642,14.7765,25.7942,2.9052,0.0000,0.0000,10000.0000,port_scan
0.0000,1.6607,0.0000,128.3389,64.8042,49.3264,79.5673,15088.9727,194.3316,4.5231,19.8725,2.1160,0.0000,1.6392,58428.0000,port_scan
49.8512,3.1956,0.0000,183.1263,30.6071,64.1522,26.6324,1992.9421,54.4074,2.1709,3.2095,4.0433,0.0000,0.0000,41201.0000,port_scan
0.0000,2.6146,0.9973,64.8948,38.6165,24.0294,41.8542,10399.1543,384.6277,7.8153,15.1931,1.3598,0.7642,2.3233,49181.0000,port_scan
39.5384,4.4925,0.0000,58.6227,101.2273,20.5636,118.8285,5475.5061,89.9965,0.0000,31.3287,2.5723,0.0000,0.0000,60479.0000,port_scan
38.0433,3.1601,0.0000,140.0751,84.6009,51.0203,70.0955,6639.2119,61.8872,14.9297,9.0913,2.5134,0.0000,0.0000,56660.0000,port_scan
14.5502,2.7021,0.0000,143.8837,75.3183,61.6669,76.5398,17781.7009,201.9356,7.3715,5.6178,2.8341,0.0000,1.2899,60139.0000,port_scan
28.1459,3.9963,0.8329,164.1003,38.7700,41.4313,33.5116,8202.8591,245.5704,5.4249,18.8216,1.5404,0.0000,0.0000,34115.0000,port_scan
9.0949,2.4731,0.0000,58.6435,23.7762,35.6818,31.3406,11165.0911,237.8649,10.7226,24.3442,2.5109,0.0000,2.0295,28102.0000,port_scan
47.5728,1.5622,0.0000,19.8696,45.2471,11.7089,42.4750,1118.7156,36.4302,1.6422,13.5824,3.5587,0.0000,0.0000,6623.0000,port_scan
55.7953,2.2335,0.0000,163.3385,91.3066,65.4649,137.3080,4834.4852,47.4566,16.8922,5.2010,2.2497,0.0000,1.9299,64245.0000,port_scan
83.0599,2.1742,1.1774,136.6375,52.4579,68.2176,58.3289,2246.0313,30.0373,0.4176,14.3704,2.8553,0.0000,1.1171,5076.0000,port_scan
76.3497,1.9954,0.0000,48.3051,42.2395,55.0761,38.7807,1532.9650,30.8789,1.8656,12.1952,1.6947,0.0000,1.0574,60193.0000,port_scan
2.4167,2.7147,0.8173,226.5138,0.0000,77.3807,0.0000,18007.3094,356.1559,10.5432,15.5495,2.0346,0.0000,1.2021,37122.0000,port_scan
49.0420,3.1251,1.0296,141.9799,38.4571,53.9068,80.5324,2287.1403,82.8528,14.2719,21.6667,3.3151,0.0000,0.9062,26521.0000,port_scan
26.0448,2.3367,0.0000,121.0320,71.8163,43.6463,79.8346,5522.9212,132.5597,7.0046,19.2250,2.3087,0.9074,1.5966,10054.0000,port_scan
84.1840,1.7719,1.1124,112.5827,24.1076,92.8713,35.0660,1943.1230,27.6238,15.0289,10.8598,2.0765,0.0000,1.0545,61494.0000,port_scan
43.5792,2.2806,0.0000,118.8856,42.9315,70.2394,49.6288,5940.2367,67.5216,6.0915,10.5013,2.1530,0.0000,0.0000,29796.0000,port_scan
29.5233,2.3449,1.0091,85.4984,27.3511,32.7968,22.4780,5370.3092,124.1394,7.3480,22.7805,2.7538,0.0000,0.0000,13325.0000,port_scan
20.5798,3.2261,1.0414,180.8011,41.8085,36.3853,52.8871,9978.7575,241.3704,6.2423,8.4136,1.5340,0.0000,0.8841,56301.0000,port_scan
54.5091,1.1006,1.0723,85.5917,4.6155,53.5479,4.7169,1306.6778,29.1443,10.7379,26.9255,3.3983,0.0000,2.2043,49224.0000,port_scan
17.0844,1.5153,0.0000,142.8007,20.1754,81.2792,23.2075,10610.5368,73.8310,14.6122,20.0039,3.8235,0.0000,0.0000,51868.0000,dos
29.4530,3.0576,1.0829,91.0184,48.7206,14.5745,43.2103,2211.6012,134.5957,5.4316,29.5773,2.3514,0.9969,0.0000,22099.0000,port_scan
21.5731,0.2542,0.0000,108.8790,30.1354,109.7413,24.7461,7099.5013,12.9944,14.3158,0.6622,2.9808,0.0000,2.2267,25090.0000,port_scan
35.1162,3.6214,0.0000,118.9074,57.1334,32.6476,64.6860,5628.5232,133.0168,17.2040,22.1628,1.6741,0.0000,0.0000,53662.0000,port_scan
72.2436,2.3459,0.9881,91.8710,73.5665,25.2948,43.2879,2664.5356,61.7995,4.8889,30.5282,3.2752,0.0000,0.7919,50920.0000,port_scan
17.0004,1.8838,1.0865,77.3045,177.6781,61.4931,142.8399,13210.1128,118.1209,6.8093,6.1431,2.4757,0.0000,0.0000,52083.0000,port_scan
52.1431,2.5694,0.0000,156.1019,67.5053,47.7141,79.3662,5062.1784,55.3192,6.2717,9.6469,3.1804,0.0000,2.5100,7967.0000,port_scan
36.1407,4.4376,0.8315,95.0711,0.0000,51.8044,0.0000,4135.3672,139.6085,5.7717,19.1383,1.7824,0.0000,0.8541,41176.0000,port_scan
56.8668,0.6886,1.1687,82.9562,61.1499,87.1230,59.6733,2126.3235,38.6380,8.7447,14.4676,2.7231,0.0000,0.0000,2575.0000,port_scan
26.3283,2.7357,0.0000,176.8835,29.8102,77.8941,16.6070,7938.6282,86.3628,10.5775,21.8162,3.4541,0.0000,0.0000,32039.0000,port_scan
56.0808,2.5551,0.8115,56.6805,26.1491,18.2711,15.5872,1849.6511,65.1649,6.5725,9.3326,1.8289,0.0000,1.1013,58066.0000,port_scan
45.9237,1.5301,0.0000,107.4829,26.0362,74.8687,24.3759,2334.8351,28.5165,13.3635,15.4941,2.1139,0.0000,1.0815,30073.0000,port_scan
37.7726,3.3339,0.9962,128.9362,8.3800,48.4821,10.1035,3423.1978,111.7939,6.1740,2.5840,3.1912,0.0000,2.1371,33971.0000,port_scan
58.3101,4.3936,0.0000,98.2113,72.2768,25.2974,81.0618,5172.0949,71.5621,2.3704,8.2775,1.9881,0.0000,0.0000,24999.0000,port_scan
0.0000,4.6855,0.9967,102.2390,47.3025,19.6940,44.8012,15729.5888,326.1625,2.0737,19.1103,2.2445,0.0000,1.0678,46502.0000,port_scan
35.4989,1.6815,0.0000,68.7703,19.0294,42.2040,22.5950,2984.5038,51.9966,7.2440,10.0140,3.3407,0.0000,1.2208,34404.0000,port_scan
27.4177,3.8488,0.0000,168.5861,48.4565,31.1043,81.5815,6940.7844,115.9068,6.3045,11.7663,4.0009,0.8161,0.8872,65060.0000,port_scan
41.7401,1.9256,0.0000,25.3799,42.0905,22.7858,24.8820,1813.6762,51.7707,10.6863,16.7682,3.8947,1.0536,0.0000,36174.0000,port_scan
26.3594,2.4440,0.0000,153.2942,33.1649,48.6345,26.8706,5793.4098,149.9428,4.8368,26.8967,3.3239,0.0000,1.1908,11500.0000,port_scan
35.8467,1.1936,1.0075,66.9019,72.0145,92.7429,83.5859,2470.6550,64.9468,2.5740,19.4068,2.2679,0.0000,0.0000,2288.0000,port_scan
31.1777,1.4674,0.0000,127.1693,62.2366,87.6109,33.5437,4398.5879,30.8451,4.6448,0.0000,3.0998,0.0000,0.0000,37680.0000,port_scan
44.7304,3.1437,0.0000,90.7358,80.2688,13.4070,86.2915,4323.9805,100.1313,9.2831,14.0284,2.0106,0.8014,0.9710,21499.0000,port_scan
24.9053,2.3199,0.0000,187.5455,63.3574,64.4377,44.3425,11295.3192,96.2562,1.9145,5.2434,2.5482,0.7005,1.1171,47607.0000,port_scan
49.7097,1.3029,0.9774,118.0989,27.2878,119.3369,36.8167,3170.8726,42.0191,9.7503,5.7603,3.3855,0.0000,1.4001,56572.0000,port_scan
51.5041,2.3038,0.0000,139.1664,91.7438,76.5854,118.0462,4658.8246,42.5799,9.4563,22.9947,2.1179,0.0000,0.8682,29359.0000,port_scan
39.4308,1.8707,1.4287,60.0888,0.0000,35.6735,0.0000,1623.6075,78.5738,4.4272,20.7341,3.4849,0.0000,0.0000,58309.0000,port_scan
33.8485,0.0781,0.6831,149.7012,45.8747,122.6895,62.8340,5594.9226,24.2279,5.6875,14.7874,3.2717,0.0000,1.0143,59640.0000,port_scan
42.1726,2.9842,1.3198,103.8827,37.3998,43.3292,44.4935,3432.5762,88.9563,13.9029,14.3644,2.0302,0.0000,0.0000,16888.0000,port_scan
43.5540,4.1921,0.0000,172.4081,12.7844,60.9701,12.1842,4554.0895,82.7646,3.4880,18.7414,2.0572,0.0000,0.0000,25671.0000,port_scan
16.2237,2.1740,0.0000,121.3470,50.5612,30.6840,43.3592,10717.1339,131.6895,10.0497,10.3449,1.9118,0.0000,0.0000,50444.0000,port_scan
10.6679,3.1996,1.0998,77.0539,41.1818,27.8315,40.1316,9268.1414,220.4743,14.0154,15.2892,2.0811,0.0000,1.0705,57583.0000,port_scan
25.9134,3.6092,0.0000,101.8213,21.8651,13.3380,19.9944,3531.0017,127.9011,5.2372,18.6292,2.5302,0.0000,0.0000,42647.0000,port_scan
73.2665,5.3600,1.0152,80.4391,25.5090,17.2701,20.1194,1620.2019,73.4709,1.5250,26.5950,2.6604,0.0000,1.2850,55059.0000,port_scan
41.7418,4.0148,0.0000,137.1771,5.5127,21.6141,7.7926,2517.9418,105.2717,12.0061,21.5297,2.2342,1.0592,2.4352,63569.0000,port_scan
18.6764,2.5426,0.0000,175.6823,20.8494,40.8861,16.1873,8080.0686,164.3875,2.1295,20.6547,1.6730,0.9684,0.7495,4626.0000,port_scan
49.9916,3.7460,0.0000,102.4983,46.3795,27.6985,44.5538,1915.5865,41.2324,9.9397,21.9317,1.8226,0.0000,0.8969,42502.0000,port_scan
100.9241,3.0170,0.0000,147.1569,17.6536,63.6618,23.9607,2514.4843,31.3898,8.6103,27.5349,2.4212,0.0000,1.0602,46656.0000,port_scan
50.3929,2.2617,0.0000,87.1462,80.6390,45.7960,83.4360,2535.0711,33.9243,9.0487,26.5431,3.0744,0.7213,0.0000,40269.0000,port_scan
28.6579,3.8263,0.0000,133.3363,98.6195,33.0744,65.3177,8141.5875,116.9624,6.9935,0.0000,2.9159,0.0000,0.0000,27298.0000,port_scan
17.4302,3.0701,1.1402,94.3115,0.0000,31.0597,0.0000,3889.3124,109.4384,14.2979,16.2899,2.0939,0.9785,0.8803,55147.0000,port_scan
29.0669,2.0959,0.0000,109.1599,16.9882,26.9883,19.4302,5189.4547,111.0967,9.8965,9.7904,2.0948,0.0000,0.0000,8673.0000,port_scan
55.9911,2.8855,0.7959,68.0970,74.8689,37.8982,73.6318,3407.7765,83.8352,1.0409,32.1314,1.9649,0.0000,1.0829,7807.0000,port_scan
14.3454,1.9710,0.0000,123.9166,60.5321,99.1185,38.4939,12312.3459,108.0259,7.4560,11.8653,0.7881,0.0000,1.3676,23158.0000,port_scan
26.6251,1.2206,1.0558,126.7455,18.9298,192.6669,18.3571,7702.1881,64.8655,0.4694,12.5612,1.5947,0.0000,2.4865,45469.0000,port_scan
55.4235,4.3853,0.0000,108.5127,32.6813,28.2469,25.2154,1660.3129,64.4625,9.0541,13.4704,2.9878,0.0000,0.7306,33689.0000,port_scan
75.9780,3.0302,0.9836,43.0997,32.2619,11.3043,36.7383,1072.7945,47.1931,11.6480,15.4883,1.7466,0.0000,1.0419,34996.0000,port_scan
26.9867,2.6707,0.0000,161.8165,55.0232,55.0493,44.1735,6924.7234,76.9258,7.0810,10.0181,3.0568,0.0000,0.9179,45999.0000,port_scan
22.8046,5.0264,0.5882,73.0883,52.2365,13.1449,57.0896,7422.8692,276.5567,10.3602,24.3335,2.1387,0.0000,1.0562,50171.0000,port_scan
22.7258,2.6498,0.0000,95.7116,21.5098,29.0692,13.9399,3077.4335,76.6137,5.7105,19.8365,2.5179,0.0000,0.8917,59583.0000,port_scan
16.9123,3.1138,1.1238,86.8942,12.3826,23.1052,13.3816,5267.2794,219.9074,7.7532,11.0805,2.0802,0.0000,0.0000,5331.0000,port_scan
37.8766,2.6208,0.0000,77.2020,39.6592,29.7289,34.2034,3634.6750,82.3796,2.0637,28.3996,1.9525,0.0000,0.7826,22098.0000,port_scan
20.5373,4.1653,0.0000,95.6843,25.3733,40.9823,26.6133,7558.4916,158.9037,7.8568,9.6385,2.4539,0.0000,0.8555,4447.0000,dos
47.9225,2.0981,0.8147,150.2663,90.1544,90.3947,55.9639,6116.5408,78.3610,8.4221,24.2310,2.1339,0.0000,0.9998,12361.0000,port_scan
28.8011,2.4383,0.0000,88.3999,47.3500,34.5040,38.9243,3469.5148,96.1377,11.7704,22.4949,3.6255,0.0000,0.0000,52874.0000,port_scan
0.0000,4.3754,0.0000,95.2905,67.4887,27.8011,81.2794,17080.2456,361.3237,6.0709,26.9686,1.9242,1.2267,0.7848,60645.0000,port_scan
28.4702,1.5771,1.1709,142.1686,11.3202,93.7670,33.0527,4465.4676,81.1268,8.1519,16.7477,3.4333,0.0000,0.6699,6509.0000,port_scan
65.6020,2.5941,0.0000,28.7883,48.2815,5.9723,32.5347,785.3189,44.2409,11.6934,19.8964,2.3059,0.0000,0.8811,41719.0000,port_scan
60.7456,3.5761,0.0000,212.2342,58.8767,50.7381,58.2147,4473.4252,86.6965,4.1500,28.0461,4.6558,0.0000,1.2049,6626.0000,port_scan
34.7295,3.3048,0.0000,193.4289,51.4011,42.2954,55.3733,7638.0136,114.8053,8.2141,7.1296,1.6469,0.0000,2.2235,42094.0000,port_scan
48.9202,2.3943,0.0000,163.6642,36.3870,41.6996,21.2933,2635.1211,56.7646,13.3689,22.1735,3.2200,0.0000,1.0734,63074.0000,port_scan
59.3653,2.1233,0.8436,108.5490,58.5368,62.3740,71.7123,3456.8083,59.7719,0.0000,28.2577,3.1579,0.0000,0.7447,24508.0000,port_scan
57.6159,3.6457,0.0000,94.9597,50.2510,40.8802,42.5180,1353.8367,36.1772,5.7374,4.6683,1.8670,0.0000,1.1598,13371.0000,port_scan
33.3055,3.5885,0.0000,188.1352,0.0000,43.7160,0.0000,4956.7492,118.8142,11.1592,5.3837,2.1562,1.0636,2.6080,33404.0000,port_scan
63.1546,1.5542,0.0000,106.5490,42.7355,78.7319,53.5122,3027.8516,16.4652,5.1343,18.6088,2.2194,0.0000,1.0773,15111.0000,port_scan
84.5804,2.3694,0.0000,20.4024,0.0000,5.4654,0.0000,319.4394,27.5527,3.1083,21.0040,1.9128,0.0000,1.0525,12019.0000,port_scan
23.4824,3.2475,1.1504,99.3946,22.2440,36.6114,34.9144,6300.3479,153.4124,5.9786,21.5930,3.9513,0.0000,0.7536,57763.0000,port_scan
41.1458,2.6707,0.0000,105.2914,51.5573,36.5585,40.0472,4196.2223,64.7218,2.8331,11.9353,2.5572,0.0000,1.8470,25810.0000,port_scan
37.8934,3.3785,0.8907,174.0056,76.5868,33.7975,86.7505,3301.1703,41.3165,5.4921,15.3861,2.1995,1.2754,1.9861,45785.0000,port_scan
0.0000,2.0358,0.0000,138.7498,92.2106,71.4015,96.7261,21797.3583,166.2200,7.3355,38.6349,2.2427,0.9437,1.3081,29180.0000,port_scan
24.3677,3.0311,0.0000,133.1770,29.0467,46.8467,39.9044,9178.7367,129.6039,8.0293,12.4370,3.7896,0.7549,0.0000,43531.0000,port_scan
12.7531,4.9581,0.0000,91.8931,8.1156,22.2062,8.5761,7641.6178,599.5207,10.9260,5.0205,2.4524,0.0000,0.8235,54076.0000,port_scan
39.7057,5.2613,0.0000,82.6714,3.2533,14.7875,4.0071,1879.7864,97.6615,7.9285,19.1736,1.9528,0.0000,0.0000,19813.0000,port_scan
58.7341,3.0376,0.9227,186.7010,28.5763,57.2688,37.4706,2806.4730,57.1249,5.3072,20.2824,1.9419,0.0000,2.4824,38428.0000,port_scan
53.1289,2.0977,0.0000,84.7847,44.8183,41.7480,56.4957,2306.7090,39.6281,4.3581,6.5444,2.0672,0.0000,1.7691,59799.0000,port_scan
32.3044,4.4909,1.0670,107.8559,72.8011,26.5647,80.1697,6015.8409,227.5830,10.5109,7.2029,1.8110,0.0000,0.0000,12393.0000,port_scan
49.9326,3.0609,0.8440,152.7364,35.4655,36.8733,27.3420,2744.4764,50.5460,16.8045,0.0000,2.0101,0.0000,2.4201,61671.0000,port_scan
17.6440,2.6866,1.0319,81.6709,17.4040,37.8092,14.4414,5893.3569,194.8534,10.8409,11.9142,3.3312,0.0000,1.5000,28744.0000,port_scan
102.1460,4.3879,0.0000,85.4230,18.6856,23.7235,17.3908,1353.5885,35.1269,15.9032,5.3839,2.7498,0.0000,1.0184,28383.0000,port_scan
16.5327,2.4328,0.0000,95.6255,24.3595,22.4327,32.8069,8071.9107,166.5028,9.9326,19.3339,1.9387,0.0000,0.0000,51261.0000,port_scan
36.5313,2.3919,0.0000,151.1528,35.9898,69.0128,43.0641,6367.2105,55.5576,12.2229,3.5060,2.1729,0.0000,0.0000,59002.0000,port_scan
53.3130,3.6868,0.0000,139.2835,25.8712,40.6240,28.4736,3097.2718,68.0155,8.5751,14.5790,1.7121,0.0000,0.4178,1648.0000,port_scan
16.0741,5.9750,0.0000,141.2973,35.2237,26.4425,53.6520,5897.1899,167.5674,5.0313,17.1972,1.6480,1.0061,0.9096,57609.0000,port_scan
22.4013,3.7667,1.0846,87.9575,75.9776,18.9433,84.9000,8236.8634,219.4539,7.0830,11.9044,2.4828,1.0180,0.9294,49099.0000,port_scan
68.0449,4.2357,0.0000,99.6589,86.5498,26.8720,95.9774,2603.8672,74.6456,5.9679,7.8346,1.7465,0.0000,0.0000,51961.0000,port_scan
8.4924,1.8914,0.0000,30.8509,79.9018,11.4748,26.4378,8791.9477,326.2909,11.0832,20.1620,1.8033,0.0000,1.0191,37134.0000,port_scan
5.4605,3.1380,0.0000,83.0760,29.3189,36.6942,28.0416,11589.0279,284.0208,7.6468,12.5788,2.5352,0.0000,0.0000,51084.0000,port_scan
21.5541,4.5225,1.2326,182.2000,92.0599,30.4349,67.9270,12001.7609,293.2125,14.9123,21.6653,2.2822,0.0000,1.1867,27589.0000,port_scan
54.2989,1.6843,1.2425,228.8913,51.3332,73.1211,53.9149,2469.3817,39.4226,8.2333,6.1932,3.4141,1.1567,2.0562,54897.0000,port_scan
51.1427,2.2409,1.1394,169.2608,14.6154,59.6871,18.5529,3117.9445,77.6964,7.0676,10.8815,2.1620,0.0000,1.1180,42300.0000,port_scan
33.7563,4.1853,0.0000,94.5147,81.0374,28.5817,60.3877,4585.6293,107.6792,9.1518,7.8896,2.4527,0.0000,1.0404,40149.0000,dos
38.0399,1.3407,0.8576,150.4817,61.3259,63.2206,53.4039,3522.1261,67.3702,2.4877,31.6729,2.8395,0.0000,0.0000,1605.0000,port_scan
54.3182,2.0765,0.0000,90.8076,50.9242,50.0756,59.5451,3768.1239,45.1026,6.3390,13.6874,2.0828,0.0000,0.0000,28411.0000,port_scan
35.3360,4.5385,0.5591,187.4115,45.6328,38.1651,45.4431,6674.0895,171.3167,3.4813,19.2171,2.7268,1.0269,0.0000,54552.0000,port_scan
64.6443,3.4407,0.9281,64.9831,44.0641,30.4357,38.3909,1385.7744,50.7976,10.3377,22.7319,2.5356,0.0000,1.1240,31098.0000,port_scan
46.8694,2.3233,0.0000,73.8505,47.4010,55.0021,54.5771,5095.2972,77.7291,10.6299,8.4534,1.8668,0.0000,0.9850,41008.0000,port_scan
41.9711,2.3867,0.0000,138.6424,44.2827,46.3235,54.5723,3920.7989,71.0702,0.0000,31.0113,2.2815,0.0000,0.0000,2361.0000,port_scan
0.0000,2.9432,0.0000,220.3551,31.5753,65.2776,36.9943,16151.2206,368.8658,11.0447,36.5470,1.9740,0.0000,0.0000,18197.0000,port_scan
28.6541,5.9341,0.0000,52.6698,79.7186,6.9113,74.3890,3060.4630,141.4485,10.7626,18.1740,2.4965,0.0000,0.0000,32487.0000,port_scan
51.0496,3.8603,0.0000,240.0513,0.0000,63.8000,0.0000,3509.8018,71.5807,10.5078,12.6077,2.3832,0.0000,0.8469,5626.0000,port_scan
27.8793,4.8235,0.8215,124.9303,0.0000,24.9013,0.0000,3013.4732,140.0902,9.0334,11.8984,2.5576,0.0000,0.0000,26736.0000,c2_beacon
37.3434,2.5223,0.0000,130.6636,13.6954,63.5823,8.1919,3548.8526,70.6344,13.2812,0.0000,2.0219,0.0000,0.9363,16922.0000,port_scan
91.3949,1.3226,0.6091,164.2648,80.0142,71.1987,53.0968,2463.6130,41.2752,12.4097,35.4033,2.3600,0.0000,2.2830,35125.0000,port_scan
59.7596,2.8265,0.0000,115.1945,55.3253,55.8230,38.1355,3383.2543,60.3788,8.8837,16.1491,2.3524,0.0000,0.0000,39275.0000,port_scan
18.1512,0.3850,0.0000,66.4838,43.4564,65.8290,35.4903,4775.3760,34.5356,17.4491,7.3321,2.2995,0.0000,1.1847,30573.0000,port_scan
15.7761,1.3649,1.1798,145.1392,14.9981,88.5832,19.7305,14165.3821,142.4702,1.4899,8.7729,3.1008,0.0000,2.1403,64247.0000,port_scan
52.1586,4.7678,0.9212,97.5036,40.1726,19.9512,51.8145,2026.1622,72.5218,11.1098,15.9682,2.6762,0.0000,0.0000,13848.0000,port_scan
15.6061,5.9530,1.0063,61.0713,37.5527,18.5109,37.0783,5463.5579,323.5619,6.0694,13.2649,2.3565,0.0000,0.0000,54362.0000,port_scan
72.3658,5.5880,0.0000,107.5537,0.0000,21.9113,0.0000,1819.4232,78.1749,17.6354,6.9517,2.1861,0.0000,0.0000,4251.0000,port_scan
49.3127,2.8249,1.2414,206.7086,37.3640,71.4500,46.3595,6239.2692,70.9930,15.4588,19.7168,2.7214,0.0000,1.1718,15406.0000,port_scan
32.6030,3.1095,0.0000,261.1652,64.4207,85.2860,55.1474,7411.1484,87.0685,20.6747,16.6873,1.6309,0.0000,2.0342,25622.0000,port_scan
49.7715,1.3307,0.0000,133.9554,7.5772,74.6339,11.3767,2642.2213,33.1313,6.2827,8.6422,3.2436,0.0000,2.1108,2155.0000,port_scan
24.3453,2.6653,0.0000,101.9751,17.4951,32.7931,19.3844,3434.1427,81.1140,11.6298,18.1886,2.1107,0.0000,0.7979,48037.0000,port_scan
37.0248,1.6685,1.1064,101.2152,11.3563,96.3367,16.0226,4150.3236,49.2473,14.4340,20.1958,3.0611,1.2158,0.7850,15370.0000,port_scan
68.1267,3.5139,0.0000,129.4760,61.1048,37.5861,70.0036,2780.0804,47.7987,5.7143,12.8260,1.6888,0.8930,0.7985,49351.0000,port_scan
29.8069,3.0092,1.3331,119.4026,17.4724,26.1764,31.6099,5413.7802,82.9600,0.0000,13.0363,2.3439,0.0000,0.7825,2687.0000,port_scan
48.9990,4.9946,0.0000,90.1673,57.1571,15.1596,79.4785,3255.8455,105.5445,7.0611,0.6059,1.8757,0.0000,0.0000,52151.0000,port_scan
8.7899,2.5320,0.0000,100.9710,21.9882,38.9031,16.1619,17261.2935,268.4387,8.9855,17.2560,2.5888,0.0000,0.0000,29352.0000,port_scan
38.7465,2.2287,0.0000,89.9241,20.5124,38.3528,27.9898,3348.2088,54.1459,0.6383,10.3257,2.5608,1.1117,0.0000,32306.0000,port_scan
25.9391,2.1146,0.0000,124.9150,47.5485,40.0521,45.0349,8482.3136,93.8026,5.1224,7.2224,2.5624,0.0000,2.3773,53024.0000,port_scan
37.2009,4.6647,1.0500,137.5687,56.6111,27.5555,34.0098,3999.8321,129.8922,6.3705,2.8273,2.4324,0.0000,1.3482,52458.0000,port_scan
12.3840,3.0724,0.0000,119.3921,64.8062,54.6310,88.5854,12863.2479,195.3247,9.0144,13.4862,3.8035,0.0000,0.0000,61638.0000,port_scan
53.6340,2.3940,0.0000,107.5640,1.1064,28.6643,1.1572,2602.3596,41.3419,13.0096,22.0339,2.4634,0.0000,2.1597,499.0000,port_scan
28.5560,2.0372,0.0000,103.5657,0.0000,57.9327,0.0000,3938.0975,62.4503,6.4712,13.4337,2.3902,0.0000,0.9586,36722.0000,port_scan
60.4624,1.6011,0.9681,0.0000,43.7962,0.0000,36.4252,487.7129,54.8665,9.6007,18.7595,2.2744,0.0000,1.8019,2368.0000,port_scan
0.0000,2.5941,0.0000,96.1387,80.1921,28.2250,85.0651,23964.2596,307.4987,5.1792,29.1236,3.0498,0.0000,1.2155,7056.0000,port_scan
53.5738,2.8912,0.0000,169.1081,84.8735,54.8785,81.4001,5150.9628,46.8155,5.6013,17.2639,2.5554,0.0000,0.0000,52571.0000,port_scan
66.8908,3.0912,0.0000,78.6943,23.1917,31.6126,29.1781,1649.4825,49.1114,4.5815,30.4792,2.2039,0.0000,0.0000,52659.0000,port_scan
32.2718,2.0152,0.0000,91.9595,59.9804,40.5320,76.5728,11128.8528,167.1104,8.8738,22.2159,2.2582,0.7241,0.0000,50328.0000,dos
58.2636,3.5212,0.9864,122.5806,77.7537,38.7467,50.2167,2759.6442,53.5122,11.1811,16.9228,1.7664,0.0000,0.0000,30463.0000,port_scan
2.3755,3.8522,0.0000,158.0368,86.4686,41.7635,71.0769,18123.3744,323.6289,6.7190,23.2662,3.1381,0.0000,0.0000,63198.0000,dos
23.4465,3.2186,0.0000,82.0758,19.0217,40.6390,23.3748,7362.8557,111.1513,6.7372,8.6328,1.7316,0.0000,0.0000,44072.0000,port_scan
0.0000,3.6623,0.0000,153.8043,65.4289,39.7956,44.8400,17163.6670,356.8319,5.9939,10.6851,1.8069,0.0000,0.0000,11880.0000,port_scan
47.7652,3.9245,0.9245,135.2028,8.8861,44.6207,8.3357,2955.2049,99.9299,12.4105,0.9072,1.6604,0.0000,0.8956,57971.0000,port_scan
0.0000,4.0418,0.0000,102.2775,44.1256,26.7577,42.5901,13320.0370,424.2018,0.2844,10.2606,3.2180,0.0000,0.0000,26071.0000,port_scan
44.8649,5.4010,1.5271,106.1054,32.3462,20.2958,35.7536,2762.6111,107.1904,12.8192,7.0280,3.0365,1.0306,1.1854,45246.0000,port_scan
45.2899,2.9491,0.0000,105.7948,22.5563,45.9342,8.7895,3887.8422,97.2181,17.8120,33.8591,2.5848,0.0000,0.9461,30243.0000,port_scan
0.0000,5.3165,0.0000,127.2324,4.2429,25.8397,4.7521,11752.3302,525.4871,6.2376,8.4785,2.0984,0.0000,0.0000,58565.0000,port_scan
41.6954,1.3363,0.9071,111.1046,30.1336,86.8570,57.9714,3507.2201,63.6943,5.6012,12.5743,2.7097,0.0000,0.9144,36141.0000,port_scan
27.4190,2.9597,0.0000,97.1324,96.2931,19.6688,80.7114,5629.9907,135.2171,6.7242,18.1784,2.2894,0.0000,0.5984,1856.0000,port_scan
71.7788,2.9944,0.0000,129.3354,31.5863,54.4513,36.7714,3105.9547,73.2711,8.0911,12.6627,2.5143,0.0000,0.7942,33167.0000,port_scan
49.8028,4.1703,0.0000,98.5177,108.2650,32.9902,110.4111,4024.1102,84.7680,5.9671,8.4833,2.5350,0.0000,0.0000,41909.0000,port_scan
17.0738,1.8948,0.0000,58.5684,75.0650,25.1155,58.6214,5282.9176,56.0124,12.3346,7.0857,2.1424,0.0000,0.0000,60375.0000,port_scan
28.3538,3.9489,1.2931,190.5246,88.7784,58.9779,108.9987,7261.0743,146.4541,6.6661,33.6768,2.5462,0.0000,0.0000,60824.0000,port_scan
23.1054,3.5632,0.0000,144.3016,41.1429,41.4088,45.5939,7249.4336,184.1075,14.3532,14.5242,3.2649,0.8720,1.9044,9092.0000,c2_beacon
31.7070,2.3472,0.0000,98.0034,53.3209,55.3057,79.3106,3669.0746,56.1960,5.8002,6.1681,2.6343,1.0733,1.1854,57595.0000,port_scan
58.1634,1.8476,0.0000,134.5189,58.4402,79.9227,74.9544,4239.6894,25.8725,5.9029,10.2476,1.8375,0.0000,0.0000,26660.0000,port_scan
42.6982,3.8685,0.9659,136.5503,31.1132,37.9316,30.0872,4629.4063,131.4709,6.4202,39.2449,2.4891,0.0000,0.8519,11396.0000,port_scan
47.5939,1.1834,0.7642,103.2668,50.6771,55.7778,65.4465,3203.9069,66.3934,6.2856,23.5014,1.9614,0.0000,0.0000,27381.0000,port_scan
45.2338,2.3809,0.0000,152.5600,1.0109,65.3308,1.0196,2822.0383,60.7234,7.5770,12.5375,2.1635,0.0000,0.7792,47608.0000,port_scan
30.3586,4.3774,0.0000,67.6799,56.0283,30.1279,48.3261,3928.0719,72.2088,4.2521,29.8052,1.8365,0.0000,0.0000,23834.0000,c2_beacon
27.5697,1.3363,0.0000,148.8342,38.7334,50.1582,69.0144,5554.3473,68.7844,4.6133,8.4888,2.4077,0.0000,2.0977,26282.0000,port_scan
40.9259,2.9387,0.7870,96.8054,23.0631,31.5984,12.7968,4725.3353,84.6523,3.9714,27.4085,3.0866,0.0000,0.0000,6954.0000,port_scan
51.8570,2.5586,0.0000,50.3534,135.3207,9.8160,150.9188,2654.4296,87.6325,7.4091,12.7468,3.0507,0.0000,0.0000,53564.0000,port_scan
9900.9602,4362.3257,0.0000,266267.6541,3450.7723,77.6490,3592.4173,34344.2445,479.1167,2.1741,115.2396,199.4216,0.9361,23.0377,443.0000,dos
5443.4822,2060.0690,12.7328,304312.2301,1442.1876,98.9670,174.3321,22727.0366,374.7302,2.6936,159.2298,97.3956,0.0000,20.5422,443.0000,dos
12469.4945,4988.2795,110.7262,96742.9248,1037.4278,20.4526,14.1950,8728.6972,266.5561,0.0000,404.8478,189.9677,5.4194,41.3330,80.0000,dos
1112.6620,4295.2386,77.8068,202683.3709,2883.7759,17.8253,64.1274,179662.9067,7545.8719,1.7481,124.7353,185.7093,2.0277,25.9802,443.0000,dos
4699.1170,1875.4982,25.6037,233554.5155,0.0000,130.3778,0.0000,49365.7207,389.1283,3.9525,151.3746,74.9559,4.2364,56.4753,80.0000,c2_beacon
10853.5981,4697.3948,67.9237,252736.5604,1682.4228,50.4136,32.1984,14284.4277,405.6988,1.6939,369.5352,129.6904,4.0681,27.6385,80.0000,dos
5047.9088,1813.4481,32.4822,125628.6019,2442.1934,74.5801,97.5046,21159.7888,469.8341,2.2983,34.4077,151.1878,4.5765,73.3632,443.0000,dos
6729.8271,3392.9120,62.9279,209584.7619,3930.6118,90.6720,94.8934,25778.7115,494.3923,1.0388,107.9071,326.6132,0.0000,109.1165,443.0000,dos
8824.7577,4321.1884,42.9148,236094.4525,2629.0270,47.1731,44.5171,13353.7423,470.0603,1.8180,176.6056,347.3935,3.9090,9.4748,443.0000,dos
8800.9583,2671.4854,54.8646,104292.5242,0.0000,51.8837,0.0000,9746.7701,201.0721,1.6671,156.8490,119.6369,0.0000,63.3475,443.0000,dos
6517.3178,2735.0961,15.0980,167035.7320,2551.0003,87.7928,229.0524,28545.0817,234.5670,1.7100,58.5613,189.5518,5.1740,72.4475,80.0000,dos
8342.6263,6061.3749,50.0226,96555.6383,3164.6041,22.5960,87.5550,9726.3546,700.6009,1.8723,148.0399,72.2591,5.1973,59.4712,80.0000,dos
9308.3622,4480.9602,15.7349,384187.4625,4152.3122,54.9243,327.8679,38566.5435,519.2812,1.8858,166.9686,173.4808,2.8330,25.8057,443.0000,dos
4806.3291,1445.7336,168.9267,251879.2955,1162.6628,110.7630,9.0551,54311.3210,342.6117,1.3631,239.9786,154.2065,4.9906,78.7712,443.0000,dos
9013.2633,4114.1234,0.0000,302087.9378,3661.3794,59.3283,3901.3186,31034.0892,410.2932,2.3540,153.0833,399.2027,1.9765,100.8574,443.0000,dos
4488.5957,3616.5035,0.8395,240247.8369,6192.0500,79.9395,6781.8608,29138.9925,580.4740,0.7712,208.8913,163.9985,0.0000,82.8844,80.0000,dos
12159.5803,3490.9902,58.2362,364043.3469,1485.8410,125.0162,21.7371,18972.5444,295.2589,1.4852,67.0593,101.1476,4.9779,71.6930,443.0000,dos
4725.5370,3524.0162,39.6418,191727.1047,1677.1312,38.1530,40.7559,20294.3220,519.6074,2.2117,331.0997,449.7207,2.1580,20.4028,443.0000,dos
6107.2290,2380.9702,102.3023,289998.8351,5316.4855,103.7196,65.7765,38723.7524,500.8029,1.8376,0.0000,181.1462,0.8680,14.3233,80.0000,dos
5751.6298,4016.5877,60.2311,337452.5308,256.2615,83.0837,8.6861,36791.0410,406.4447,2.9970,255.6400,248.5976,4.0843,66.7743,443.0000,dos
10048.9769,3758.8923,17.6516,291268.0518,2194.3722,66.6809,139.7095,36759.9532,610.2820,2.0391,124.3192,66.2790,4.4461,31.1710,443.0000,dos
3801.6848,3146.7211,67.2661,178349.4220,92.2364,72.7258,1.4321,33735.8069,427.6591,2.3766,236.0832,363.9703,2.1987,111.5672,443.0000,dos
6812.9906,3949.4038,84.4180,231148.3122,1638.8117,59.3289,21.2635,42326.5386,832.6730,0.3275,192.6584,194.6630,0.0000,25.6313,80.0000,dos
4865.3950,3522.4233,67.1339,404257.0376,2587.9938,133.4015,43.0610,65747.5131,680.4978,5.2136,223.0126,125.9449,0.0000,70.5773,443.0000,dos
7427.0247,3211.3700,0.0000,146258.4795,4027.9912,51.0758,2833.5739,16035.4852,455.3350,0.9235,85.9397,295.4620,5.4307,56.0238,443.0000,dos
4615.2820,2101.8049,121.8223,0.0000,324.0839,0.0000,4.3322,81.6722,802.6495,1.4951,308.1423,123.5148,6.3161,44.1319,443.0000,dos
5001.3269,1820.3997,5.0521,203734.5968,1756.0041,164.8643,304.4671,26202.1693,295.6188,1.3890,386.3573,174.3144,3.2580,39.4845,80.0000,dos
7368.3433,0.0000,79.3403,328032.2118,2750.4415,330105.1372,36.5902,43322.5972,12.3645,1.5209,98.5399,71.1190,1.6209,63.4346,80.0000,dos
7726.4938,5320.0340,62.3653,175234.8584,2134.6611,22.6797,27.2111,13623.6414,303.9347,2.8015,69.8895,375.1505,0.7036,44.3500,80.0000,dos
9629.8258,414.5083,51.0221,239384.1549,5521.7747,870.8757,61.5687,28828.1368,37.8194,1.6074,264.9877,128.9419,1.1402,82.5539,80.0000,dos
6392.8731,1364.4818,35.5214,241323.0225,2666.0825,123.9382,97.0172,33986.7227,369.8958,2.8970,74.0221,62.6892,5.2735,84.9989,443.0000,dos
10440.2935,4851.5063,62.5719,230417.8391,1018.4565,35.6145,17.2278,16609.2998,373.7487,2.4537,172.6721,455.7816,4.9870,85.9522,80.0000,dos
7317.9410,3825.0849,84.0739,310717.4681,4658.8359,76.5176,41.0164,63503.7424,770.1200,0.5269,171.6286,279.5712,2.4283,24.6101,80.0000,dos
9050.0962,4058.9940,51.0878,313883.2222,1224.7778,63.0477,18.7567,32540.6335,647.9464,1.4886,72.9758,266.4206,4.3765,58.5215,80.0000,port_scan
11267.4694,3808.7896,11.7688,292055.6309,1295.8952,64.3979,98.4727,29725.2423,250.9486,3.5642,238.9176,206.6427,3.2634,78.7103,80.0000,dos
4424.7711,5857.6752,82.6914,171468.6720,4822.0250,38.5233,58.8543,24968.6028,505.6903,1.5052,91.6298,226.7735,4.9641,63.4255,80.0000,dos
7258.6435,4737.9425,87.2901,157791.7875,1757.7154,29.6741,18.1473,22362.4494,754.0067,0.2396,59.0053,197.6747,1.9605,71.6906,443.0000,dos
9702.1123,4287.0588,36.0381,52110.5368,2324.4531,10.4676,67.4640,5190.5718,719.8434,0.7658,159.0153,90.1699,0.0000,64.1706,443.0000,dos
114.9189,0.0000,4.7783,187058.9953,5619.9946,226863.8345,1255.8080,1972453.8442,25.5566,1.7250,120.3234,389.2690,1.9227,54.1047,80.0000,dos
16381.8709,2761.7829,108.3315,364696.7688,4782.2321,116.3696,41.5934,29160.6246,283.6292,1.5761,284.3169,100.2410,0.7797,84.6841,443.0000,dos
11289.5543,1043.6562,26.4423,255928.8885,2582.9529,186.8346,103.4736,16433.7024,96.1276,0.6612,251.9957,248.6422,0.0000,30.7672,80.0000,dos
5674.1862,6571.9886,57.9259,121332.1849,1710.1953,15.2576,31.4287,28526.1378,983.4944,3.6196,110.0141,238.3281,4.8968,87.2031,80.0000,dos
11694.0662,3251.1738,46.7037,159648.2594,2004.1532,52.3190,57.8126,12538.3183,178.5325,1.7775,80.2006,191.2655,4.4326,65.4615,80.0000,dos
9582.2365,3816.1868,57.3610,245993.4815,1811.1410,99.9707,57.5030,28141.0362,312.1613,2.8737,71.6474,151.4839,4.1935,32.2596,80.0000,dos
6284.6586,3975.9511,28.1597,98912.4540,2543.1268,43.8924,56.8684,24094.6269,995.7098,1.4859,240.5120,98.1220,2.8735,33.0015,80.0000,dos
3585.6666,3353.3546,43.1930,301849.9766,5778.5686,131.7082,114.4195,84753.0482,747.6272,2.0002,287.5562,176.7599,5.8759,88.7915,443.0000,dos
6477.2421,3336.3130,23.7856,68049.1183,1868.6580,20.1187,86.1494,17658.5035,678.0132,2.7689,251.4509,72.9505,3.0899,35.1624,443.0000,dos
9477.4724,3188.4639,36.6713,321186.4186,3072.3263,95.9176,73.4141,34474.6672,198.0438,1.8026,168.5596,121.6151,5.9465,56.5176,443.0000,dos
10384.0806,4062.9688,14.9713,77696.0131,2863.2210,14.4670,149.7560,6983.1693,353.8283,2.9279,239.2982,249.4031,1.2384,73.4829,443.0000,dos
5605.6581,4947.3113,47.1085,177239.1738,3183.4654,42.8640,62.0110,33489.6371,806.1263,2.9358,274.3156,195.9776,1.2356,94.4201,80.0000,dos
10981.4643,3086.9198,64.6176,318441.4413,4853.4679,132.9789,51.3153,19610.1697,276.9826,2.4451,95.6189,243.1482,1.2567,18.6003,443.0000,dos
8853.6168,4566.5796,0.0000,229491.5534,3998.3526,54.3717,2690.6596,39566.4267,572.6795,2.2205,227.0819,337.4195,0.0000,53.4931,80.0000,dos
10955.9832,4356.3953,14.2133,75968.5679,2416.6528,26.7225,217.3265,8190.7674,411.2215,3.5599,194.5889,105.5425,1.1094,66.8695,80.0000,dos
3664.4686,4425.2137,76.5854,217577.3689,2919.2949,54.3874,45.6812,59149.9883,983.4753,2.3099,186.1375,100.9603,3.8705,84.3307,80.0000,dos
10393.4207,1879.3154,72.7249,152569.0634,2101.9528,127.4897,19.8587,19116.7204,172.4876,2.0276,126.8283,283.5590,0.9807,26.9836,443.0000,dos
8394.1859,2288.4888,17.2469,206128.6405,4036.3110,127.4344,151.9950,28974.9302,209.6402,1.3596,153.0982,218.8378,2.0926,77.2766,443.0000,dos
9504.7068,3875.5300,39.5188,39106.1576,1124.9239,12.6534,31.8772,5555.1584,441.5340,1.4952,213.7401,129.6290,0.0000,41.3499,443.0000,dos
8162.2429,8341.3772,35.7721,237114.2802,1438.0600,23.8187,37.7376,47768.8363,1307.0647,0.9775,339.7285,324.3588,0.9645,104.8870,80.0000,dos
5909.9515,2615.3754,0.0000,233884.3110,647.3787,114.7452,560.7041,35630.3131,457.2439,2.3895,75.5342,132.5085,1.0117,40.4330,443.0000,dos
6869.7795,5510.9505,124.0797,158405.5169,0.0000,25.0441,0.0000,21986.3930,1001.0903,1.5445,253.5846,93.4185,3.8312,78.2631,80.0000,dos
10086.1351,4964.3747,61.7121,259151.6704,3810.1432,75.3730,45.3027,26267.7595,364.8567,3.5255,0.0000,202.6566,0.0000,37.9174,80.0000,dos
8835.9920,4034.9930,25.3998,156463.3397,2600.0532,63.1770,64.2959,26440.1825,593.0120,3.2456,204.8643,372.0875,3.7217,24.3176,443.0000,dos
4341.3961,3304.7576,86.0641,150305.4182,1008.8855,36.4158,17.2096,32117.7116,597.1471,3.6888,148.6024,75.7945,2.9370,49.2997,443.0000,dos
2248.2548,4659.1448,56.3776,156656.7794,2236.7097,46.7075,41.2144,61666.9637,1376.4210,0.8735,186.4006,152.8735,2.6291,51.4991,80.0000,dos
3592.2430,1601.8671,24.9905,232812.7627,0.0000,169.7452,0.0000,55845.6950,536.1649,1.1953,357.4312,134.2259,3.6546,55.6258,80.0000,dos
9657.3890,3817.1758,22.9757,184172.0051,1044.0141,32.0313,83.3485,17849.4252,524.5041,2.7540,162.4627,151.5109,3.8128,73.3506,443.0000,dos
10063.5372,5130.1365,56.0726,287044.0017,4359.6147,54.6445,40.8803,29707.1349,392.9388,1.9331,266.4078,67.1387,1.1183,62.9916,443.0000,dos
6279.2837,1308.8296,43.1516,459790.7341,1255.8477,350.2882,12.9244,67118.4929,295.5636,2.6246,190.1913,179.9936,4.1161,35.5176,443.0000,dos
6001.5623,4020.8023,47.6915,172209.5978,2168.6762,52.1861,23.5927,45897.7397,848.1968,0.3952,0.0000,176.6311,5.8620,98.6293,80.0000,dos
10881.8983,1155.4252,72.3812,287355.8420,3798.3674,229.3735,65.7891,19012.7381,132.5441,2.4669,299.7034,400.9208,1.3625,102.6559,443.0000,port_scan
12973.7220,4522.1142,33.4375,200331.8601,2332.4668,58.4478,58.6816,28092.4545,282.1800,2.4201,181.6183,226.4134,0.9328,50.6704,443.0000,dos
10267.6018,5805.3530,53.3759,179130.8527,4332.7367,35.7416,71.3085,21863.1515,615.9214,1.2827,327.3566,261.4884,1.9629,104.2235,80.0000,dos
7572.5590,5612.7681,74.3254,123743.5418,2377.3661,27.8177,34.6597,37987.0477,899.8105,3.9422,87.0576,202.2857,0.0000,53.7871,80.0000,dos
15041.7128,3242.8380,65.2954,176058.7860,3662.0732,46.2309,52.8616,9120.9769,224.0761,0.8110,111.1433,245.8562,2.7779,70.7733,443.0000,dos
11753.9670,4335.0479,39.3726,157977.2639,4382.0799,30.9659,143.0534,12583.6942,411.8426,2.1296,136.2372,245.5828,5.7538,48.4693,80.0000,dos
4941.0020,4810.5437,10.8814,375123.9584,2038.1314,69.6471,74.4391,61706.7309,1399.5053,3.2911,352.2669,88.6181,1.1502,37.3131,443.0000,dos
6810.7140,3215.8375,80.4619,111643.8993,1357.3782,22.6545,19.8284,11963.2644,564.8222,1.4857,50.9695,169.8142,2.8282,76.3632,443.0000,dos
6235.4287,3257.5526,93.0298,71536.6372,3560.2337,17.2946,29.8904,10927.5464,539.8810,1.7906,68.7069,185.1415,2.5409,39.7339,80.0000,dos
7468.6222,3533.3029,84.6571,279649.6969,2379.1118,53.9621,20.9956,26858.9751,638.3846,3.4104,189.7277,373.2243,4.2782,96.8109,443.0000,dos
3645.4199,1729.8670,85.4444,108118.6169,2300.4595,62.3664,27.1659,20529.2865,364.6933,1.2094,182.1191,273.2605,0.0000,61.6419,80.0000,dos
9050.2422,9204.3436,108.4533,315276.9222,925.3903,35.8959,7.6178,40108.3753,878.0485,2.5076,75.7779,179.2428,2.5274,91.6753,443.0000,port_scan
4051.2384,1692.7180,49.0663,102821.3340,3173.0414,79.8918,82.4772,44549.4062,509.6436,2.7566,196.6811,47.8040,0.0000,58.1420,80.0000,dos
8560.9314,1660.7446,21.7916,302106.4404,735.5886,129.0175,31.9918,32192.7441,199.9867,2.5178,71.4382,193.4754,2.4884,62.4439,443.0000,dos
4076.6166,554.3142,40.5530,189644.2214,4318.6650,335.0698,98.1337,23574.8675,92.8788,2.2397,437.5752,344.9309,2.8187,54.8506,443.0000,dos
11123.6788,5395.8187,0.0000,147484.8928,2348.0466,14.9750,2364.6954,16438.6088,572.1059,1.4691,94.3667,150.7070,2.7556,98.4238,443.0000,dos
13465.6957,6475.9764,38.5762,145069.8008,3593.1438,17.2628,88.6202,10654.4673,460.9790,1.3159,176.7874,341.6045,4.0612,39.5474,443.0000,dos
3555.7969,2385.5867,0.0000,176257.6833,4509.2338,98.7651,4593.1800,45358.4195,348.8297,3.7038,183.0521,219.7298,3.5075,40.6600,80.0000,dos
9728.2261,3247.8634,131.7108,132095.9936,1310.9459,56.8953,14.5794,15103.9816,277.2374,2.9547,68.0704,185.3745,0.7227,34.9236,443.0000,dos
1133.0769,3789.1671,118.0986,85037.4505,1844.7684,30.2085,31.2491,90553.2910,3114.4762,2.3851,232.8368,323.1801,4.4893,28.9778,443.0000,dos
9943.2189,3628.7099,70.4077,96922.0253,2616.0844,24.0129,37.5168,20345.7494,573.3263,2.3449,194.7329,224.5302,2.3903,65.9950,443.0000,dos
6846.6306,4609.0245,32.2680,0.0000,1088.8896,0.0000,31.6971,193.8949,681.9820,2.4686,153.8453,194.4734,0.0000,39.1911,443.0000,dos
3977.1378,7461.2591,66.2270,181264.4461,1465.6860,30.1869,41.1598,40172.8705,1630.6751,2.6754,231.4050,83.8724,1.1213,43.6052,443.0000,dos
7757.9041,2771.1867,15.6792,38474.1869,510.2460,13.3843,27.4822,9153.1201,548.6486,2.3418,422.2048,289.5705,0.0000,30.9602,443.0000,dos
13688.3882,2622.1679,76.5820,170404.5789,3326.5168,73.4729,51.3560,20133.7773,270.6232,2.7388,446.4742,321.9753,4.5421,78.4070,443.0000,dos
9125.0907,3419.5675,60.6117,115895.0269,1791.5966,50.0284,40.1652,17251.1188,256.0087,1.3813,340.6939,326.5306,3.6620,26.5290,80.0000,dos
3843.6227,5454.5833,99.1454,286057.4144,0.0000,36.6035,0.0000,47524.7174,1115.1362,0.9380,273.8129,308.6358,4.7563,76.9257,443.0000,dos
6553.4100,4041.9131,52.9513,318749.2007,1217.8695,80.8541,24.9245,20994.2217,540.9421,3.3266,284.7860,61.4474,5.3446,63.2618,443.0000,dos
6120.8454,6307.1548,17.3051,319004.2998,1021.7020,44.4505,33.9544,38076.6481,684.3452,1.1128,24.0562,228.4551,6.4575,92.0265,443.0000,dos
5368.2347,1492.6578,32.9263,156088.4919,3602.0804,204.2722,75.6134,37470.3678,203.8905,2.7260,203.5705,153.6977,4.8893,46.8709,80.0000,dos
13695.8845,3980.7673,80.0866,269460.5691,1407.2450,74.6749,17.5249,21691.3855,261.3492,0.3020,207.5957,267.7788,3.2442,87.8917,443.0000,dos
4849.8894,3748.3202,6.6116,204175.9084,1121.8644,70.2815,239.1352,32681.1776,526.9349,0.7166,81.7071,295.8631,1.3408,45.9441,80.0000,dos
5262.4993,6944.2800,48.5230,197608.6566,1388.9690,33.1986,29.8888,36826.3599,1108.9142,4.0824,276.8715,129.0955,0.0000,84.8538,443.0000,dos
5271.2723,6571.8317,84.2407,99120.3831,3638.1065,27.3583,47.5414,31015.7490,1118.4326,3.8851,133.4139,335.3317,3.7162,101.3946,80.0000,dos
6085.0019,3144.4129,39.9157,410018.5347,3307.5454,116.7681,83.7339,59667.2312,656.0505,1.2380,240.5526,287.8949,3.7771,28.6405,80.0000,dos
3419.2201,3785.2283,16.9931,361581.9126,4247.6778,109.2205,172.1163,129548.1319,1046.5157,3.6650,41.2933,128.1407,0.0000,108.9196,443.0000,dos
4958.6094,8453.4514,53.6975,135285.1708,1655.5608,28.0934,26.3475,33444.4861,1304.6363,0.9139,197.6151,183.1666,0.8113,59.9018,80.0000,dos
7186.8832,2586.1321,96.8925,238320.4533,761.0391,69.5305,6.6586,28930.0070,453.6692,1.6425,178.0554,222.7380,1.1101,56.2923,80.0000,dos
13409.2627,4152.5901,58.8289,277369.4023,2132.7163,82.1557,34.9238,24946.0640,526.8392,2.0093,3.4417,194.2887,1.4979,48.8801,443.0000,dos
3174.5350,6203.4734,42.0718,202767.8279,4313.7367,47.1213,44.8330,46072.5454,1413.7282,0.2739,52.6938,150.8509,0.0000,91.8137,80.0000,dos
6075.8220,2818.9939,66.6819,61317.7176,0.0000,16.3159,0.0000,5778.1744,508.8653,3.4280,65.4230,341.2759,2.3426,45.5750,443.0000,dos
8888.6831,2446.5546,50.1257,181557.5790,1866.4485,98.2562,44.1224,24751.9412,236.5192,1.0830,158.2326,178.4156,1.7282,61.9003,80.0000,dos
3499.9511,2200.6114,34.4484,342290.2032,2287.0792,90.8682,48.9989,59972.6055,395.3452,0.3236,206.0453,138.5120,0.0000,41.1173,443.0000,dos
1997.8234,5688.7084,75.2806,282746.2895,3620.3615,64.0552,62.5494,145256.2871,2602.4553,0.9590,140.1095,194.9007,5.5013,76.4450,80.0000,dos
10600.7736,5564.7466,53.6576,221930.9094,924.6530,61.7708,16.7956,37687.3943,748.7969,1.8557,80.1721,104.8910,0.0000,32.7130,443.0000,dos
5861.7096,3375.6653,92.0653,172792.1049,2806.1347,85.1429,33.9865,32559.2996,441.3555,2.2351,0.0000,337.7956,1.2394,71.9297,80.0000,dos
11809.4183,2597.0950,94.1770,122038.5649,4918.8339,61.0371,50.7380,11959.5866,186.3828,2.4830,159.6051,90.3802,1.5767,49.5677,443.0000,dos
5903.4989,5596.2462,41.1288,235712.5730,3653.0680,30.9374,117.5514,55839.6356,2026.6835,0.9358,192.9325,294.1591,0.9464,21.2900,80.0000,dos
4161.5648,4296.6894,56.6070,89933.6715,5204.6721,23.1101,66.5119,28571.4076,1101.7009,2.8186,151.8987,313.0646,3.2235,31.5022,443.0000,dos
6027.0631,5183.5460,73.8040,256691.1337,2273.1710,53.5574,21.1877,37249.4490,802.4665,2.3387,190.5335,47.6562,1.8772,88.6961,80.0000,dos
9218.1063,3782.7979,48.0280,104119.0314,2679.8189,32.7744,42.9661,19897.7630,505.2104,0.5459,93.1610,158.5435,3.6438,73.4978,80.0000,dos
10573.8614,7895.0628,8.6675,167269.6057,1227.9071,15.8159,229.3417,13064.7761,489.7343,1.9955,126.1436,171.0443,0.0000,26.7686,80.0000,dos
9594.0996,3772.7759,57.4917,222913.4608,0.0000,58.8814,0.0000,33798.7119,600.6413,2.4791,23.4819,376.3372,3.4617,58.7798,80.0000,dos
4327.5415,3560.1759,6.6752,238839.6051,0.0000,85.9304,0.0000,33799.3415,561.9399,1.5470,153.3519,216.9849,6.5507,77.0398,80.0000,dos
9974.0109,4202.1279,42.7362,442109.6219,1659.5701,104.0113,50.0156,37351.7842,470.5624,0.2958,0.0000,285.4693,0.0000,71.4269,80.0000,dos
7051.2554,4885.2185,42.8549,168865.3190,2366.2798,35.5832,33.1237,25347.1310,492.4556,1.6038,331.1116,118.4490,0.7537,82.6860,80.0000,dos
5786.1234,2143.7844,76.3998,149790.2976,374.8246,126.4113,6.4043,41652.0549,376.7059,2.7349,475.0773,177.7382,1.0285,76.1861,80.0000,dos
11527.0801,7625.9586,100.3344,250210.0459,1428.2748,37.9962,14.7962,18018.5039,516.6560,0.5374,133.7383,248.0625,4.3843,74.6511,80.0000,dos
3260.0875,3052.7229,85.6834,364803.9448,2323.0072,167.0137,53.9602,97136.0361,1024.4300,1.5480,163.2400,205.7446,2.2277,55.1627,80.0000,dos
3769.2290,4061.1793,40.1137,207344.1040,1824.4917,45.6529,39.1829,48514.4170,1015.5295,2.2086,305.7540,410.3114,5.8063,20.9810,443.0000,dos
10337.5796,4709.1531,33.8947,124107.2948,1159.0004,26.3489,24.9451,17365.5298,444.5694,2.0718,342.0398,209.8955,1.5621,77.9657,80.0000,dos
7630.5467,3732.5548,15.5262,97429.7192,2476.1344,27.2692,136.7984,14013.9809,559.7612,1.8747,190.0853,232.6390,0.0000,40.9054,80.0000,dos
7267.7676,3233.8780,34.6371,267980.1182,2062.9128,76.7801,47.6839,40555.2816,508.5599,1.6825,185.1134,127.5876,2.1588,71.6165,443.0000,dos
8699.7365,4412.1316,26.3411,196503.5537,0.0000,30.3957,0.0000,28644.3561,576.9541,2.6527,598.1687,385.4527,4.5543,49.6978,443.0000,dos
11681.1370,4846.2800,55.8690,261932.9302,6.7535,50.8562,0.1045,31128.9627,366.4101,1.9117,151.9872,177.8718,1.2420,32.0616,443.0000,dos
13106.8040,6655.8069,17.5708,207380.6866,0.0000,19.5461,0.0000,14303.2351,465.6841,2.7707,96.6432,132.7336,0.0000,66.7838,443.0000,dos
12312.0212,2678.5687,12.6131,280556.0701,2455.5601,89.3417,363.0872,19111.3537,391.3661,1.4758,252.4795,63.4959,5.3170,33.1336,80.0000,dos
11231.4070,3867.5227,60.4673,315257.7668,8912.1846,58.7849,75.6220,29458.4335,412.4115,1.8677,372.0140,209.6926,2.2797,92.2767,443.0000,dos
10643.5298,4505.5886,123.2650,344738.2342,2617.6488,62.1393,22.7757,30856.6639,394.4161,2.7777,288.2162,127.7997,1.5216,70.7313,80.0000,dos
7055.7712,997.0482,47.2854,173035.3277,345.7092,106.5025,20.1131,29188.5747,232.9444,0.6893,182.8728,94.5663,2.6922,30.9954,443.0000,dos
3909.4379,3884.6363,62.1099,336927.9946,3538.0370,45.1598,43.4644,90965.1444,1167.8915,1.5973,80.2176,105.2880,2.4939,42.8756,443.0000,brute_force
3412.8408,3324.1154,86.3812,33220.2592,8258.6351,8.8147,91.6367,10788.9901,670.9755,0.9708,130.5312,178.1577,3.1290,99.5821,80.0000,dos
3932.2225,2686.3539,87.8005,321427.1104,1282.0926,110.7567,16.0764,45607.2072,537.3360,4.1488,285.6647,396.0608,0.0000,56.0011,443.0000,dos
4499.8763,2499.9647,46.2379,262964.0550,2680.6719,58.3581,50.8409,70963.9209,856.4168,1.6451,185.3089,203.5954,2.3654,97.5819,443.0000,dos
8364.2681,5218.6607,55.6849,262485.0855,2854.9533,28.0212,48.0034,30854.9262,995.7539,1.9485,271.7356,104.2415,0.0000,28.4266,80.0000,dos
8811.6193,4390.9311,78.7720,197837.0429,3890.9082,29.7246,38.3881,26930.2109,772.6372,3.2795,215.8091,156.0973,4.3611,52.3503,443.0000,dos
9816.9343,1149.3428,91.7105,293771.5547,2328.1366,273.3949,22.7744,26553.2540,125.9411,1.9297,189.6994,279.9511,2.5311,65.3736,443.0000,dos
11392.4713,4674.1303,52.0119,95175.0951,3456.8357,20.4503,61.3713,9744.6468,403.0813,1.9443,339.0449,320.8915,4.1490,68.3270,443.0000,dos
7827.9984,4337.9341,48.6931,165585.7355,2465.0401,26.7594,53.5380,14430.8317,383.3848,2.2966,351.3304,492.5179,1.9408,45.6163,80.0000,dos
10840.0346,0.0000,60.3691,232677.2195,4333.8642,197174.1242,60.0884,20698.7849,5.5181,4.8110,166.9729,347.5600,5.3550,39.6587,443.0000,dos
2298.4901,5040.8641,10.2495,202958.0965,657.5676,41.5490,73.0205,76034.7704,2364.8711,1.9642,27.2093,266.3473,0.0000,55.0337,443.0000,dos
3526.7803,1145.6050,92.5625,370446.5486,0.0000,277.3443,0.0000,72845.6691,305.0179,2.6805,216.9074,144.6628,2.6410,104.3204,443.0000,port_scan
15484.3930,1300.7277,23.9477,331262.2109,1016.4730,218.6677,67.2046,18625.9282,128.3189,1.1968,342.1126,114.5864,3.5492,87.5777,80.0000,dos
12143.6845,6075.0186,107.1095,238324.9494,360.2465,39.0094,5.4688,13004.0302,367.2096,1.5352,55.6896,315.0004,1.1091,37.5643,443.0000,dos
10227.4413,1213.9744,100.2755,131468.8298,2631.6599,49.7232,18.0921,14069.8356,244.7999,3.3805,162.3023,270.4193,0.0000,94.5767,80.0000,dos
9536.4687,3481.4951,90.6432,112606.1384,1013.0144,35.2247,6.9433,15772.7598,496.4089,1.5100,262.9130,280.9340,0.0000,25.7953,443.0000,dos
6057.9757,4525.0784,61.7518,127215.5736,2613.5908,41.0842,47.9749,32046.9054,537.3361,1.2765,290.4953,138.7139,0.0000,68.9056,80.0000,dos
8651.6854,2469.7556,24.8620,190885.7469,3684.5905,61.1886,65.4967,17526.8428,346.6300,3.9542,48.2982,161.1716,4.8828,36.1876,443.0000,dos
19317.5423,8314.0039,7.5549,165058.5886,1448.2541,35.2135,286.0468,13150.5038,515.1303,2.3915,143.1618,77.0874,2.0966,34.8223,80.0000,dos
11420.9197,2926.2947,82.2387,116486.1783,3242.4979,46.1307,27.6497,13602.3357,267.7760,2.3898,154.3774,152.0249,1.7611,85.3302,443.0000,dos
9019.0096,2767.5317,28.2900,177656.1733,4734.8141,92.6995,102.9064,33797.0929,322.1213,1.9736,125.1153,200.8143,3.3958,37.8706,80.0000,dos
4356.3481,4148.5977,78.1334,166543.1187,3326.8094,45.7417,47.8560,61282.5355,1108.5607,0.0000,76.3349,73.5072,3.4355,39.6467,443.0000,dos
7814.8179,7077.2444,16.7747,143561.1627,1827.8191,26.7550,71.9293,19640.4226,702.6791,0.7760,66.3850,256.3783,2.5198,100.9902,80.0000,dos
6542.6641,1378.4126,56.5765,305571.3446,2316.4524,199.2758,43.1007,73708.1947,241.5853,1.7220,168.2342,561.5700,5.4449,39.7198,80.0000,dos
9123.3285,5476.8447,117.0999,324737.6950,3529.6380,59.1040,24.2620,33916.8302,567.7751,0.9207,323.1882,184.2131,0.0000,70.2447,443.0000,dos
5629.8134,3114.3273,54.2868,98916.9159,1651.3584,35.8900,32.3742,17489.2872,579.7555,1.5069,263.1278,366.8584,3.9186,100.5581,80.0000,dos
3762.3838,4105.4457,52.8902,361057.4540,0.0000,44.1601,0.0000,59403.1115,1803.6983,0.5365,93.2616,89.3972,2.8870,61.7632,80.0000,dos
674.1461,1622.5056,0.0000,53304.1521,3712.7021,38.4132,3696.8309,118933.0919,2833.3720,1.9094,156.8226,102.5051,5.7858,31.6802,443.0000,dos
8340.0625,5908.3697,23.5254,235683.7025,0.0000,35.2804,0.0000,19344.1476,381.7300,1.9784,20.8124,383.9846,1.6070,29.1670,80.0000,dos
10606.8113,3652.9338,24.1166,241110.9538,0.0000,80.5900,0.0000,21695.9365,274.6090,0.9484,29.2212,89.5022,6.1328,48.2677,80.0000,dos
5308.6233,4772.2993,92.2300,363386.8799,2919.9038,73.2979,45.6337,44218.8717,566.0698,2.6095,251.5312,222.7172,0.0000,59.0058,80.0000,dos
8097.1833,4566.4929,91.1620,361381.3177,1752.9017,85.4853,18.7628,31549.5368,617.1148,0.8228,72.8957,265.9959,5.5946,76.2276,443.0000,dos
5633.2190,4920.5100,59.0201,167346.3845,3394.8521,26.9590,89.5962,29188.8497,976.9257,2.5630,58.3004,220.9004,5.5366,39.1830,443.0000,dos
8996.7880,5930.1366,48.5333,49957.8308,1719.2362,13.5927,22.5637,10447.0287,694.1250,1.4951,181.0198,143.8201,2.8831,55.9985,443.0000,dos
5291.0258,4269.0778,84.5792,279232.2156,0.0000,43.8508,0.0000,59283.8688,910.6121,3.9729,186.4887,296.6074,0.0000,31.6785,443.0000,dos
7054.0805,3390.9811,0.0000,152814.2797,3378.8615,46.1541,2472.4535,21147.5454,434.6460,1.5767,300.9856,305.4782,1.4223,45.6292,80.0000,dos
10341.3232,4838.8208,66.7891,359581.8725,1929.5194,46.6862,37.4804,41901.2538,504.6954,3.2636,325.1418,89.5681,5.0460,63.0084,443.0000,dos
8950.5626,7475.7828,81.6023,245734.2525,2330.5557,33.8042,32.7835,49770.2269,1026.6806,2.1550,67.6785,247.6047,5.3401,75.4957,80.0000,dos
6083.7617,2668.9888,86.6492,209144.9435,1967.7412,48.3449,24.3481,43041.3354,574.0479,5.2773,50.4505,160.6813,0.0000,85.4809,443.0000,dos
6914.7245,3680.9241,52.4825,383775.7210,5722.9779,73.3138,82.6469,43447.9075,560.2887,2.9170,15.1169,125.6650,4.1933,67.3938,443.0000,dos
11957.9335,1694.3340,11.9208,168987.7125,3585.8755,91.7873,292.9791,17718.5994,193.6428,3.1053,258.3949,231.8330,3.9409,37.2413,443.0000,dos
11447.2567,4156.6953,56.6638,114092.5482,1780.2844,19.8394,32.2625,12040.4609,630.2731,2.1583,366.6923,51.2019,0.6361,60.0143,443.0000,dos
12070.2496,5209.9537,55.3309,151075.4108,2205.5676,50.4020,47.7863,29040.1716,424.3477,4.9257,138.6472,146.3419,1.2678,79.9716,443.0000,dos
7455.6228,2685.1098,40.3317,227781.6280,4607.5356,79.4757,85.7674,22266.3387,347.5522,0.2918,234.4463,157.7235,2.0835,81.7892,80.0000,dos
12045.6666,4400.7724,18.6761,180422.3550,1686.1517,17.3758,90.0033,16917.8945,512.6039,2.1948,277.0803,74.0802,2.4870,23.5538,443.0000,dos
8124.4004,6472.5678,49.2804,167108.1811,3581.4487,35.9336,34.6400,29728.9712,656.8111,2.0944,154.8695,205.6538,4.1041,40.7358,443.0000,dos
9801.1465,5283.2144,13.4006,111448.5845,4276.2231,24.6424,304.8998,8430.7386,322.7318,1.1949,289.3877,149.4265,1.1447,31.4016,80.0000,dos
16029.9899,2388.6203,8.8758,240976.3171,2834.7841,106.3705,328.4639,28736.0613,169.8260,1.9615,61.8799,434.0759,0.0000,62.0659,443.0000,dos
8250.2560,4061.7397,3.3872,92482.8226,5047.4452,27.6601,1090.2314,18869.2897,650.1743,2.7860,237.2020,237.2384,3.3630,25.9096,443.0000,dos
5291.1840,3648.9454,27.1491,171412.7862,2739.6888,33.5139,104.1623,23318.4796,634.2255,0.7139,179.6794,129.8854,1.4203,76.7911,443.0000,dos
10423.2946,2683.6556,67.7866,248551.6507,426.6581,69.9409,6.6569,19062.4080,431.4015,1.6689,299.9515,194.6399,3.5925,92.2168,443.0000,dos
9688.5639,4021.7726,24.8768,177435.2655,3407.2961,41.4986,142.1605,20361.8932,496.7269,0.2750,254.8147,306.4704,3.7979,78.9222,443.0000,dos
2728.9782,868.9405,43.1140,233906.1962,1277.5914,359.2526,37.9939,60973.5488,165.3278,2.7294,70.4161,135.1535,4.4190,81.0645,80.0000,dos
1993.0733,1577.0384,112.6006,168150.7099,3008.9977,79.5966,21.7960,112514.0643,702.4915,3.3501,291.9734,173.3875,1.8915,53.4850,80.0000,dos
1632.6946,5491.4445,19.9070,303847.4878,3061.1890,37.1466,226.9441,94997.5631,1758.4283,1.5286,147.7311,291.4127,0.6624,42.9141,80.0000,dos
3025.2624,677.8689,36.2445,271855.6131,5458.3156,277.6250,146.7133,41578.8182,206.2455,2.5257,193.1399,261.5040,4.2021,37.4179,80.0000,dos
7189.0879,3540.2566,17.3987,154880.4805,2196.6429,31.4073,223.1930,27334.6652,487.7899,1.3014,182.2600,429.4858,1.0952,55.6177,443.0000,dos
2243.7391,5314.6104,17.4451,248609.8864,4775.6985,39.9046,258.5390,135357.4342,3107.0668,2.5037,83.7328,220.6141,0.0000,18.0842,80.0000,dos
1161.3187,2283.1855,11.2993,144485.8235,1983.2641,62.0576,184.3945,72149.6935,2113.4822,0.8190,226.1747,125.6925,4.1414,54.9393,443.0000,dos
9116.6534,4591.1527,6.0866,184563.8930,1778.1216,31.8415,241.7433,19926.6369,739.1190,2.0016,189.9261,341.2334,0.0000,54.5241,443.0000,dos
14876.0884,5093.4893,66.8776,178447.4327,1642.8441,46.9193,18.1143,23065.7404,600.7031,2.6406,63.5699,321.1505,0.0000,90.5931,443.0000,dos
8756.7376,4664.0093,48.7368,269836.2524,1308.7960,54.2469,28.3832,44839.1041,862.1832,1.2121,142.0054,199.9173,3.8648,64.6057,443.0000,dos
3582.8790,2864.7082,0.0000,268884.2298,3093.2810,77.6901,2738.9243,85305.7387,982.3915,0.0483,68.5878,87.2125,5.4298,31.7302,443.0000,dos
10172.2412,3600.4548,59.8167,258314.4031,2272.8072,91.9285,41.9835,23945.8320,277.0860,2.8953,132.3369,44.6387,0.0000,104.6512,443.0000,dos
5770.5735,6580.1451,66.5016,287163.8324,2184.1195,38.9195,45.4253,49195.7833,1009.8465,2.8416,186.6525,276.8671,0.9780,60.3356,443.0000,dos
11579.0592,7154.1841,18.2852,98661.6159,3126.1370,35.8442,271.8173,10952.3581,398.7528,0.4142,261.7364,470.7441,0.0000,35.9086,443.0000,dos
13731.7124,2782.4575,10.2858,271350.6843,2665.3355,91.5413,445.2833,18944.7261,217.3193,0.7922,133.9123,472.4831,7.3494,35.9518,80.0000,dos
5140.4951,2465.0913,22.2833,117460.4117,2508.7502,37.8032,74.8900,25763.0401,681.6933,2.5651,264.8546,177.3637,0.8849,20.0200,443.0000,dos
12513.5619,4516.4246,22.1773,151628.0632,1992.0065,24.0816,96.4955,10578.9566,314.3314,1.7195,71.6091,269.6484,5.0120,45.5808,443.0000,dos
1386.6562,4688.4617,34.0003,289552.5539,2303.5650,45.0396,50.4954,87461.0912,1841.5837,3.3563,44.7951,25.7785,5.2417,72.5169,443.0000,dos
3435.9244,3284.1594,100.6565,280425.4127,473.7678,78.1238,3.2426,100059.4620,1601.5438,2.8883,224.6497,231.5813,1.1103,21.7928,443.0000,dos
3686.7073,4244.1212,14.5850,42799.0268,0.0000,11.4113,0.0000,18209.0862,1230.9874,2.6198,61.5377,253.0340,0.0000,66.3954,80.0000,dos
7066.0452,5031.4097,36.9642,361521.0797,2922.7766,51.1010,86.5612,45239.0362,744.0526,0.6017,139.1897,284.3687,0.0000,98.6919,80.0000,dos
10663.5284,3363.6740,73.0019,306074.3100,5759.6089,54.5699,44.5558,23536.7908,275.9303,1.2598,76.3378,277.7322,0.0000,57.4844,80.0000,dos
13175.2287,3097.0994,4.8822,185356.5296,3245.2421,52.6702,716.0774,19217.7339,357.5367,1.6202,183.4371,234.4270,0.0000,72.2590,443.0000,dos
4953.6233,4610.0865,70.0889,307640.8993,3506.4906,60.2192,49.5795,61193.7363,894.8390,1.2149,219.1745,384.5381,4.2583,40.7689,80.0000,dos
10206.9152,1334.1030,74.0119,260348.5738,4162.5085,165.6990,53.8011,31429.2570,237.6128,0.4992,122.7544,237.8227,5.2639,44.6012,80.0000,dos
5363.6153,4326.8416,70.7802,257210.3427,3235.7783,89.2830,96.0817,49103.4457,1224.2493,5.5831,337.0358,466.5299,5.2359,79.7826,80.0000,dos
3380.2558,4231.4495,43.8435,500165.9657,2856.7061,113.5239,112.1692,89036.0986,1181.1824,3.4372,132.1839,111.7366,4.1160,25.3581,80.0000,dos
5856.2229,3030.7364,24.7829,363596.4184,7356.3940,84.8122,203.4816,41295.6529,376.1949,0.9994,152.7827,293.1846,0.0000,48.6609,80.0000,dos
11734.8600,3821.2410,68.3493,242858.7105,3171.2117,60.8617,39.9715,23722.4208,219.2062,1.9530,172.6781,49.6038,3.2458,82.6813,443.0000,dos
2680.3269,2030.8239,79.9489,153624.5659,1823.0749,61.2200,24.6889,70061.1761,908.5625,1.7016,286.5279,305.0587,5.4763,65.1206,80.0000,dos
8794.3391,4614.8229,65.7188,76247.6180,4151.0920,38.3582,37.4441,29490.0606,647.7299,0.8593,92.0043,113.8928,3.5296,25.0081,80.0000,dos
10178.7511,3695.4979,26.9309,136571.4776,4241.6018,41.1756,150.6760,8600.3619,376.7016,2.6496,149.3501,173.8923,6.3865,33.5114,80.0000,dos
7115.1552,2114.8025,110.5294,141519.0478,3112.3425,81.6041,24.9982,15773.0750,246.8822,2.3428,146.5651,85.1201,0.0000,84.4189,443.0000,dos
0.0000,4737.8622,37.6209,210506.9727,3689.2430,40.0383,82.2671,14752578.7149,271225.5888,2.7808,276.6238,157.1997,1.0158,104.0233,443.0000,dos
4690.1321,3226.9184,19.0590,329398.0811,2301.7152,51.2864,64.7191,57806.2618,1021.7691,2.2972,194.8766,424.7800,4.0030,66.2718,443.0000,dos
8152.5274,5134.0940,34.0150,107571.3657,2958.6278,22.0295,128.1540,16250.3912,304.8369,0.0000,119.1397,252.9109,2.9130,72.2521,80.0000,dos
4902.1635,2536.9351,29.0825,298255.8860,3966.3114,136.3161,141.8776,70122.4913,614.0437,3.5697,170.7669,226.3092,1.8835,30.5856,443.0000,dos
7906.2440,5168.9713,106.8597,97178.3590,6422.6940,15.4043,73.0470,11517.2779,1088.9378,1.3101,166.3515,430.9503,0.0000,47.1373,443.0000,dos
3587.6199,4026.0983,88.5377,220695.7450,2799.3309,80.5972,36.8171,75373.6200,1417.8577,3.1519,0.8178,106.8705,1.0480,32.5109,80.0000,dos
9552.8707,5894.6979,80.8006,189841.4297,1760.1074,27.3079,24.2696,21163.1900,633.6410,1.8657,121.2581,323.4538,2.2796,23.9704,443.0000,dos
7699.1934,2925.6181,117.9245,181081.0689,2485.7011,38.2658,27.9544,20764.3682,355.3713,0.4036,265.7753,320.9730,3.2989,14.4309,443.0000,dos
10857.4460,2106.0682,23.1955,268853.5119,3773.9821,145.3331,186.5480,12071.6450,218.4293,1.5685,271.7467,173.7813,4.9904,46.3180,80.0000,dos
3325.9774,2968.5938,99.3695,267479.8061,483.3538,58.9213,2.9356,77282.5654,1439.3452,1.5203,135.7108,219.5964,1.1497,96.8878,80.0000,dos
13448.7806,1123.1761,30.1398,272276.1585,826.2220,163.9113,19.0132,19926.9568,112.5446,2.6153,35.1153,309.4804,0.0000,29.5238,80.0000,dos
2678.3527,6374.4595,84.5601,161571.3529,106.0376,40.1094,1.4557,57553.3147,2459.6851,1.7407,103.1723,141.1509,1.1339,99.6310,443.0000,dos
9804.0078,8392.9372,115.6791,185779.3206,5844.5023,40.2837,53.2164,20856.9106,436.6811,3.0438,89.6801,351.2968,0.0000,38.2068,443.0000,dos
6302.0092,5474.0889,22.6519,198068.8176,2575.5873,49.3753,93.3383,40661.6025,567.9811,4.1520,0.0000,282.2198,0.0000,67.1016,443.0000,dos
8844.8460,5160.6074,78.2347,207707.0022,3313.2461,40.5786,34.1957,16075.6520,352.1002,3.4476,152.3385,289.6796,0.7171,78.9455,443.0000,dos
10233.3858,6220.9369,64.5953,162822.9685,3915.9521,49.6169,78.7033,27208.2573,587.9703,3.6812,113.2979,197.9175,3.5910,59.2156,443.0000,dos
11266.4660,3620.3338,59.6126,184531.3691,3024.2443,77.6712,35.6816,17539.0972,338.4739,1.5139,47.1304,83.0377,0.0000,81.6908,443.0000,dos
7807.3058,6128.0893,62.8605,326384.6814,3109.7914,60.8135,35.5590,42325.5930,597.1733,2.6068,168.4956,284.2370,4.1279,45.3590,443.0000,dos
15686.5193,3030.3012,28.4132,274265.3685,3058.6824,58.3790,132.1225,20972.2084,441.9117,1.6878,79.6303,397.1516,0.0000,42.7134,80.0000,dos
6221.7492,3661.4252,70.8781,221857.7974,154.4271,37.4636,2.5097,28172.2922,728.6905,1.3123,266.6238,181.0828,6.1061,56.0946,443.0000,dos
5410.5491,4735.7720,13.1948,72714.5071,2208.4320,33.4450,140.4966,28275.7422,760.4881,3.5963,150.1524,320.4141,0.0000,49.9188,80.0000,dos
12709.1176,2792.9328,54.7138,260655.7073,1361.5174,77.0146,29.7838,26371.0638,289.1801,0.0000,173.4669,276.9937,2.3078,72.4090,80.0000,dos
7619.3787,8546.6528,21.7203,188543.3551,549.3544,43.7159,30.9868,35701.4506,768.3438,2.0249,127.4052,105.6783,2.8018,23.4518,443.0000,dos
5951.0358,7924.9098,63.9856,120404.8023,2625.9296,20.3129,29.0104,18522.0183,1111.6124,1.5860,281.1286,108.2675,1.8587,70.0774,443.0000,dos
7421.6632,5220.9170,100.9525,213549.9862,3305.2525,44.8918,26.3056,25274.5734,573.2888,1.0806,111.8747,53.5863,6.0075,70.3257,443.0000,dos
5709.2745,4597.8892,53.3712,130519.0061,1102.7867,43.7908,21.6689,44177.3362,813.6567,0.2801,201.9256,329.5361,1.1296,61.7827,443.0000,dos
5196.1750,2657.0217,60.6450,372740.4273,2506.5687,160.7662,34.5246,62375.5111,284.7527,2.1041,79.3137,128.7588,2.3305,65.8705,443.0000,dos
11871.6980,3789.1242,67.6277,220059.7512,3648.8142,81.6074,39.4134,19982.4713,473.1368,2.4728,109.3844,197.8164,1.7354,91.3481,80.0000,dos
4165.3881,4883.3154,60.9043,161014.5476,3725.3318,22.1245,65.1964,30330.4809,1317.7431,0.2749,59.5183,209.2521,5.5368,54.2683,443.0000,dos
7012.3058,5170.9987,25.6500,114643.7761,2691.2086,33.2750,82.0300,22135.6529,787.7208,2.1370,194.5858,197.4619,2.6400,23.3315,443.0000,dos
14020.0457,4251.6895,104.7084,414787.9069,3311.3613,72.4415,40.9892,22407.3396,312.4680,3.7783,259.0160,105.4013,6.8923,39.4348,443.0000,dos
5424.3859,2828.8173,94.7445,209666.2650,149.3647,55.6905,2.5247,22006.9679,369.0832,1.4769,218.9571,400.0155,0.0000,119.5766,443.0000,dos
11484.7291,3535.9993,9.6157,122941.6372,1689.0028,35.8351,116.1916,13160.5914,379.5827,2.1074,76.1113,76.2733,3.1460,61.1272,80.0000,dos
7509.2161,1644.8331,49.4170,106671.4024,4159.1121,60.0518,68.5594,14096.4474,207.3443,2.1417,37.4737,97.9003,2.3191,104.2400,80.0000,dos
9395.3399,2249.6289,0.0000,138052.5376,4533.2409,47.4614,4742.2071,21243.4628,439.6217,0.6271,223.7834,190.8466,3.1250,27.8637,80.0000,dos
10210.1637,1745.1318,1.2589,265250.8649,0.0000,206.5820,0.0000,39840.0475,242.8233,3.8186,254.5321,336.1603,1.2883,95.3282,443.0000,dos
5410.4381,6231.2167,4.2527,100867.2830,1951.2260,40.3511,587.4089,38445.2403,609.1481,1.3768,287.2885,180.7042,1.6312,68.4617,80.0000,dos
3661.5959,3617.9910,80.1186,308979.2637,4275.8759,84.0426,83.5117,56307.8807,631.4337,0.4466,150.1457,60.9876,3.6635,62.2383,443.0000,dos
11724.2294,4532.3751,41.0252,275168.0239,2469.1090,46.6781,48.0771,16843.5733,370.9751,1.9507,177.6183,167.1702,5.2553,67.4415,443.0000,benign
5179.9266,4103.7373,40.4623,85004.0206,1968.9855,21.3799,59.8378,15821.6244,635.5400,2.2384,367.2241,111.1373,2.3220,111.6935,443.0000,dos
11196.6009,6689.2732,25.9784,510790.8946,4949.0018,77.8040,167.1030,53335.4893,663.8623,2.0370,154.2045,179.8296,1.8376,93.7196,443.0000,dos
7119.9205,4558.6858,50.6917,229598.0690,4982.2515,59.7428,79.4005,17328.3707,355.4407,0.4744,213.6055,212.7615,1.8315,100.3560,80.0000,dos
7316.3872,4564.8301,67.8600,258794.2601,4881.3344,71.8708,64.8360,34052.1136,639.0009,1.7200,158.8065,223.8290,2.4632,28.7159,443.0000,dos
9517.2263,3637.4798,66.1870,354729.1240,2605.1081,71.2216,32.2213,41636.5195,389.7056,1.1228,253.6145,415.8974,2.7444,22.1238,443.0000,brute_force
13231.4423,2561.2652,34.0407,269831.7009,4313.4700,57.1287,126.2551,22348.5467,344.0188,2.6257,20.3801,161.3141,4.2104,22.6795,443.0000,dos
7878.9363,1519.7937,57.6505,114341.7451,1255.2036,58.7580,27.0492,11589.9330,173.5084,1.8475,271.2935,127.9460,0.0000,77.7273,80.0000,dos
5497.3263,1402.2308,50.3109,181983.6846,1138.9783,108.2382,24.1897,29604.1919,247.8388,1.3252,289.1252,198.2787,5.4142,35.9922,443.0000,dos
10069.2666,6057.5014,5.5052,326032.2202,2342.9765,48.7284,284.4072,31524.7647,483.2139,2.3739,157.8972,426.2205,1.2163,115.7285,443.0000,dos
10789.3396,3759.4418,33.5544,152107.1586,271.1037,41.3216,7.0159,14363.0781,379.0202,1.9569,33.8793,48.3015,4.9306,74.4438,443.0000,dos
14245.0459,5221.0122,88.2493,169544.6083,2064.0088,39.5520,40.6568,14580.5129,381.5950,0.5580,162.1893,195.5130,0.0000,16.3896,80.0000,dos
710.3843,4707.1414,76.5891,476367.4099,1795.8807,103.8060,20.9199,674494.8056,9076.5324,1.9183,213.8248,132.3656,2.9275,66.3033,80.0000,dos
7499.0854,2802.6642,52.9012,110122.8353,1397.4828,22.9725,21.0468,18391.4179,472.3132,2.9668,307.1646,144.9218,2.9334,80.5309,443.0000,dos
7235.4690,4697.0983,58.6639,474510.8979,4826.2185,64.3893,62.8401,48096.1923,556.7944,1.7366,248.4225,100.6791,2.4086,28.7463,443.0000,dos
3860.3194,1380.4058,32.4330,249763.8243,1828.4133,249.5126,85.5712,88127.9896,264.1342,1.3792,51.5600,290.0376,3.1303,108.3465,80.0000,dos
10764.8509,2513.5117,33.5059,103573.8311,5264.0715,67.9844,190.3582,22360.1464,319.3041,2.9061,150.7553,466.5164,0.0000,55.6831,443.0000,dos
10006.2337,5548.0833,92.7237,260842.3642,1651.5781,61.9994,23.7714,26592.4711,386.9899,2.4691,284.4655,137.1313,4.2249,18.8704,443.0000,dos
7491.9765,2991.5519,2.1877,77972.3511,1094.7003,16.6171,254.2889,8125.6845,400.7028,2.3828,282.0908,343.0900,0.0000,51.4389,80.0000,dos
12352.3495,6392.3309,40.4582,243041.5260,1883.2665,38.7551,21.0341,25004.0479,585.8969,2.7097,627.7449,342.4229,0.0000,69.9993,80.0000,benign
7476.8939,2532.8741,54.5674,139161.5316,862.8528,56.9918,21.5397,22326.3512,380.5196,2.3718,89.6491,149.9378,1.2161,21.7965,80.0000,dos
7162.5225,5584.7329,99.9384,0.0000,2411.0169,0.0000,21.2791,364.7039,803.0245,2.4143,235.4010,497.7817,0.0000,22.6725,443.0000,dos
11866.2074,6438.0511,28.7145,145748.1026,1921.0318,49.1582,66.8595,16961.1065,294.8327,1.5988,75.1056,114.3356,2.0083,49.6952,443.0000,dos
7587.2981,2102.8537,38.0773,153891.4014,1660.2194,68.3702,53.7576,25318.0575,257.3636,0.4815,39.3209,329.7469,4.2578,110.2199,443.0000,dos
6774.3153,4933.4323,41.1409,246316.9628,3243.1169,81.2414,73.9302,48017.6516,486.8627,2.8038,94.0790,217.2804,0.8853,62.4182,443.0000,dos
8138.6086,6779.1437,25.9468,219766.5759,4011.5728,27.3983,263.1312,28642.0371,909.0956,1.7681,135.3518,177.8005,3.3719,22.4552,80.0000,dos
9463.5247,2080.2404,65.9848,232861.8938,4027.6108,78.3314,69.0373,31349.7646,369.9834,2.2621,214.7054,55.0746,3.4985,75.8007,443.0000,dos
11514.4185,6808.4361,36.2984,316818.7254,3584.4106,41.6892,50.3403,13781.9947,562.9800,1.7052,73.9062,202.5447,5.8025,56.2967,443.0000,dos
9495.7954,6671.7567,57.6695,189001.1699,0.0000,35.5759,0.0000,21860.3710,814.9386,4.0676,121.6398,400.7028,3.0119,65.9124,443.0000,dos
8467.5224,1893.2598,47.9410,117489.5360,3074.2218,118.4866,51.7033,19714.4546,239.8027,0.0000,177.8021,332.1735,1.7251,23.7211,443.0000,dos
10370.2269,1708.0717,111.0739,98142.5097,4635.6158,48.7976,38.0944,10450.3970,246.2120,2.9400,40.3602,413.4512,0.7974,89.8878,80.0000,dos
12362.9556,5246.0176,36.0946,94485.7626,3180.2346,21.2633,114.8386,9266.2324,448.9038,1.8180,170.9582,268.1987,5.3195,38.1105,80.0000,dos
2712.5613,1082.8854,87.9554,249068.7390,3075.4348,321.2121,36.9812,106156.8551,448.1741,2.7236,74.5257,90.2040,2.3403,97.9484,80.0000,dos
7400.1792,2641.3448,71.2648,105172.3807,2433.6423,39.9264,45.7130,17748.2573,417.1936,1.3677,154.2678,88.5563,0.0000,41.8117,443.0000,dos
4182.2751,2304.0156,8.9925,230358.3144,1069.2118,171.9385,82.8439,76413.8951,315.4269,2.6545,114.7059,216.3773,3.6025,48.6900,80.0000,dos
6438.4986,3299.8778,78.0614,198435.9680,1099.7713,40.4059,9.4921,21325.8673,355.0994,1.8671,173.5904,205.9580,1.2250,21.0710,443.0000,dos
14627.1746,3018.1550,44.1752,245148.9860,6742.8765,79.9010,205.1484,24271.7939,318.8260,3.5217,86.4045,380.4534,0.0000,59.9132,80.0000,benign
8612.3498,3851.2639,59.9704,344754.8672,3373.0096,67.9799,64.2407,38918.4435,529.2995,1.1953,274.9932,224.9055,3.0040,86.0645,443.0000,dos
10092.9306,3327.2288,38.0779,297473.2741,2509.9097,62.2371,47.5236,23918.3828,445.4187,0.0000,143.1099,153.4023,5.6979,95.4865,80.0000,dos
6915.5279,5670.0123,57.5784,137070.9900,891.6434,27.3653,19.2488,23537.3570,606.7152,3.0994,28.8799,138.7453,2.7388,23.3581,443.0000,dos
10269.0350,5128.0178,94.9931,136015.8574,1404.0384,33.1219,18.2288,19210.4299,683.3575,1.6908,163.3691,415.0952,0.0000,40.7263,80.0000,dos
13867.8951,4739.0991,38.0894,169625.7931,301.0725,59.9039,9.2354,28532.4074,534.5047,2.4341,217.9998,358.7785,0.8382,29.8700,80.0000,dos
5736.3899,2603.1661,31.2467,205606.1224,1926.3996,51.7679,59.5845,34354.4811,484.4551,0.9874,246.7337,170.9793,1.6381,49.5546,80.0000,dos
8106.9422,3770.7334,43.8527,66559.9798,417.3662,23.6739,5.2596,9122.0955,416.5960,1.1016,204.8535,305.8948,4.7333,34.1461,443.0000,dos
4916.5023,194.9378,84.3345,211748.9144,5382.9556,1013.6544,45.4445,36542.7715,50.5069,3.6741,114.5895,136.0311,0.0000,30.6847,80.0000,dos
6967.7900,5089.0635,35.8724,196286.6997,893.1114,28.1310,33.5396,33476.0625,848.3992,1.2694,129.5668,185.1075,3.0774,59.1610,80.0000,dos
0.0000,4969.6924,52.4431,155790.7980,3573.2816,37.1803,97.6536,15288246.7435,413086.3746,1.8305,164.0098,77.8878,1.2128,97.6523,80.0000,dos
7345.3828,2034.2946,0.0000,271115.4289,1224.8895,145.6635,1407.0094,30188.4615,247.3185,1.0933,149.1418,115.4969,2.9697,23.1876,80.0000,dos
5507.3198,4186.7767,2.4326,352927.5974,3360.0420,79.9966,2049.5590,50310.8245,1056.1852,2.1019,98.1635,329.5753,3.1725,63.1395,443.0000,dos
5439.4738,4259.3158,0.0000,94350.1426,2210.4935,36.8984,3958.7089,24085.1264,443.2139,1.8251,224.0194,180.4235,0.0000,76.0205,443.0000,dos
6236.9013,2276.0850,56.3276,372385.6436,924.8562,132.3568,12.5617,76612.8873,299.9595,1.8794,255.8827,334.1429,1.2201,54.4441,80.0000,dos
10646.6595,2392.6305,23.3910,176095.4133,3947.9938,52.7842,134.2078,23251.5191,298.5510,3.0668,381.1460,170.8850,4.1436,59.6865,443.0000,dos
9300.3052,3218.9213,69.6906,359144.4111,2282.4305,113.6928,35.5918,53203.1952,475.2881,5.6982,338.3144,248.7570,3.6497,97.8251,443.0000,dos
1417.9283,2557.9261,44.7321,93526.0353,2344.8580,17.6947,65.7585,25802.2638,2048.6205,2.1123,99.9762,286.2084,6.7274,36.5985,443.0000,dos
14971.7763,3723.6171,8.9798,135447.0888,1377.8910,34.0057,125.3055,7368.1600,272.4354,1.4276,170.2066,457.6039,0.0000,34.4006,443.0000,dos
7946.9869,6869.4715,67.5181,145921.7947,3755.5783,43.1040,71.4752,25748.3090,388.9645,2.9578,117.0260,258.5904,0.0000,63.0304,443.0000,dos
7924.2645,5102.5990,121.8450,153610.2314,4398.0679,34.2289,47.1255,14519.7644,380.0955,2.4005,18.3643,57.1891,4.1524,18.0827,443.0000,dos
8626.5747,3200.5544,53.8190,103192.7564,979.1040,44.8040,19.3869,13020.2027,339.4152,3.5441,197.7112,242.8281,0.0000,88.8027,80.0000,dos
7724.2505,4966.7490,75.2629,395987.3166,4970.1520,56.4188,75.7778,63775.0974,634.9902,0.8851,189.7559,176.9340,4.3767,43.1914,443.0000,dos
10323.8572,4918.2249,58.9233,267819.7782,4901.0274,60.1024,95.8762,25902.5873,354.1819,2.8659,74.1390,110.4827,4.8003,22.1133,443.0000,dos
9601.6832,7355.8711,72.0292,273538.4713,3836.2157,36.9684,73.0910,36437.7230,953.5549,3.8691,187.1967,139.6743,3.0800,94.9311,443.0000,dos
7696.9646,3341.2183,39.7082,194729.7500,4189.8933,92.5328,134.2283,43074.6511,598.2095,4.2770,41.5753,240.9148,1.2943,27.3074,443.0000,dos
11198.6464,3860.9182,28.6390,139217.7667,3173.9876,63.8527,117.9455,17976.1982,300.7159,2.4234,112.0577,271.7807,3.7476,34.7501,443.0000,dos
3272.2484,3150.8100,27.1209,299228.6806,2308.7798,92.8832,59.7324,53424.7233,673.1426,1.1382,234.1960,93.2948,3.8717,61.8581,443.0000,dos
2370.4482,4126.0282,86.6878,131082.7245,0.0000,42.2898,0.0000,59808.0455,1484.7954,1.3988,391.8060,255.4922,5.9429,23.5210,80.0000,dos
17979.4431,7438.3746,101.0852,97225.6207,820.3209,15.7148,15.5980,8708.2347,401.4026,1.0952,115.1274,119.6176,1.8763,34.0750,443.0000,dos
3133.6985,4722.0002,99.4341,213325.4686,1624.4436,62.3638,12.7386,76160.3202,1547.5706,0.0000,75.1857,124.4231,1.1748,46.9503,80.0000,dos
9498.5235,3996.7645,22.2016,293795.9093,926.4611,57.9160,44.0027,18167.8711,391.8786,3.6953,126.4868,141.1998,3.8705,81.8746,80.0000,dos
6440.8161,3556.4220,74.2880,540988.9073,0.0000,97.7548,0.0000,67441.9807,711.7318,3.9913,246.5705,162.1263,4.0339,22.7364,80.0000,dos
5142.1199,3405.4808,43.0764,97692.2577,2772.6284,35.3648,49.1875,29159.5102,556.0650,0.1593,246.3613,375.2898,0.0000,61.9677,80.0000,dos
8756.2645,3501.4331,0.0000,179545.0312,4033.1492,27.3186,2922.6231,31196.8778,716.2283,2.2558,164.2568,108.9737,2.3502,41.2748,443.0000,dos
10299.8462,4499.2300,61.4295,369182.4971,6918.9836,66.5795,95.8780,29382.8984,587.0376,1.4828,207.6095,140.4955,2.2388,17.1387,443.0000,dos
10329.0867,1463.3301,61.8619,152362.1678,2495.5341,89.2827,35.7927,14162.0814,261.8783,2.2571,101.9116,471.0870,5.1615,28.9009,443.0000,dos
11140.2042,6630.3252,75.7797,377882.4899,3086.2110,65.4283,59.2743,44941.4418,522.1886,1.3025,284.6899,209.0913,2.1400,33.2041,443.0000,dos
10052.9958,1480.2277,37.2836,425820.9411,2628.1705,210.5764,70.4147,32512.8480,206.1089,2.9472,148.3547,221.3272,1.2146,57.0544,443.0000,dos
9306.3566,3094.6096,33.4290,125662.7059,631.7624,43.3835,32.7085,16777.1075,309.3719,1.5134,156.9758,75.2568,4.8970,20.2718,80.0000,dos
9656.4659,8458.7147,65.6910,209740.0996,2333.6272,24.8598,55.8867,22794.1385,735.2192,2.4456,193.9892,245.2167,4.8854,51.5393,443.0000,dos
7642.8548,646.0993,34.5214,104683.7410,874.5782,139.9462,15.4703,9818.1839,68.0869,0.5679,206.9258,390.4873,3.9306,37.6289,80.0000,brute_force
13487.4866,7247.9703,90.6304,169361.6383,2961.4447,27.3941,41.8179,12342.5827,944.1996,2.5161,110.8862,436.8924,1.1282,22.9941,443.0000,dos
4833.5130,2166.5768,59.7487,490932.9594,2783.5762,198.4818,58.7886,54447.2930,392.6320,2.0029,202.4874,209.0570,0.0000,34.7536,80.0000,dos
5386.2502,3196.0071,80.3636,356391.0650,3320.8782,135.9586,33.3335,74742.3312,542.4260,1.7668,452.4149,276.8509,4.8945,87.3165,80.0000,dos
7214.4285,2668.1920,54.1732,202908.1062,3100.7556,114.2919,58.9642,41803.0008,345.7081,1.2512,0.0000,59.9086,2.4900,61.8047,443.0000,dos
7745.4637,3459.4472,46.0801,121159.0883,1576.8980,55.0543,20.2931,22880.8507,374.9095,1.8076,198.8282,69.4732,5.7153,63.1341,80.0000,dos
3431.2619,1915.9414,0.0000,177317.2170,2010.3729,84.4516,2003.1637,44944.0076,444.9127,3.3018,189.2040,351.0874,1.5935,18.5034,443.0000,dos
9817.5722,1132.9504,49.9002,120069.9103,1141.8413,63.9736,13.5989,16696.3535,197.7764,4.7937,71.4645,104.5137,5.2087,23.1757,80.0000,dos
9353.0920,2945.2607,16.3798,137064.2748,5004.4534,50.4740,307.6766,21357.3038,378.8489,4.5363,229.9740,314.3152,4.9933,54.6011,443.0000,dos
6543.7072,780.1583,25.5339,205827.9663,3267.7574,155.7423,70.5415,31575.3919,181.2863,3.1905,154.8242,496.9732,0.0000,99.8646,80.0000,dos
5394.6760,6202.3285,31.9792,291390.7667,2980.0970,53.1611,78.0139,50838.9201,974.5320,2.1508,82.5987,341.9601,5.8768,80.3321,443.0000,dos
6429.0343,2321.6272,32.5327,161387.0949,1535.6475,25.0643,33.4252,22040.7371,690.1248,1.8390,81.6081,280.0275,0.0000,59.2704,443.0000,dos
11493.2142,3465.9669,0.0000,314229.3545,946.7063,79.5813,1004.4636,27193.4022,323.6605,2.0466,86.5421,240.6505,0.6621,41.2624,80.0000,dos
8216.5875,5152.7298,1.9077,239671.8772,1518.4425,57.7960,454.9115,30978.7875,869.8700,1.7593,170.6571,178.0392,4.8198,69.1267,80.0000,dos
11134.7632,2404.0645,52.1136,102790.9233,1911.3305,32.5998,38.4602,7060.4129,410.7755,1.9284,181.3503,154.0029,0.0000,67.3529,80.0000,dos
7958.1791,5403.8306,67.4168,110770.5870,4863.4486,34.7880,54.5716,15854.7450,662.9624,1.1121,141.6401,327.0661,4.4570,31.3271,443.0000,dos
1921.6084,3720.2512,65.5581,332874.0588,4586.1896,98.6763,107.6439,133313.5509,1484.7199,1.1240,281.0252,275.4364,4.5310,33.4118,80.0000,dos
7435.3299,4230.3081,0.0000,250506.6676,3442.3493,33.1217,3909.4044,50858.4015,550.2775,0.9211,416.7989,96.4867,4.1479,69.6467,80.0000,dos
8332.7713,2517.2459,28.6560,278557.6301,2583.3565,76.0099,82.8799,27022.5121,359.8572,1.7857,379.5147,401.6647,0.9053,45.3119,80.0000,c2_beacon
3065.3757,2304.3600,14.7925,334718.6934,2669.1402,122.2627,204.6046,43070.1817,667.9756,4.2121,108.2356,87.2120,4.8447,39.0629,80.0000,dos
2567.0879,3422.5163,86.4535,161235.8508,2512.5125,29.0203,36.9689,81612.4340,1891.9864,3.1397,144.6415,282.3581,0.0000,32.2204,443.0000,dos
8739.3149,5238.2700,70.3099,288158.2968,942.3333,71.7495,13.0943,25534.7710,423.2585,1.5950,0.0000,159.0525,1.4713,47.7779,443.0000,dos
692.7439,4670.4952,89.9405,181379.5456,2473.2935,24.0514,31.8445,163972.8354,8632.5283,1.6624,380.9566,106.0730,1.9312,120.3530,80.0000,dos
7483.0534,5149.4483,40.4050,284401.4250,2735.7812,38.5093,98.5699,44268.4164,863.5499,2.8454,83.9529,319.3322,3.9707,83.4741,80.0000,dos
9246.8832,3274.6596,125.9046,358584.0417,1592.3748,97.5531,15.5268,32669.5717,481.5849,1.8671,220.0408,51.6442,3.6911,24.6268,80.0000,dos
9252.6160,6062.9549,13.5941,228382.1569,2368.4714,33.9729,207.4415,17354.8544,414.1855,3.9319,95.7597,154.1538,1.8826,29.9681,80.0000,dos
10194.7837,2984.8451,54.2843,212201.6609,1180.8838,49.3822,39.2653,11810.1794,623.4587,1.5681,118.8509,272.5578,4.5454,90.8343,80.0000,dos
12966.4113,5683.1107,12.5249,228529.2444,3552.3297,43.9513,217.9332,22927.6725,359.9004,2.8763,333.4992,87.5863,2.1187,60.9666,443.0000,dos
4186.1648,4606.2939,112.2202,227333.6745,1293.8641,49.1281,18.9230,49461.5339,1125.2231,3.3788,193.7747,201.4268,3.3766,66.8903,80.0000,dos
6626.0361,3548.7548,68.5863,171850.8760,4288.6314,82.8333,59.0795,26701.4095,290.1973,0.0000,74.6642,101.6579,2.6919,57.7245,443.0000,dos
5271.8430,3953.8924,38.0407,298460.3671,1248.7897,66.8706,42.3930,58934.9873,619.5971,4.3433,176.8331,276.8890,3.7375,34.7310,80.0000,dos
7812.6499,3624.9454,69.3676,335930.3409,2381.0032,88.0544,36.2015,63601.7332,683.1055,3.0470,91.3355,377.6450,0.0000,39.0450,80.0000,dos
15522.5752,2590.4248,17.8642,155629.7758,1950.1952,52.1004,86.4721,8145.8627,117.0023,1.0145,134.0929,53.5103,0.0000,38.5353,80.0000,dos
6820.8881,2408.8668,74.5527,382846.8665,3994.9926,114.8129,55.1394,30894.2200,442.2772,2.4557,0.0000,228.1338,1.3470,87.7935,443.0000,dos
9377.6564,3071.5204,92.8295,109574.2782,1340.4622,46.2038,18.0893,12871.6515,298.6686,0.9162,153.2610,473.3252,5.4489,43.4830,443.0000,dos
5277.7192,829.6036,49.7339,302393.8292,4278.7895,280.6435,87.4478,60730.0352,223.4506,2.5470,272.4160,346.1576,1.5739,52.6929,80.0000,dos
6890.7271,4747.8475,24.5004,229800.9616,2559.8554,55.0788,90.3078,31270.8628,613.9803,2.2100,272.1183,240.4078,4.3851,42.6908,443.0000,dos
4531.3978,1851.5346,26.9017,312655.0854,1300.9139,189.9228,55.4786,53459.5590,343.3503,1.3403,214.1713,74.8433,4.9279,81.5108,80.0000,dos
13678.4570,6570.3226,26.2107,200620.9829,2424.8370,45.2844,76.1548,20894.2003,414.6557,1.3821,186.8506,235.0037,4.2491,52.2355,80.0000,dos
6345.3246,6415.4207,4.6926,378166.2249,2335.3815,47.3141,1031.8502,51288.7135,1041.6014,1.1767,148.3206,113.7827,2.5651,60.6619,80.0000,dos
5868.7405,2231.7999,56.7347,206974.0390,2788.9901,48.8176,42.4242,33415.0230,434.2485,0.4424,253.7929,297.7016,3.9371,40.1517,443.0000,dos
9435.0568,4860.4632,109.1094,158699.3211,3332.4884,29.6715,38.4388,12138.2431,413.7238,3.2802,143.2882,348.5088,1.9193,85.3005,443.0000,dos
6037.9078,7408.6644,109.7072,238109.4537,2299.0673,28.6181,29.8362,34267.1228,1255.5580,2.8373,141.8342,387.3858,0.0000,84.8075,443.0000,dos
7474.0990,4059.5817,50.2237,225343.2815,2594.0915,37.9348,55.2047,25346.4587,576.7584,3.3270,83.3193,259.8222,2.7452,39.3581,443.0000,dos
3727.9326,4975.6046,87.1614,0.0000,4018.9281,0.0000,35.5816,697.7278,941.7558,1.2029,215.9449,64.1876,4.4925,124.9496,443.0000,dos
7728.1713,3451.1113,34.9766,268834.7577,0.0000,65.5200,0.0000,39088.4309,472.8031,1.9924,455.8791,108.3897,3.1481,106.2256,443.0000,dos
5810.1524,4986.6964,57.7590,162945.7134,4047.1372,48.1237,71.6222,25803.1328,862.2731,4.2559,331.2807,231.8121,0.0000,84.5761,80.0000,dos
12803.2174,2953.0848,82.1121,308451.2550,1952.8942,75.7599,16.7198,22566.5190,221.5151,1.8043,0.0000,405.6912,2.4181,34.4560,80.0000,dos
7198.6612,4960.4552,89.2764,248556.4545,4236.5010,60.6346,42.8410,47179.2940,418.1849,1.0195,213.3043,313.5359,0.0000,48.8675,443.0000,dos
6363.8725,3527.6945,50.4395,235572.0381,2251.0864,63.4242,44.5980,32939.1716,251.0579,2.7151,326.5332,241.6473,2.6767,63.5378,443.0000,dos
6078.9703,2844.2189,0.0000,169702.0237,2896.1864,68.2473,3447.7122,32108.6663,422.8572,1.5229,157.1727,203.7580,1.8286,52.1945,443.0000,dos
5063.6472,3304.6684,117.0150,302371.4383,2525.2412,88.6577,26.0722,35843.3195,760.9398,1.7277,184.1224,210.9910,0.8852,26.2782,80.0000,dos
12732.2255,3019.4228,47.6551,222344.7251,4042.4606,66.5283,57.6953,14483.3184,365.5852,1.1626,90.8863,155.0821,6.8999,63.2600,443.0000,dos
3255.3054,3389.6302,49.3436,209716.2547,2533.1535,54.8637,70.4795,43844.8859,1020.2273,2.2459,89.2339,348.2566,3.5223,71.1388,443.0000,dos
7532.2962,4846.4367,38.7759,227648.7167,0.0000,59.5851,0.0000,41131.9009,575.5984,2.3789,92.3870,271.3367,3.4437,60.4528,443.0000,dos
7820.5266,2895.8746,68.9956,102893.7551,4316.1495,35.5628,90.2624,21613.5098,526.8560,0.7888,249.2144,439.3062,0.9140,17.6913,443.0000,dos
7175.6800,5090.8954,45.8975,154724.7460,0.0000,42.1107,0.0000,18172.3625,408.0251,2.4184,25.4053,389.5528,2.8252,117.4407,443.0000,dos
10992.4454,4788.9899,42.1268,68260.7698,1881.0945,22.3647,37.3717,5774.4665,309.1169,1.6514,72.1752,175.0318,0.0000,92.9846,443.0000,dos
4917.9688,2620.6220,91.1624,320516.4999,2581.6612,142.0587,35.7524,89247.5511,441.1540,1.4665,122.7633,65.5073,3.1838,56.5459,80.0000,dos
8120.6017,3552.8474,56.6660,134224.2708,2088.6944,51.3507,40.3444,19559.4004,285.6835,3.7892,169.2585,103.7204,1.0214,48.4847,80.0000,dos
10386.7161,2840.7236,19.2266,207556.1849,0.0000,69.1755,0.0000,18078.3561,186.0152,1.6603,262.6576,48.6105,5.1593,28.5836,80.0000,dos
3743.1670,3465.5874,34.9872,188811.3295,4680.1284,72.0988,69.1032,62851.1326,583.4303,1.5411,196.9051,129.0387,1.0408,64.6792,80.0000,dos
12766.4738,6005.4897,99.2339,69914.7013,2421.3674,13.3671,20.3758,6604.0678,475.1177,1.8091,425.5601,185.3820,5.4509,95.4856,443.0000,dos
12850.2129,5273.1757,82.3227,172032.8187,1789.6715,37.1696,24.9622,7825.3244,351.3043,3.1601,51.8716,443.0151,2.4996,93.2359,80.0000,dos
6087.4081,4972.2155,26.0418,287998.2875,4783.8672,79.2115,212.5462,51261.4495,707.0817,1.9810,197.0644,128.8055,5.2591,37.3185,443.0000,dos
4585.7037,3905.0604,76.6724,260450.3521,0.0000,57.0109,0.0000,39402.5680,552.2472,2.7875,274.2886,292.1354,6.1848,27.8164,80.0000,dos
8942.4152,2525.4592,12.8122,250706.1737,1687.5869,86.0255,159.6326,21946.4307,253.4140,3.4001,195.3240,138.1147,5.4943,73.1094,80.0000,dos
3225.5685,7109.7780,16.2542,292874.4116,3274.3959,49.8138,181.8908,75502.7447,1199.8504,2.5926,180.3234,255.2869,4.9436,19.7170,443.0000,dos
6936.7091,4640.9817,20.7512,93156.3643,2813.3847,13.9553,96.9005,12038.6775,1132.2009,1.9735,207.7484,138.9603,0.0000,48.6042,80.0000,dos
9948.1373,4182.5969,44.4056,150473.7394,3043.5536,57.6222,118.9197,21365.1542,373.8362,1.8534,57.2571,92.3776,1.1123,70.3889,443.0000,dos
1730.1483,2429.2588,34.9205,330075.6824,2039.4449,123.2096,60.0200,143649.8733,1517.6482,0.6688,15.7687,287.8364,5.8311,43.5355,80.0000,dos
5017.6459,2157.8825,66.3992,225081.9959,3175.8142,110.9430,48.7101,30362.0722,345.2392,4.3284,220.2551,337.8703,6.8518,67.8111,443.0000,dos
8140.5773,1772.7869,81.0313,148255.0933,6164.2645,75.9685,90.0326,23283.7738,273.3508,1.2746,289.0451,167.4008,1.2658,89.7156,80.0000,dos
5076.4104,3488.5306,41.4105,285706.6977,790.5131,87.7654,19.1117,41402.2977,438.3898,2.7337,233.1634,273.9178,2.1101,122.9344,80.0000,dos
8795.6582,4491.7172,71.0836,156776.3037,1358.8250,49.3863,15.8708,25500.7086,318.4306,0.0000,91.9214,110.0956,3.7294,88.3747,443.0000,dos
9288.7245,3343.5751,106.0913,352146.9896,4048.5420,68.7111,34.0867,40677.5636,607.0580,2.5435,155.6945,151.9075,1.0869,56.9203,80.0000,dos
5449.9572,2720.7457,39.5703,195913.8399,2517.0346,69.9297,72.1175,30306.0817,545.4300,3.0291,169.1382,125.8126,0.0000,53.2204,443.0000,dos
5378.5305,4662.2674,74.4342,238654.4351,3127.0553,62.5327,44.5121,29230.7008,770.8984,1.0000,214.9132,243.4398,1.0053,49.5635,443.0000,dos
6305.5439,4017.7150,46.3639,218245.1860,2101.9420,41.1630,48.7640,45490.3553,790.9734,2.3602,186.6422,254.7954,0.0000,37.5806,443.0000,dos
16520.6642,5062.6807,75.1647,222878.9908,5282.7108,52.9887,39.2963,12919.1079,293.5648,0.7564,254.3654,428.6295,1.2449,60.0744,80.0000,dos
8295.6546,1540.0899,22.8949,222162.5415,826.9293,135.3600,52.8156,21261.4123,183.0095,2.2990,265.6197,230.5393,3.0569,103.0889,443.0000,dos
3632.0089,628.1862,37.8106,283683.3608,3524.0715,399.7341,63.4759,109549.4681,331.6594,1.4727,34.0346,333.5257,0.0000,73.5714,80.0000,port_scan
8060.2507,6648.5462,133.2227,326416.7088,3243.9337,70.3345,29.1672,30394.1817,853.9417,1.2650,240.9296,292.5322,3.5549,36.2591,80.0000,dos
8715.4846,2409.4562,116.0521,101301.4026,854.7492,24.8776,7.2215,14351.9962,267.2960,2.4375,130.3581,132.1399,2.2745,86.4779,443.0000,dos
8372.7493,3276.7690,68.8985,263632.2196,3137.4487,36.5304,47.0075,18152.0855,547.1433,2.6581,222.9482,122.6416,2.2655,60.4294,80.0000,dos
7442.1928,3386.4255,28.3867,319065.4588,0.0000,70.9125,0.0000,41606.5291,663.2505,2.3820,354.5274,97.9902,2.0340,51.2016,443.0000,dos
1655.2816,4558.9930,119.1292,332696.2043,2478.7188,54.0138,19.4164,143258.0657,2156.0043,2.1856,332.4804,420.6052,0.0000,67.2380,443.0000,dos
13230.4146,0.0000,9.5585,198049.6372,3592.6261,141610.7003,242.6218,18445.1997,1.2439,3.0518,98.4457,101.8726,0.7442,83.2409,80.0000,dos
4017.5142,2380.7283,114.3109,277985.8598,1022.8917,135.6260,6.4042,67661.9698,616.0915,0.7504,47.8172,96.9559,1.1404,61.0895,80.0000,dos
3869.0105,5382.6801,38.3530,216172.0811,3142.6148,20.6401,82.2703,20456.1030,785.6268,0.8861,270.9821,177.6052,4.4960,76.0057,80.0000,dos
8905.6111,4368.1152,37.0102,269821.9187,2749.8789,50.6316,104.7966,22451.7498,436.3625,0.3994,118.7573,202.5405,1.9626,36.5261,80.0000,dos
3273.0693,5299.7246,72.0283,176588.6602,539.3814,34.7216,7.0458,35313.9355,1674.1916,2.7246,209.8965,252.1496,4.4091,49.5269,443.0000,port_scan
10280.1994,4355.5481,20.3851,283810.2171,3068.8753,76.3752,174.2251,35886.3551,463.8780,2.2156,249.5915,472.6043,4.7427,79.4360,80.0000,dos
3181.4609,5437.6870,0.0000,224598.3469,4368.6065,62.8067,3755.5161,52851.4638,1046.3911,0.3251,220.7816,361.5650,0.9712,131.3451,80.0000,dos
9913.3379,6921.8373,35.9530,295354.2919,3066.8519,43.9756,84.2598,19732.2075,552.6837,0.0000,205.1574,188.9377,4.1835,76.0522,80.0000,dos
8508.1017,3748.6215,25.7457,114435.3539,2492.1078,57.1624,116.5594,20691.8371,315.0086,1.0065,452.1870,211.5166,2.7824,84.5412,443.0000,dos
11248.1176,5799.8234,61.9121,277205.9518,4023.4599,50.5718,78.5581,18429.4983,620.1172,0.6774,185.8868,258.7375,1.0341,28.7235,80.0000,dos
9266.8339,3070.4320,40.9681,204428.8575,3723.0438,54.1741,54.3408,19412.4075,304.6321,2.8189,21.1564,205.1857,3.9992,47.7752,80.0000,dos
11403.6544,2639.6476,24.6224,260306.0250,4466.8851,112.2587,81.3471,29745.6064,234.8521,1.2188,175.7821,179.7099,5.0737,68.9758,443.0000,dos
2498.5665,4738.6382,16.0777,229056.6467,400.8411,38.3295,41.0718,119810.9092,2260.9538,1.3628,54.0953,144.7033,5.2127,39.0561,443.0000,dos
9070.4941,2683.7671,62.6759,239016.9039,2152.2028,69.3692,21.9863,16285.5666,419.1977,2.7878,161.1271,308.1309,2.2937,48.9184,443.0000,dos
4143.7007,3988.1804,39.8949,184372.4240,4378.8717,63.2707,75.1062,62555.0898,1150.8084,3.2054,130.0079,360.1195,0.0000,28.1880,80.0000,dos
6792.2610,4251.4635,51.2310,185560.1727,5888.4604,41.4946,118.1360,36455.8215,802.1616,1.1986,180.8351,201.8797,2.9324,56.9544,80.0000,dos
3272.0959,5420.2505,18.8247,108317.1257,4502.3939,26.5023,131.7082,41259.2299,1937.0527,1.6060,85.0569,101.8832,4.1174,23.7332,80.0000,dos
7909.8689,3116.9449,46.1179,306215.4432,2830.0182,162.8444,45.3060,54630.9569,307.9062,2.4577,40.2832,154.2641,0.0000,99.7677,443.0000,dos
7917.1539,3230.3327,79.0156,91843.3575,1579.7760,32.9773,12.2213,10636.8187,584.0786,0.8210,204.0994,98.8641,5.5456,87.8434,443.0000,dos
9810.3147,5626.8281,48.2012,144581.0091,1860.5576,18.4864,58.6007,11252.1710,548.0312,1.7193,213.5196,46.0897,0.9847,34.8780,443.0000,dos
6195.2836,2742.0097,33.2206,241442.4375,224.9488,133.9705,7.2174,33733.3757,371.4093,1.6996,64.2522,181.9810,4.7978,48.5587,443.0000,dos
6907.9713,5650.4518,101.9349,81630.9187,3489.1476,21.8297,61.3641,9574.1801,591.2420,1.1949,326.9791,237.3424,0.0000,128.7131,80.0000,dos
7328.6773,2720.1398,77.6120,127847.7191,4653.6488,32.3482,64.0569,17333.7342,494.6637,1.6683,246.8681,353.9317,1.2032,91.3040,443.0000,dos
5407.8018,4465.3798,46.9202,173932.2932,1601.0037,31.0564,23.4849,46078.7188,1106.7868,2.0842,86.5661,376.1647,3.5809,81.0682,80.0000,dos
4959.7134,5222.6035,23.3280,163282.0704,4832.4134,53.7725,206.5093,44187.3832,760.4750,1.5653,174.7165,39.9826,1.4546,44.4392,443.0000,dos
16827.1066,1186.0229,93.4984,438442.5652,3898.3165,464.5457,35.7139,32276.2176,74.9610,0.0000,355.5320,227.2740,2.6184,38.8825,443.0000,dos
514.5690,5535.6162,38.8447,213246.2798,1519.6104,29.2600,45.2733,345217.3103,7600.9722,3.9547,50.9188,210.8648,3.5868,47.1781,80.0000,dos
17858.2325,2703.2719,41.8978,308062.7064,4112.8450,73.7397,54.7747,28544.4500,454.8786,1.3862,135.3166,253.9774,0.6810,115.4114,80.0000,dos
4291.7043,2733.7126,102.8745,272640.7836,1142.5106,115.0937,17.0003,25880.7866,315.2511,4.4202,40.9553,189.3249,4.3360,83.1754,443.0000,dos
8174.3276,4086.7417,22.5214,261908.3037,3592.8761,38.0185,161.9810,31895.9075,405.3462,0.7301,366.5764,350.1125,1.8935,32.4057,80.0000,dos
10831.5253,4049.3856,7.9513,240613.2188,1370.7243,40.0045,145.5430,38714.3078,557.1944,3.0207,172.7384,350.6386,3.3794,49.7165,443.0000,dos
12502.8360,3126.8021,87.2688,142773.6484,3299.8065,70.7557,22.7536,16753.5145,256.6702,1.5355,222.1419,312.2815,3.0045,42.8091,443.0000,dos
8372.5823,2719.2140,0.0000,173606.9419,1126.9020,30.8191,919.0033,30708.7608,1055.7072,2.6113,76.0637,226.5589,0.0000,25.1665,80.0000,dos
2485.7952,2442.0583,55.8024,113650.8889,1790.1124,34.3294,25.9949,63319.0542,1477.5128,2.2054,245.2347,251.5334,1.4040,32.5644,443.0000,dos
6454.3096,3649.2594,30.7960,315823.3313,1945.2059,74.9271,74.2920,39619.9247,346.0841,2.2316,83.1965,93.0961,4.8781,34.1559,80.0000,dos
8750.7266,8822.8183,68.3916,211444.3716,4543.8167,36.5506,61.5005,23126.8345,446.6478,2.3895,429.3379,186.2473,2.8621,99.6558,443.0000,dos
3669.1689,6285.9739,63.9275,259246.8814,1904.1392,32.6625,40.7238,57861.6228,1349.4495,1.6815,256.9561,139.0441,2.5004,113.9438,443.0000,dos
4188.5980,3008.2206,4.4312,163816.0261,2428.3542,50.1550,736.0709,24481.9106,626.9679,1.7997,102.4323,117.0938,5.0600,69.3589,80.0000,dos
9678.8430,2636.3285,58.3282,127670.8991,3562.2369,51.8500,77.7085,14238.4569,290.2934,2.8190,190.1611,110.6909,1.2676,88.8153,443.0000,dos
6963.2714,3197.7248,14.2940,292072.2797,4971.9605,47.4704,374.9289,18738.4463,655.0661,2.4686,111.9106,126.3988,0.0000,68.7670,80.0000,dos
8936.6757,3469.4562,38.6128,311982.1087,2995.8696,121.8632,121.0074,46091.5172,497.2931,0.9001,147.1287,118.4335,4.2478,10.9406,443.0000,dos
7943.3066,6846.0709,0.0000,131279.1994,3193.1888,41.2923,4412.0680,27624.1140,777.2373,4.0032,445.5459,171.7595,1.9876,53.8442,443.0000,dos
9506.1220,2882.5132,98.7790,219684.7391,5034.1242,73.1622,56.8079,26743.0495,264.9673,0.8328,192.0522,324.5511,5.2583,94.0543,80.0000,dos
7602.2443,4307.6211,54.4738,267728.9425,2945.8140,76.1003,46.4141,34165.1489,727.3828,0.7823,218.9164,95.1824,5.2470,36.8561,80.0000,dos
4815.6016,6957.7345,65.7680,239070.0140,3588.8732,41.3290,53.3460,33723.2743,730.7766,2.5216,155.4552,347.1190,2.5109,39.8809,80.0000,dos
7843.7123,1039.1820,9.6400,150383.2384,2702.0102,88.3484,275.2424,19719.4117,262.6945,1.8529,220.6678,228.4361,0.0000,26.2043,443.0000,dos
7505.1443,5165.1134,40.3468,328144.1319,3283.4509,61.9494,81.0342,53487.4021,527.1609,1.0310,208.2300,221.1925,0.0000,130.4698,443.0000,dos
6533.5787,3959.8591,46.7680,292878.6893,1730.0608,53.6774,34.0339,34039.0727,554.8738,4.4860,212.4703,309.0751,2.3240,65.1193,80.0000,dos
10485.5116,4213.6426,103.7351,198414.5241,2122.9443,42.9392,28.2441,16640.5469,587.5132,4.0137,291.6128,267.0952,2.4302,124.6217,80.0000,brute_force
9113.0255,1885.0110,59.9247,90082.4934,3158.0250,49.0915,48.0800,22803.6541,305.6205,3.1682,28.8231,311.6628,6.8570,62.0260,80.0000,dos
9004.4747,2694.7394,24.5882,23539.8326,6110.9694,6.1357,144.1975,3027.7414,435.1365,1.6446,92.9259,97.4844,5.1502,125.0486,80.0000,dos
12489.6105,1388.9819,5.0595,257215.8050,2225.6712,232.5909,588.8793,26123.4865,145.3832,3.5379,147.5084,361.0668,3.4178,44.1703,80.0000,dos
10918.8162,3636.3369,70.0922,252565.4803,2277.5700,100.0187,28.0746,30931.6985,313.5187,2.4642,26.5155,266.6813,0.0000,34.2798,443.0000,dos
10896.1225,3073.7535,105.3272,66484.9030,2792.9092,18.7625,19.9298,8668.7321,356.9027,2.5106,198.9625,197.3619,0.0000,29.0747,80.0000,dos
11724.8323,1706.2041,32.4411,288228.6174,4810.8495,108.2280,172.0132,16751.6409,253.2006,1.7975,201.0698,84.6301,3.0334,83.9891,80.0000,dos
6506.9409,5801.0774,115.4260,174441.1986,1522.8396,18.6998,18.6640,10341.2406,438.8394,1.1747,128.2369,183.9968,2.3584,81.4916,80.0000,dos
9584.2154,4708.4213,43.8327,185762.3603,3971.6307,43.2600,50.5297,19946.5541,330.8142,2.8615,108.0279,71.0702,0.0000,83.6796,80.0000,dos
8544.0553,4830.2227,73.2814,33524.9915,3974.8086,9.7811,52.1239,3372.4154,468.6835,2.7048,227.9857,362.4699,0.7393,87.6097,443.0000,dos
5128.9938,1476.9152,53.4427,178525.3167,2154.4179,43.9831,61.7002,45852.0585,871.9184,2.1764,334.2294,415.1747,1.0864,54.7409,80.0000,dos
9982.9192,3455.3097,49.7450,404615.1534,0.0000,85.9342,0.0000,34230.3972,364.6814,1.7787,64.1602,99.8729,1.5973,40.3684,443.0000,dos
8575.1138,2285.1111,37.5105,296548.9684,2347.2985,132.1431,64.3552,29303.6614,361.7281,1.3236,63.2869,193.8972,0.9992,27.7007,443.0000,dos
11087.9497,3014.6317,77.1645,233029.0947,2094.2324,110.9913,20.2661,29655.6302,242.6223,0.0000,200.5125,355.4149,2.4001,26.7359,80.0000,dos
8154.4000,4566.6722,53.8612,418680.8769,1686.4704,61.8772,22.9898,44686.9312,639.5839,0.7655,287.6683,113.6746,0.0000,68.7818,443.0000,dos
3790.9463,7150.1376,21.8361,127354.0223,2115.4486,27.7520,74.0947,26293.4696,2246.8405,1.4005,252.1480,376.1827,3.1902,24.4089,443.0000,dos
5785.5775,4317.1492,92.7527,145441.3841,199.3749,29.5194,2.6002,30249.9534,1264.8415,1.5008,194.5256,138.7536,0.7471,68.8029,443.0000,dos
2116.0840,3364.1476,101.3236,191466.2662,138.5374,71.2827,1.5935,74707.8450,765.1765,1.4841,29.7417,158.1686,0.0000,48.1462,80.0000,dos
6910.2249,2876.9163,45.6751,216141.6357,2754.3471,49.9937,81.2177,16335.7945,351.4859,0.9521,169.3879,224.2963,2.9922,95.1771,443.0000,dos
9160.9079,2078.6982,40.4496,75077.1187,4675.6286,38.8632,66.0196,5854.2992,228.6967,2.0860,128.3847,270.4704,6.1767,41.4752,443.0000,dos
6273.3235,2004.9054,98.7463,186086.4928,3155.9164,79.6248,37.0681,28386.8788,336.6444,1.1469,274.3934,159.7931,3.3606,96.3555,80.0000,dos
11783.6574,2735.1243,55.4052,259276.8946,855.6499,72.8698,14.4183,22428.0650,548.7993,4.1033,98.6879,204.9054,4.7867,73.4607,80.0000,dos
7575.9479,3375.9859,29.8230,202050.9652,2804.5468,64.4107,166.7113,28918.0865,444.9854,2.6593,230.3032,63.4616,1.0515,47.1804,443.0000,dos
4833.9524,1959.4903,40.5574,182146.6249,1786.1661,80.4834,53.3935,32226.1893,376.9860,0.4233,176.4269,207.7535,6.9846,91.3306,80.0000,dos
9174.6731,4985.3171,53.3522,187206.7099,1621.4858,36.6871,51.9126,34531.5885,1034.9193,1.2828,107.5490,235.9458,0.8931,71.3719,443.0000,dos
5398.2997,6202.1189,36.9527,209075.2644,196.3139,53.0319,5.6812,27942.5958,718.8518,1.6049,286.2270,75.5968,1.1039,51.3889,80.0000,dos
74149.0305,97.7329,183.4185,10301.6857,26424.7293,144.3015,167.0095,537.1123,6.0559,290.2042,226.6562,76.0841,41.7689,49.8865,3389.0000,brute_force
42100.0107,158.2527,235.8245,12150.3689,17085.1028,64.4656,67.9828,787.5001,9.7004,312.7219,214.4936,50.5244,24.8337,41.0728,3389.0000,brute_force
57659.5446,174.3533,180.9864,19190.7745,16973.9215,105.2588,93.1821,1071.4407,6.3330,291.8957,203.6771,99.8031,47.8571,26.9044,3306.0000,brute_force
86772.3859,232.4895,92.8292,10663.9022,24951.8697,46.8990,306.9557,431.5944,3.8470,298.3304,276.2931,77.3129,47.1089,69.8059,3389.0000,brute_force
40348.5741,214.2127,178.4193,17773.4184,27001.5975,55.2341,119.9771,1074.3800,11.1859,265.1916,263.0522,48.4477,36.3518,41.8722,22.0000,brute_force
41976.5253,193.4857,80.2143,18888.4861,12577.1216,54.5494,270.5091,667.0938,7.2190,98.5162,230.9278,85.1869,28.5294,45.4966,22.0000,brute_force
75428.0349,186.7493,252.7937,19929.6535,20742.3167,165.4807,109.2006,818.2828,5.7962,298.4579,110.7480,35.1721,56.5268,74.9230,22.0000,brute_force
53257.5587,63.3360,140.3053,16322.4292,13319.2704,274.6349,100.1166,740.1327,5.1054,290.9479,332.6914,35.2070,52.8088,40.2395,22.0000,brute_force
86147.5549,146.1981,256.7659,19193.8755,7406.1451,138.1905,50.5252,356.4115,2.1134,147.8898,288.7930,56.5518,34.2335,60.2992,3389.0000,brute_force
67603.5843,168.8582,135.2649,19765.0187,29996.2582,213.9469,164.5222,825.6341,3.9131,383.9551,272.5478,34.7841,20.9117,31.5749,3389.0000,brute_force
55618.6004,93.9366,244.1414,15318.0168,31056.7415,154.6829,86.8198,589.8023,8.2353,167.1062,103.1112,38.5330,45.5809,33.4629,22.0000,brute_force
10633.1871,247.4359,232.1419,21866.0380,30514.2916,118.5257,86.9278,2946.1447,39.6580,158.7119,159.3715,33.4304,31.3601,26.6315,22.0000,brute_force
26778.8474,110.7328,249.5899,10009.5273,14033.6582,82.1148,102.9452,699.8710,6.9885,281.4804,348.7243,63.4389,68.9553,47.0648,3389.0000,brute_force
47939.5355,186.3476,268.3726,24389.0013,24035.8219,145.8610,81.1532,1081.5196,10.8501,231.9663,126.3847,34.7623,21.8421,45.9537,22.0000,port_scan
49382.3197,209.2006,115.6895,21847.5409,25119.1972,88.4272,224.8014,1100.4076,8.2993,266.9783,209.0351,39.3622,17.5011,42.1843,22.0000,brute_force
35334.1289,114.8679,186.6102,9442.9006,16883.6405,88.9148,82.6244,471.0412,6.3021,149.7351,406.8034,83.6457,29.8365,18.8468,22.0000,brute_force
66510.8965,234.6759,88.6793,19907.7536,34649.1354,59.8520,547.3447,967.8732,4.4932,300.9329,247.5869,72.0317,28.4549,59.5863,3389.0000,brute_force
52005.3517,102.5112,168.9976,10494.4185,16034.5237,93.3931,118.1978,728.3731,8.3835,280.3289,189.4798,36.6131,52.2602,41.6546,3389.0000,brute_force
39636.8636,228.8623,216.2487,11850.0365,18182.8486,58.6188,126.9856,1093.0567,14.1076,156.5802,277.7604,58.0229,27.7151,52.7333,3306.0000,brute_force
28617.5795,209.8768,101.3596,18958.6410,19647.2360,91.4106,250.3376,1881.1129,12.0409,136.0762,207.5953,44.3452,44.7157,32.8211,22.0000,brute_force
48612.0718,124.9904,191.2230,16343.8334,25602.2035,76.4136,77.2403,721.2486,7.7830,306.0407,89.8865,52.2366,18.5216,38.4887,3389.0000,brute_force
44697.0341,141.5970,264.9972,20076.7706,11597.6336,104.2642,43.1251,802.1818,11.1893,433.3652,304.3079,33.1994,32.3917,38.7860,3389.0000,brute_force
42610.9492,206.9592,176.8170,12273.0534,28202.4288,71.9781,150.5652,1150.4418,11.4427,371.0824,256.7519,27.6982,60.2474,27.7037,3306.0000,brute_force
33274.0477,116.4411,146.5203,20029.7276,32394.3190,74.5799,180.3798,1128.2398,5.4662,349.1592,249.5867,36.1149,38.9417,41.4056,22.0000,brute_force
48306.7463,277.7761,204.3291,8201.6850,34809.4845,38.4461,150.8213,1022.0522,8.9753,153.4779,183.9787,58.7529,50.4073,30.6496,3306.0000,brute_force
46980.7463,204.2041,157.4920,18814.0347,15358.8353,104.2130,49.8864,513.7238,6.0870,264.6189,261.2205,81.6039,48.5851,21.2919,3306.0000,brute_force
57787.7170,253.6495,267.2494,14996.8239,27168.1087,69.4749,77.9200,846.1090,9.9577,264.0383,185.5719,71.0549,49.8430,33.5855,3389.0000,brute_force
33500.4103,143.7559,214.4991,24160.0989,23085.2894,103.8828,126.7616,1573.6529,14.7430,251.7754,143.8877,54.7200,60.3495,31.3842,22.0000,brute_force
36767.8297,134.4281,295.0640,9103.4184,14833.3895,60.6561,54.9414,680.0959,11.1463,317.7278,284.8254,65.1519,38.0500,33.1892,22.0000,brute_force
63657.9926,221.1846,194.7650,24499.7007,29840.8155,96.4874,177.2038,924.0792,7.5596,227.3489,304.2543,48.4027,51.3998,57.6404,3306.0000,brute_force
32642.3291,188.7094,218.2802,16506.6908,2509.4986,104.3608,15.0451,831.1828,15.8647,274.0182,171.8798,61.1662,37.2641,34.2625,22.0000,brute_force
55045.9864,245.4701,194.3112,12520.1958,16598.7497,74.0762,55.1256,363.8877,6.5520,172.2195,331.5418,80.4919,46.6224,29.5755,3389.0000,brute_force
47139.5078,161.0745,241.8684,20058.5182,26443.3289,80.0931,103.9340,989.3493,9.4688,253.5660,235.1345,45.9804,67.4107,19.2113,22.0000,brute_force
70488.6583,236.0488,132.8346,24589.0723,31010.4557,114.1603,152.7391,889.5387,6.1055,203.1623,339.4185,53.5957,32.6605,54.7157,22.0000,brute_force
35935.4399,152.5875,204.7852,10548.4090,16824.3590,82.1193,108.9345,796.9784,10.3273,286.2709,255.1663,49.9005,17.8894,53.1458,22.0000,brute_force
70399.0625,118.0521,329.6237,9826.0938,37108.1238,55.8826,174.0161,720.3495,5.3002,266.1785,291.8480,44.7464,35.3330,50.8904,3389.0000,brute_force
16448.9218,201.7472,131.2957,17457.4638,7038.5090,56.7867,28.0605,1088.7468,20.0785,249.0718,227.0588,50.6160,42.7266,17.9748,3306.0000,brute_force
26530.7843,175.6768,134.6787,13779.7058,21943.6850,57.9732,149.6871,1833.3903,16.4006,218.5571,100.4672,30.0500,53.4245,34.1235,22.0000,brute_force
21872.3012,96.5005,165.2247,13886.0573,20225.3959,126.5447,98.9657,822.3956,9.5400,309.5739,215.2601,45.7689,43.5104,14.9604,3306.0000,brute_force
58080.2739,149.6465,153.6534,20052.7974,43282.6183,175.0998,176.2880,844.2908,5.5243,283.4998,186.0446,40.1166,63.1857,48.5576,22.0000,brute_force
20683.9541,150.5097,68.4957,24524.5006,28500.7966,85.9843,244.8831,1724.2810,10.7558,121.7304,152.9114,36.4896,48.6055,45.1200,22.0000,brute_force
18058.6322,193.4450,120.7801,38788.7450,13918.9867,186.8382,152.9482,3004.8941,14.9403,383.5054,282.0757,50.4643,24.9968,38.8989,22.0000,brute_force
56861.9774,183.7075,122.8821,15879.0058,23083.1312,63.0993,194.4445,800.1483,8.7649,172.9406,271.0052,66.8478,66.7653,38.4511,22.0000,brute_force
43287.3647,157.4840,232.1056,10588.9575,25077.2115,72.5541,137.1608,1077.3078,9.3311,245.7436,220.1977,37.8318,46.1951,40.7221,3389.0000,brute_force
50275.7176,177.6823,114.7899,17407.5839,25788.9446,190.7045,145.8567,723.1445,3.4496,163.4940,363.2341,67.7461,23.2012,16.6675,3389.0000,brute_force
36293.9508,189.4641,141.5737,15289.6038,30962.7561,96.6872,195.3541,1358.5957,13.0758,189.2823,215.5593,75.8031,41.6356,20.5844,3306.0000,brute_force
23306.3327,256.8230,171.2827,21040.1884,42924.2963,92.0581,194.4035,1873.9815,20.9222,318.9431,315.6445,100.9924,47.3539,30.8710,3306.0000,brute_force
39006.0217,250.3705,131.1105,24899.2088,27878.8316,72.0782,170.3004,822.7470,6.7034,164.1438,263.5084,70.1410,24.2356,37.0894,22.0000,brute_force
58859.2258,127.1741,108.4708,15148.9994,33929.9458,66.5313,260.5236,818.1174,7.1751,270.2069,233.0253,33.1321,34.8715,20.5506,3389.0000,brute_force
61375.6839,176.9185,121.2214,21284.7338,38406.9682,144.8300,134.7206,1200.4162,8.8851,393.9218,140.6729,49.8675,57.1575,50.7816,22.0000,brute_force
70147.8786,127.6230,160.3429,23819.2877,20365.5376,191.5237,117.5841,660.1261,8.8223,293.3884,200.3304,41.5163,51.2821,53.6871,22.0000,brute_force
42176.0585,51.4890,206.1488,5725.4183,19057.6414,104.9123,99.4260,608.4094,4.6363,195.9525,225.5391,81.9531,32.8072,42.8751,22.0000,brute_force
46538.6272,57.3210,262.6026,2899.0366,45904.4543,53.9779,178.1815,1208.6738,5.1388,132.3231,79.2019,50.8153,57.2172,36.6498,22.0000,brute_force
34237.4297,113.0121,97.8409,21453.1908,33707.8817,135.5109,174.6811,1271.7941,10.3510,204.1624,232.6092,56.9209,43.1223,38.6712,22.0000,brute_force
58892.8629,125.7056,273.9450,22048.0574,49065.8235,135.8042,203.2376,1123.5857,8.2744,333.4188,97.6589,87.2442,20.9462,37.6664,3389.0000,brute_force
47556.1131,218.9164,145.5466,26608.2204,8453.2140,78.2419,76.1444,807.7477,11.5049,241.2841,151.4507,54.5196,34.1792,25.2396,3389.0000,brute_force
32395.0747,198.6836,96.3176,17452.7256,18502.1412,75.7458,125.5168,914.8284,9.3879,222.3824,247.4739,67.3385,37.9247,26.6135,3306.0000,brute_force
20890.7950,118.2281,161.8397,25544.4428,16641.0703,164.0977,119.4986,1927.1834,16.1341,366.7140,259.2107,74.5793,46.3503,59.5848,3389.0000,brute_force
33960.0314,239.2079,224.8571,15492.3624,16088.9843,56.0370,82.6689,1227.2452,12.2562,275.3706,260.9584,40.6491,41.1873,39.2879,3306.0000,brute_force
20552.2218,157.4205,69.6348,13480.4709,12236.5871,78.0104,122.3132,962.9929,11.4188,204.8005,339.3654,57.6920,30.1010,20.5320,3389.0000,brute_force
60481.3647,155.8778,16.1966,13797.5667,26388.3600,55.8208,2027.0687,615.1346,2.4489,237.7337,179.6743,62.4744,29.1670,25.9444,22.0000,brute_force
70580.1130,61.7684,217.3459,16755.3478,24428.1862,246.2646,105.5163,873.4039,3.9912,274.1171,232.9142,30.3598,31.7905,20.7333,3306.0000,brute_force
68759.3117,90.3187,163.5870,17201.6660,25118.1891,138.6843,195.7818,697.4759,6.0197,178.9959,183.8266,60.2300,15.8394,25.3490,22.0000,brute_force
83118.6770,226.9898,56.7344,15951.4157,24854.4383,58.0486,662.1148,751.7740,4.4825,241.1443,284.1294,62.3013,40.3958,20.0805,3306.0000,brute_force
32961.3547,201.4634,106.1664,14359.5536,46595.9108,91.4153,274.9212,1704.4118,9.8103,281.0109,224.0197,63.2158,55.0430,44.8645,22.0000,brute_force
42941.2162,95.8445,80.9305,18224.6545,27532.1962,156.2246,323.7817,1338.1476,5.5728,209.7035,154.3555,44.1425,36.1039,41.7780,22.0000,brute_force
85444.0402,136.3579,174.0770,20172.2544,34862.4332,89.3325,209.3152,796.8875,4.7377,158.1308,233.2022,57.1803,43.2889,28.1735,3389.0000,brute_force
32387.3713,99.9884,94.9939,20211.5201,14215.3143,236.7087,191.3495,921.1169,3.3410,107.5891,189.4020,85.7690,34.3980,71.9592,3389.0000,brute_force
21705.3892,168.4962,97.0567,24820.8235,11795.4502,121.6978,137.2224,1944.4073,16.7995,370.9697,276.5557,83.3615,27.7208,38.1904,3389.0000,brute_force
63517.7968,360.4066,264.9521,5929.6167,14616.6046,21.5840,139.1556,546.9658,11.0271,240.8020,339.8915,31.8951,30.7677,52.8444,3389.0000,brute_force
66336.1151,130.4919,160.7647,15656.5078,19274.7264,113.9748,96.1651,560.3872,7.2266,210.7764,308.3369,57.4271,48.1314,28.0199,22.0000,brute_force
70248.7948,112.2740,192.2919,15193.3072,14249.3532,128.4512,76.2373,436.2954,3.9622,140.5536,378.8297,35.6310,21.9473,41.4063,3306.0000,brute_force
29658.2835,204.2051,178.3928,19190.8520,29591.5812,71.5632,110.3622,1274.7716,16.0773,157.8516,361.5518,60.8489,38.4207,44.2796,3306.0000,brute_force
34439.1829,185.2962,247.0349,21841.6771,17290.0369,97.4630,96.7919,1103.2447,8.8300,170.9969,191.3052,42.6759,36.3757,23.7893,3389.0000,brute_force
12707.9394,140.6845,291.2952,15817.5063,17669.6620,114.1610,65.5495,2895.8622,37.8606,154.1455,364.8722,37.2654,39.1998,47.5062,22.0000,brute_force
26244.6845,105.7907,122.5216,20306.5458,26067.5325,114.4068,165.1313,1629.7769,8.6272,293.9365,206.4328,42.7089,33.3446,20.6058,3306.0000,brute_force
82302.2766,281.9474,218.1535,12701.0803,26728.3671,43.8470,120.3672,399.3781,4.7499,297.7337,234.9348,45.4462,46.9971,57.9523,3389.0000,brute_force
26351.6781,292.6569,70.6968,11446.0197,11165.8126,45.5627,220.1142,1174.7171,15.0719,314.6877,127.8427,28.1626,34.1088,51.8579,22.0000,brute_force
48919.2847,43.9782,178.3949,31906.2504,13086.4615,450.8437,68.5858,878.9282,3.2812,385.2418,169.7799,59.7765,20.9329,20.4498,22.0000,brute_force
41230.9324,99.1166,188.0078,17856.7231,14870.9352,121.7749,116.5755,732.5669,7.0462,340.8549,264.5077,45.7025,24.3470,36.6860,3306.0000,brute_force
45261.7598,259.3826,253.5516,21961.7868,22571.9812,99.6021,83.3359,1041.6049,11.5804,269.6562,241.2412,53.2486,53.7760,45.3404,3389.0000,brute_force
58824.4097,187.9077,222.8073,26694.3171,3395.8873,124.6014,21.4280,471.5271,7.9025,469.1179,277.8250,51.8187,39.3447,56.8370,3389.0000,brute_force
45851.5264,216.4038,230.2799,1057.0195,13959.0160,8.5257,55.3029,262.7472,8.7413,149.9002,218.0900,35.2835,35.2874,40.5493,22.0000,brute_force
65344.4739,200.2629,180.3835,12098.8661,29453.0301,83.5587,223.5336,432.8998,4.0522,232.9281,302.4556,56.2070,31.9299,32.1577,22.0000,brute_force
51631.8133,297.0751,150.1138,18780.2832,23525.0598,34.3270,231.0200,1048.8416,9.5315,172.1933,231.3751,63.7156,38.0730,17.2962,3389.0000,brute_force
44630.2627,196.9105,96.2094,18896.3051,25651.9174,82.8764,200.4189,845.8137,6.9508,296.7931,250.2144,66.2238,50.2263,25.0596,3389.0000,brute_force
43363.3784,178.2029,190.0897,19752.4144,12080.6360,171.8793,157.1468,693.8222,6.5322,323.0448,223.3219,47.6497,26.8263,60.6891,22.0000,brute_force
38763.8770,79.7651,112.6202,30477.3477,17691.7471,289.4363,122.9140,1408.0361,7.1170,264.7795,307.8751,57.8104,44.9396,28.9022,22.0000,brute_force
23674.2532,82.7172,73.7398,15013.7468,23547.0850,169.2187,566.1444,1405.0447,6.3984,320.2138,127.3929,59.7051,34.2971,56.7845,22.0000,port_scan
43952.1208,138.1231,243.9215,15844.7192,12327.4242,120.6732,68.1176,792.3459,8.2190,384.6577,280.3583,51.2314,53.0911,46.1074,22.0000,brute_force
69447.6496,199.9941,224.4672,24003.3724,17374.4052,75.8706,104.8083,594.3401,6.2808,357.2629,228.6411,55.9307,53.2283,63.1021,3306.0000,brute_force
41626.5356,112.7436,73.4860,23710.3487,17139.1705,248.1770,122.1414,706.2548,8.6747,263.1018,162.5014,53.3104,28.3765,47.7869,22.0000,brute_force
71821.9247,286.3799,155.8160,18530.0490,18012.8272,71.7852,110.3232,489.7832,6.8332,218.3267,157.1168,52.9207,44.7557,31.5046,3389.0000,brute_force
28287.6230,124.6955,108.2766,12497.8778,33161.2772,86.1559,292.9476,941.2790,6.7642,294.9403,206.4874,99.0850,47.9314,28.4404,3389.0000,brute_force
51543.0703,175.8753,221.0806,19206.5548,35806.6049,94.2562,93.9299,794.2066,6.4419,337.2800,244.8724,60.6128,66.2388,30.7393,3389.0000,brute_force
60909.0741,238.1092,149.6446,16192.6615,18739.4092,65.0428,123.6146,518.0398,6.6416,181.5255,117.8376,40.4779,35.2044,58.9088,22.0000,brute_force
49374.8458,245.8020,75.2092,10319.7934,19911.5214,59.4573,283.8743,725.2799,4.0771,309.0921,253.6340,61.7068,50.9281,44.5121,22.0000,brute_force
78573.4684,198.5854,121.2038,26152.5225,17173.3487,128.2201,92.2345,845.2907,5.4501,305.9912,97.2725,45.1728,37.3122,53.5660,22.0000,brute_force
52388.2754,223.4607,241.7047,15239.7745,28151.9123,94.2240,109.4757,627.6332,5.9111,167.2877,96.1947,64.6392,20.7071,31.5921,3389.0000,brute_force
68612.0651,264.6690,133.3354,18059.2714,27368.9669,88.7737,166.0310,762.5284,6.5457,150.0178,309.9326,69.7222,47.5433,25.2977,3389.0000,brute_force
42420.0059,374.6377,74.9996,29918.8411,797.9832,120.3239,9.3534,719.2695,9.6572,286.1629,135.8821,45.9974,54.3565,30.9502,3389.0000,brute_force
53075.9170,173.1539,225.5382,16745.9794,23949.4469,82.0688,106.5504,957.0015,7.9481,232.7234,303.3944,46.2930,45.9672,46.1757,22.0000,brute_force
62155.5829,248.8778,201.9078,20898.7008,28560.5155,90.0754,198.7964,636.3864,8.3527,186.4595,106.2446,39.3458,48.0839,47.4356,3389.0000,brute_force
58812.4796,191.2660,318.3697,24865.9856,43442.2566,211.1965,101.6347,1868.0121,14.6364,228.9636,343.5996,43.2903,55.9991,24.8568,3389.0000,brute_force
39446.1158,123.5575,112.0023,1042.1019,24831.5899,8.6895,272.7482,771.9211,5.1722,326.4851,197.5336,34.2609,20.1535,55.3174,3389.0000,brute_force
36320.8801,118.4489,339.3632,12036.9374,18956.7364,129.5850,68.3535,937.9693,13.3538,199.4430,168.2881,41.5640,38.1477,27.7181,3306.0000,brute_force
48464.3082,244.9275,224.2500,16692.0035,17732.9784,152.7241,99.2567,1327.0853,6.8944,136.5520,146.9105,52.6729,50.4729,35.6750,3389.0000,brute_force
58664.8515,402.1005,132.7809,14779.1364,29523.2255,60.1625,199.3680,1051.6178,5.6749,217.0586,282.5071,24.8879,34.8614,39.4136,22.0000,brute_force
48036.2788,92.6068,52.4738,10747.2297,9559.4473,73.0990,222.4009,376.2830,3.6529,313.2194,140.8232,52.2615,32.1653,41.5519,22.0000,brute_force
27795.7199,167.2044,69.1345,23260.7016,12614.8810,111.5118,169.7966,1249.9538,11.6758,244.1819,276.7388,71.0021,54.4864,37.2138,22.0000,brute_force
59958.2750,263.3229,240.3729,15492.1476,18614.9683,62.8304,64.1156,644.0428,7.7552,407.7353,340.8883,65.2491,27.6480,24.5296,3306.0000,brute_force
46767.0653,188.2142,240.1908,7870.4950,18487.4020,47.3808,130.6829,730.5990,10.5980,278.2877,286.7770,35.7372,39.4970,36.7558,3306.0000,brute_force
43838.8062,242.6755,136.7880,27334.1879,20424.1010,95.0030,156.8969,1110.6030,4.9790,158.1324,263.8425,75.6257,45.6912,50.0941,22.0000,brute_force
31877.1528,189.9015,203.1270,14391.2855,19542.3922,83.0832,80.2423,1132.7960,13.6222,202.2193,277.1558,41.8741,52.8815,23.3021,22.0000,port_scan
32334.0243,196.5733,153.8714,14485.6367,0.0000,67.3617,0.0000,477.6495,16.3595,195.2021,174.2984,34.2099,50.9841,25.6430,22.0000,brute_force
74031.2164,117.9150,152.4642,22051.8476,34914.5177,154.9156,270.7604,782.5592,3.9236,181.3409,245.6492,33.0639,38.3278,38.9993,22.0000,brute_force
49619.8435,348.9920,111.9972,11524.4208,11112.5783,55.1284,106.5106,590.4667,7.9437,362.8027,164.7685,46.6586,29.5221,49.1363,22.0000,brute_force
31288.9900,195.4679,56.9263,13623.7598,18544.9528,65.2882,389.3058,1122.4004,9.6968,164.7897,285.5531,35.0040,28.4243,50.5439,22.0000,brute_force
22873.9895,258.1439,273.3877,15267.7805,9776.7049,42.5117,47.5412,563.6744,17.4877,182.6380,383.5726,33.7178,39.4441,29.1833,3306.0000,brute_force
47637.3098,213.4848,169.3128,15612.5056,24398.0244,94.0711,75.5213,867.2711,7.5778,266.1040,244.3866,81.4988,36.0053,32.9010,22.0000,brute_force
66206.8358,224.0379,65.2641,11688.3023,28733.9271,58.0673,240.6193,858.6706,7.2178,307.2549,198.4665,70.8017,25.9362,21.0929,22.0000,brute_force
81104.0950,173.7140,229.6514,20809.0146,8770.7336,102.9452,69.8043,405.6766,6.3633,355.2643,347.1210,36.1126,63.9125,40.1862,3389.0000,brute_force
26316.5810,90.3517,294.8535,8317.7486,13207.9771,103.6461,95.0036,973.6588,7.5314,316.0361,300.2038,61.9898,16.5906,34.0384,22.0000,brute_force
60691.3647,220.5569,117.2690,15177.2785,23435.3820,80.9992,218.6125,722.0578,5.3394,165.4677,107.4004,47.8706,29.5175,28.2227,3389.0000,brute_force
0.0000,137.6219,117.0915,31448.6152,18788.5000,215.5925,264.9584,6522834.3325,29828.0209,296.2583,363.6935,45.6837,24.8195,18.4558,22.0000,brute_force
31044.8606,168.9876,175.4537,22704.2319,17220.2790,230.7047,103.8359,1215.0050,11.3783,157.5488,214.9444,53.3400,63.3907,40.0778,22.0000,brute_force
39187.7854,88.9072,87.4610,16549.6751,24935.8023,99.3391,272.2380,846.9819,7.8082,389.7733,229.9971,71.2619,33.8727,29.2843,3389.0000,brute_force
58266.4859,207.1638,223.0997,18495.9124,7510.4341,99.4055,43.9683,591.3683,6.7491,310.3117,251.4564,34.7429,33.9449,26.5160,3306.0000,brute_force
29460.9012,366.3543,75.2100,28928.9488,17683.4804,111.9790,421.5098,1569.0149,6.7844,245.0238,120.2436,74.7508,20.6983,38.0216,22.0000,brute_force
26666.9805,211.3579,99.3765,17108.1906,34620.6954,119.9895,265.5295,1859.3912,9.7101,251.0762,174.8772,54.5980,60.9973,36.9725,22.0000,brute_force
63324.4724,177.1633,295.1319,15767.0335,6702.1877,90.0528,30.6232,527.5089,8.0756,264.7933,195.2099,75.7456,27.9022,37.6739,22.0000,brute_force
27485.3168,122.7045,103.2798,30570.4245,16204.6845,196.8092,198.5155,1637.9195,10.7817,385.7846,238.8100,39.3934,36.0749,50.9482,3389.0000,brute_force
17229.7036,172.6184,80.0863,15098.5029,20820.1695,133.4642,328.0013,3058.1448,10.8215,145.6088,222.7184,46.2359,22.7181,45.7452,22.0000,brute_force
67504.6641,100.3319,79.0331,39230.1289,13933.3724,330.2173,157.0276,845.1204,2.8710,237.1766,241.1324,35.6759,37.7519,37.0238,3306.0000,brute_force
38544.4781,238.2095,154.3101,12977.4545,17472.5683,64.1070,108.3071,880.7048,9.0963,129.9554,184.2631,77.4336,16.0857,62.6105,3306.0000,brute_force
55774.5474,172.6815,241.7370,17099.8907,22426.0114,86.5692,90.3199,505.9814,7.1330,403.9718,228.2532,61.7897,45.1772,20.5070,3306.0000,brute_force
49916.1293,163.3937,162.2526,21203.3586,17372.2028,170.5504,103.8670,937.4956,7.2603,416.8165,281.0679,31.2524,27.0713,29.7471,22.0000,dos
43396.6418,139.3297,119.8520,15208.9798,32345.3187,123.0578,340.4241,1007.4231,7.6700,233.2737,254.0043,50.7606,62.1426,30.2084,22.0000,brute_force
42950.3473,93.9191,263.7484,14498.2738,25539.5510,120.7231,147.1436,726.4195,6.3688,388.8770,272.7570,35.4669,26.3628,73.4802,22.0000,brute_force
40888.7899,100.6989,164.0070,14147.2389,37205.4662,125.8650,166.4301,1367.9914,8.2378,269.8781,188.4654,36.3352,41.9064,76.0952,22.0000,brute_force
78005.2659,162.5055,283.6845,19041.6673,18093.2822,74.5482,115.2842,673.9443,5.2152,241.0109,248.3918,69.2652,24.7143,55.3309,22.0000,brute_force
40739.4260,191.2829,242.2281,14288.2079,24712.7136,103.9287,84.2214,491.7534,7.5571,230.5102,309.3249,52.8707,48.7675,42.3444,3389.0000,brute_force
34004.3980,133.4391,89.7520,20676.2396,47102.6747,148.3641,360.5252,1296.2961,7.2966,242.4927,239.4307,83.3776,34.7211,62.3582,22.0000,brute_force
66175.3969,71.5109,298.7005,24542.4911,30781.6151,218.7593,147.8947,1090.2529,7.0343,259.8905,335.3731,21.5590,35.9135,43.7875,3306.0000,brute_force
33690.3167,154.9519,243.6113,15581.9717,21115.8379,37.7613,100.4406,1397.7846,11.8843,224.4492,235.8791,73.1293,65.7524,38.4408,3389.0000,port_scan
56780.6428,309.6298,148.3713,16184.5536,23606.6548,58.5044,142.3071,860.0642,7.5904,246.2039,224.8241,53.4357,24.6654,32.8105,22.0000,brute_force
52972.1029,214.1988,84.9918,22205.4255,21824.5626,144.5710,319.4300,738.8091,6.2074,161.2578,171.5089,49.5583,29.1556,17.6197,3306.0000,brute_force
72516.4927,142.8652,155.3747,10866.6608,39139.1804,37.4932,176.6333,573.5662,5.8836,266.9433,398.4479,42.2392,71.9023,35.2883,22.0000,brute_force
14475.4014,244.8633,209.3451,16893.7178,27780.4627,58.3194,127.9277,2297.9431,32.7991,384.1624,235.0448,47.8378,52.5992,45.1572,22.0000,brute_force
51430.8515,60.5528,90.1233,23261.5717,25833.6090,171.7441,249.7801,612.3863,3.4084,302.2261,228.0254,76.8480,31.7853,27.7759,22.0000,brute_force
59742.5332,178.6820,195.4975,12950.3725,16249.6839,83.3306,115.4469,691.8893,4.6507,205.0413,218.4920,63.1375,51.3870,34.2516,3389.0000,brute_force
49327.1882,132.5156,230.3778,30197.8490,25667.3270,110.4301,90.6284,1488.9604,11.1899,393.4863,112.0281,48.4323,49.3400,34.6122,22.0000,brute_force
38243.5571,229.3997,196.8938,27891.0866,7082.3591,59.2983,62.5488,847.2019,13.5613,320.0411,334.7378,47.8090,50.9210,45.6464,3389.0000,brute_force
74449.3641,149.0270,152.7545,21783.5429,5203.8328,113.6807,21.6971,373.2089,3.3195,326.0566,232.0965,35.2775,50.3304,45.5562,3306.0000,brute_force
84530.6851,209.7137,163.6218,8870.3211,15787.8359,66.9891,109.0369,378.6881,4.2052,151.7628,141.9339,57.4515,45.9577,28.6190,22.0000,brute_force
57878.5386,72.8116,248.3715,13705.8793,20253.3247,154.4974,78.2950,490.9014,8.1623,158.8712,258.2872,49.0059,42.8250,37.6939,22.0000,brute_force
41137.3863,100.9872,296.2453,19860.1178,35846.8727,195.2373,101.4423,1009.9499,9.4631,193.4044,244.4715,52.6855,56.8572,35.9855,22.0000,brute_force
41435.8224,183.3582,232.6569,22064.2841,23112.3983,79.1058,78.5852,828.5132,8.7467,385.0990,110.3875,59.1748,75.8313,47.4480,3389.0000,port_scan
46002.2484,129.5479,168.3278,19063.3243,9791.6711,158.0245,111.7396,839.0882,5.6148,123.3314,257.3393,52.4574,45.4330,21.6876,3389.0000,brute_force
43874.6873,265.1297,179.0251,14505.9428,23085.2394,66.4351,187.3488,739.1460,8.8819,374.4762,281.8589,58.5870,43.3805,25.6460,22.0000,brute_force
40920.3299,66.9181,152.0111,9790.7890,23375.5442,167.0742,143.9568,882.8941,5.7167,365.4642,328.3385,80.4554,42.1620,16.4003,22.0000,brute_force
42289.8467,127.3700,276.0257,23524.4548,19305.5905,113.7733,101.8305,475.4600,6.4424,296.6560,309.8575,79.0233,22.3081,31.9702,3306.0000,brute_force
72207.6847,248.6615,242.5210,20208.2688,25418.7422,83.5752,95.0184,597.6542,9.1747,323.6508,296.9613,63.1660,68.7612,31.3338,3389.0000,brute_force
40847.4092,310.1520,217.0493,19173.7669,26394.9077,87.2147,174.5154,1128.5895,11.1815,166.8620,204.3256,23.5369,40.6749,36.5998,22.0000,brute_force
49462.2032,352.7137,227.4222,8816.3800,17126.6332,22.9014,63.8475,655.0456,11.4718,307.0440,313.2828,50.9693,35.1254,39.2971,3306.0000,brute_force
46471.9500,308.2799,147.9471,16408.8738,23167.3793,75.6702,120.7456,1118.2837,10.5309,198.3748,284.3669,74.3621,19.8105,43.3033,3389.0000,brute_force
30669.4258,108.5258,119.8263,22618.5850,30563.8746,199.9674,318.0512,1764.0241,8.8772,220.3465,287.3611,37.4857,39.2103,63.8395,22.0000,brute_force
62075.7551,95.4900,57.7257,24671.5777,29262.7628,225.4615,592.8912,876.6691,1.9076,339.6793,270.3622,46.0486,45.3899,45.8659,3389.0000,brute_force
62420.6448,282.8968,141.6307,17915.7603,22378.4698,57.3695,185.2171,1055.7006,7.6855,231.0566,189.2333,36.2088,57.8870,26.6586,22.0000,brute_force
39052.4328,222.5124,228.8000,26134.9735,18711.3049,150.1959,85.2932,1423.1152,9.7168,239.6196,357.5796,49.9473,50.5640,35.0217,3306.0000,brute_force
62439.6496,145.8167,157.2966,9781.8937,13005.2118,45.7563,110.9997,368.7964,4.9625,191.3422,353.2934,60.0338,48.1355,24.3610,3389.0000,brute_force
41037.8632,186.8479,88.1701,23332.1776,31706.9270,75.9359,476.8376,961.6266,6.5022,196.9431,211.5032,33.8015,43.4087,46.3200,22.0000,brute_force
20330.1060,412.9694,213.9139,21159.5298,14352.4136,64.0418,163.2831,1834.4348,23.1725,268.5467,226.5505,32.7072,54.3346,40.8485,3306.0000,brute_force
59693.3433,183.9116,86.9173,12728.6831,21922.2354,73.7872,223.7506,426.9112,4.1762,227.6350,58.3826,50.3781,42.6258,30.2202,22.0000,brute_force
97690.1606,145.3527,280.2582,19052.3033,22895.6416,133.8123,129.2263,545.3399,4.4132,174.1186,281.9933,63.7886,44.4280,20.5259,3306.0000,brute_force
55485.5520,284.8888,141.9884,21043.8471,21024.5489,74.3476,200.0960,1307.5553,10.6080,294.1454,233.0531,47.5725,17.7336,50.5028,3306.0000,brute_force
44561.9616,188.6232,133.7519,39251.9752,20057.3539,195.1211,56.5710,1288.0035,9.1767,287.8022,262.9353,59.0893,36.4840,75.8976,3306.0000,brute_force
57955.7105,189.7635,177.5021,14792.9172,39358.0593,92.3794,143.9895,688.9170,6.0199,140.3080,173.9989,66.4682,32.2240,15.6853,22.0000,brute_force
32069.0540,139.2557,119.9491,11762.2532,32646.6347,95.1605,379.3328,1546.6936,11.1377,297.2937,344.0152,79.2181,25.8011,39.0263,22.0000,brute_force
52687.9673,224.1801,149.6760,13417.2290,26386.4195,54.8036,197.7326,1370.5142,8.4467,261.5313,187.7989,65.2496,41.9084,52.5616,22.0000,brute_force
50822.1298,109.2715,113.8072,14901.3621,13850.7278,53.7534,82.7250,609.6084,6.6098,396.5777,141.2294,85.0472,25.9404,46.5661,22.0000,brute_force
43300.3344,165.2878,103.5676,15390.4709,41808.8320,74.2922,334.7852,854.9842,4.7292,184.1727,100.6896,70.7272,44.3950,31.5211,22.0000,brute_force
54012.7427,106.0450,228.7195,9198.1431,37884.2565,143.7091,156.5439,570.3877,3.7797,200.9479,181.1762,66.5845,62.7093,32.1014,22.0000,brute_force
37707.1137,111.9832,132.5584,13283.9041,17548.3432,177.8293,133.3012,1042.7015,4.5720,197.4238,85.2256,53.3601,35.0300,26.2211,3306.0000,brute_force
46004.2780,208.8664,236.8238,30391.4646,17742.4596,114.9202,84.7229,799.1691,7.8322,249.4599,324.6599,56.7394,31.0336,17.4533,3389.0000,brute_force
44157.8886,195.8541,65.3893,17623.0696,22338.6549,77.3305,319.8829,814.0530,5.6101,306.9553,202.2531,39.3313,44.2461,24.9183,22.0000,brute_force
61408.9118,151.3041,124.0459,16781.5550,23926.9035,169.5259,113.0250,1016.5459,4.2855,166.2805,354.4615,64.5147,25.9352,69.9943,3389.0000,brute_force
42956.4936,188.6134,194.6040,10108.0417,22953.2439,92.7074,161.8525,1081.1922,7.0372,241.3896,187.6169,51.9935,66.5347,57.5249,3306.0000,brute_force
63095.4766,157.4394,178.6977,14601.6381,34290.0659,104.3434,204.8009,861.9611,6.4752,290.8490,296.3833,34.3321,37.9777,56.0111,22.0000,brute_force
35909.5996,178.1752,356.2949,13315.4031,17697.1788,88.8378,96.6160,1504.8373,12.8225,220.4579,132.4299,79.2971,27.0716,22.9341,22.0000,brute_force
52868.4183,126.8918,185.1655,13697.0440,34586.8165,55.0292,147.6262,1011.1301,3.8890,74.0934,158.4798,54.6059,68.8596,26.0437,22.0000,brute_force
48965.5251,298.7804,211.8064,12801.4569,27364.1814,66.3360,97.9081,643.0111,8.8370,242.2882,119.6767,33.5219,27.3451,22.7471,22.0000,brute_force
42170.5473,300.5049,234.7852,17851.4542,23993.5888,56.8557,81.9577,1320.8894,11.4655,279.4762,205.9713,67.6001,38.9652,24.2733,3389.0000,brute_force
50204.1648,167.0826,178.5104,26970.1213,25166.3368,84.3947,94.8346,822.5473,5.2526,245.8996,375.4886,40.7572,26.3615,41.1876,3389.0000,brute_force
12758.9090,173.0997,195.8451,18219.0164,13757.2425,79.4365,167.4375,2863.3039,25.8014,117.5477,122.7528,52.5482,26.5261,59.8571,22.0000,brute_force
46317.8291,190.9876,88.3718,4822.5353,21425.9440,15.9058,186.9062,470.9433,7.5382,304.9323,134.2673,94.4323,44.5543,27.0129,22.0000,brute_force
38739.9541,110.2113,175.2689,17771.6235,29856.3346,112.0715,167.3873,1189.7458,12.0712,212.7286,261.1657,24.5963,38.2369,37.2869,3306.0000,brute_force
32404.8160,127.8116,268.8103,9580.7157,21644.9506,71.9329,44.2939,943.6548,10.3005,235.3776,237.6870,63.1249,36.3142,28.0236,3389.0000,brute_force
25310.7252,223.0101,172.7240,11666.3419,34360.6032,68.8969,156.6535,2445.5050,17.3774,226.4194,73.7258,27.7165,19.3299,55.1672,22.0000,brute_force
63267.9459,295.7267,303.1583,12902.0821,24393.4758,47.3428,57.1495,435.7722,6.8387,340.1547,170.3485,63.2684,47.9933,57.0159,22.0000,brute_force
27899.0465,234.2893,125.7479,23622.8779,37646.7751,115.3319,156.8817,1404.3100,11.5293,144.2376,186.0224,34.7363,47.5173,35.5913,22.0000,brute_force
36503.6870,257.0969,112.1023,16317.8118,31948.8653,68.6041,253.9523,1323.4861,13.2914,85.4536,169.1524,75.5891,65.6014,56.5999,22.0000,brute_force
34774.5278,209.6909,159.0355,12620.2385,1796.8091,67.2034,8.2719,273.9958,9.6707,244.7238,279.8665,29.9371,37.0473,30.5160,3389.0000,brute_force
58646.3618,170.9170,198.8215,18684.8540,15637.2117,113.4939,96.2181,712.9714,6.7311,223.5862,351.3523,71.1187,41.1886,33.3211,22.0000,brute_force
35451.0753,85.0299,152.6956,7789.4877,19428.7525,49.8432,131.4010,460.2694,6.3045,266.2071,188.8584,50.1766,37.3082,25.5057,3306.0000,brute_force
56410.4398,80.1415,274.0276,22875.3858,27801.2653,269.4340,97.3868,1141.8765,7.4456,340.8512,255.4086,51.5880,38.9609,41.4520,22.0000,brute_force
25757.4511,142.4157,137.5228,5632.3429,5491.5509,19.3778,71.9504,265.2441,9.7432,198.5593,374.1658,36.1389,20.0203,39.7058,22.0000,brute_force
24127.3480,43.0472,97.0759,23015.4213,25613.8417,438.2139,163.7542,956.0883,4.5303,290.1016,179.5186,34.5967,48.3100,40.1352,22.0000,brute_force
53232.6274,187.0153,274.8123,17986.0116,22694.0689,94.0508,90.0335,780.7090,7.9930,378.0013,90.3285,51.9956,44.4971,20.6254,3389.0000,brute_force
60014.9771,351.4127,124.2713,15149.9048,26799.6238,57.9307,102.6945,851.4588,5.6366,212.4227,160.9969,44.0247,39.7840,24.5433,22.0000,brute_force
42338.9615,156.1483,166.0902,23943.9699,21788.4542,140.8745,148.1576,657.5977,6.7107,151.6367,139.7544,98.9442,20.3782,30.1443,22.0000,brute_force
56197.4359,165.7570,107.2134,7786.4823,13102.3380,51.1205,154.2076,348.6984,2.9467,215.2237,243.7308,67.3183,72.0198,57.1507,22.0000,brute_force
73308.7261,243.8685,173.4447,17328.2450,10629.1513,77.8199,49.0211,367.6451,5.5179,256.5617,192.7516,39.4257,53.7537,70.4138,22.0000,brute_force
34008.3383,291.6796,166.9742,41536.7568,27394.7643,74.2395,112.5710,1332.9948,9.2477,262.1706,189.9697,85.1871,63.6468,51.3652,22.0000,brute_force
47329.9306,145.9533,163.0115,30064.4997,16342.8280,94.6308,68.1343,872.5019,6.7059,303.0009,237.0442,45.5742,43.1717,74.6261,3306.0000,brute_force
35136.8161,233.2594,137.5457,16764.4078,30226.3546,102.1803,135.0050,1311.8067,7.7871,189.8791,260.9794,44.5906,34.0922,29.4459,3306.0000,brute_force
45032.6132,228.6439,236.8567,31502.6898,33251.3988,108.9070,95.1318,681.2234,6.8567,136.4003,40.9691,20.9715,16.9278,56.7572,3389.0000,brute_force
42546.4889,167.1211,182.1217,14866.2743,38080.8597,165.1481,203.7880,1259.3798,7.7428,263.2078,168.5854,84.9537,64.9820,19.8501,22.0000,brute_force
55229.3129,234.9737,136.8015,14995.7398,36529.6102,51.8481,136.5104,597.5945,7.7649,378.4167,273.7626,98.9758,40.3729,61.6519,3389.0000,brute_force
55683.9672,100.5664,261.5262,13512.6506,10018.2794,60.5853,38.9458,500.8279,9.3262,323.8364,252.7955,87.6444,41.7447,43.7090,22.0000,brute_force
49833.3793,322.9882,262.4428,18159.8739,28513.0192,42.2106,108.6851,760.4354,11.4409,207.2669,197.7700,30.4817,42.2608,28.2890,3306.0000,brute_force
79374.5043,127.4935,178.9445,14667.0989,15091.6923,39.2129,85.5437,409.2271,5.2230,259.6459,211.7679,74.7556,42.6227,28.6770,3389.0000,brute_force
48570.6755,175.3046,277.0214,12810.6536,3342.6065,61.4493,10.8364,369.1967,11.5841,301.2480,280.8083,57.6676,54.3251,30.2766,22.0000,brute_force
75820.8785,288.5031,249.9759,25519.7063,28507.5542,120.5243,75.8130,672.0825,5.2880,250.5232,314.3756,76.7685,40.4577,42.3604,22.0000,brute_force
64442.1436,230.9946,115.0133,13471.2514,25502.2338,88.5970,234.7339,1155.9706,7.2399,251.1974,136.6387,39.9549,49.8922,20.4660,3389.0000,brute_force
31595.3731,160.4873,175.9305,12914.6851,27614.7829,57.6990,202.1283,1139.9257,9.5920,219.5128,197.3807,34.4470,56.1967,13.9784,22.0000,brute_force
45412.9942,147.2491,205.5098,30351.2401,29538.6231,130.0187,99.0307,810.4507,9.0621,193.2053,215.6087,34.1232,44.3157,37.5228,22.0000,brute_force
71221.4937,82.2074,53.8756,17836.5148,25322.3289,278.2684,440.5319,757.0170,2.8589,185.4840,335.5644,59.5539,41.7277,22.2411,22.0000,brute_force
39101.4984,220.2707,271.6040,23429.1444,22456.4197,94.9986,90.2068,958.0867,8.3099,278.5558,244.8388,29.6916,61.5686,41.9748,22.0000,brute_force
36356.3377,179.5418,206.8484,25181.2966,14336.1630,189.0893,63.6310,1146.5186,11.1908,373.0666,281.4281,39.0478,41.5476,38.1290,22.0000,brute_force
40263.1226,64.6250,113.6514,9253.8755,31798.0452,246.3020,358.8069,1059.6710,3.7495,209.8213,270.4324,86.1527,55.7317,13.5597,22.0000,brute_force
70129.7109,131.7803,109.4571,18237.3139,27415.5067,179.1534,347.5466,592.2334,4.1641,292.5333,163.8055,58.3186,65.6694,36.8478,22.0000,brute_force
85220.1899,209.1014,202.4091,28792.0593,23782.7826,111.7740,171.9026,959.7164,3.2019,186.9022,229.0433,63.8330,59.7195,24.5614,3389.0000,brute_force
64330.5091,257.7361,190.7828,6377.1204,29695.1835,41.7275,102.2982,502.6973,3.8573,303.4958,167.2928,77.2360,42.5549,41.8380,3389.0000,brute_force
59853.3428,164.1509,147.0691,16329.0917,20439.2117,70.7446,111.0207,739.8401,7.8567,219.3292,265.5334,43.3658,32.2403,40.0781,3306.0000,dos
28748.9616,188.6322,256.0858,11097.0376,22205.6410,64.5539,80.8459,630.5993,4.0914,148.3785,285.8363,59.7463,51.7152,25.8516,22.0000,brute_force
74608.3043,64.7680,118.5569,13779.8947,24202.8178,161.7378,173.0301,688.2503,4.3326,198.1671,328.6443,23.1059,17.4709,34.7802,3389.0000,brute_force
32198.9372,122.0720,229.6565,10497.1631,21545.4695,91.6529,53.8041,805.9107,6.9147,279.7049,200.5469,36.8335,64.7893,33.3965,3389.0000,brute_force
43727.4393,99.2721,210.4571,8959.4481,23646.9821,50.7961,125.2884,792.0434,9.8265,267.2656,222.0454,30.4742,68.6764,55.2163,22.0000,brute_force
27963.2309,128.9253,182.3987,22538.4720,11057.2275,83.0791,50.3102,865.1844,11.0163,168.9427,159.2057,52.7764,28.3431,28.1554,22.0000,brute_force
61926.0197,160.6023,164.8904,17489.8171,24671.2716,136.7385,160.0997,875.2852,7.4507,202.7392,163.0153,40.3552,57.0879,52.7814,3306.0000,brute_force
60705.2799,222.6959,223.5246,17921.3771,28634.1846,79.2436,104.9005,786.8411,5.8513,275.5448,176.4661,67.8464,55.9351,26.0046,22.0000,dos
29983.7131,127.6555,213.5883,24261.2218,33787.4905,149.1360,198.8517,1352.1552,13.7473,252.1343,218.1198,56.8700,39.2051,44.4751,22.0000,brute_force
53759.8206,178.2398,177.3185,27430.8482,60383.8474,92.7082,205.9313,1422.1832,7.7057,178.4508,272.1727,29.3961,38.7594,52.9326,3306.0000,brute_force
47732.3894,236.7039,197.1572,21615.7177,16740.4525,102.3724,44.2276,892.7634,13.2830,192.9710,235.9500,72.2560,28.5012,29.6885,22.0000,brute_force
44674.4800,171.0042,176.3395,27871.9735,13699.9502,161.2947,81.2740,955.7681,6.3275,154.8693,162.4948,62.0831,64.4689,61.0051,3306.0000,brute_force
43859.1190,266.7895,235.8076,21172.3128,14668.4073,89.6546,50.3962,987.1506,14.1249,146.6227,312.2859,110.0873,42.5204,27.6928,22.0000,brute_force
37832.6044,71.1977,134.4398,24284.9711,32831.2519,257.5358,238.6536,962.5375,3.7551,203.5786,209.7340,44.6321,29.5564,49.0571,22.0000,brute_force
40044.8868,207.0395,79.5739,3485.1475,28255.9119,15.5527,280.3209,678.4979,6.2210,258.3031,98.9474,73.1622,45.3636,22.9517,22.0000,brute_force
73372.3205,152.3196,152.7114,18921.3956,13996.9330,119.2500,52.5985,730.5345,7.6518,343.1790,239.7870,42.7841,46.9332,26.5335,22.0000,brute_force
71963.0003,169.3460,154.7310,14757.1828,23378.2895,72.7203,109.0837,318.0385,3.9966,265.9954,163.6124,65.6608,28.4395,38.9405,22.0000,brute_force
69871.5566,238.5003,193.1235,9716.2945,24024.1076,57.3504,128.7937,631.6196,8.2120,209.8679,201.5884,40.1300,50.7369,35.0791,22.0000,brute_force
63049.3896,206.5338,276.8616,22718.8674,10844.9459,135.7620,49.2049,529.2584,10.3037,189.0985,160.6835,49.1162,24.5842,24.5604,22.0000,brute_force
13242.9010,155.2350,137.1938,28472.9809,18457.8195,73.7816,133.2484,2142.7240,23.7720,210.7178,120.3497,69.2177,26.0669,46.3441,3389.0000,brute_force
81758.4701,181.9289,114.4451,14356.7292,12201.9534,81.4027,93.6617,568.9703,3.0327,324.9586,208.7700,64.7130,20.0613,48.1476,3389.0000,brute_force
39331.6059,119.8866,191.9311,15206.8955,32479.0449,204.8855,278.4226,1262.2240,4.5228,340.4211,272.7563,30.8205,62.0848,30.3123,3389.0000,brute_force
37559.1551,215.8992,137.5599,27925.8782,21474.7961,126.4581,149.4329,1916.6920,8.4724,157.0447,266.4265,64.9055,17.8145,28.3941,3389.0000,brute_force
11783.7456,269.0946,215.3380,12644.3823,17401.7863,36.2209,65.0859,2581.1305,38.5086,304.8828,274.8824,55.5688,18.7062,35.2498,3389.0000,brute_force
46366.6230,254.1408,298.4968,9519.5908,30043.6239,19.9464,116.7928,1022.5528,11.0107,220.6984,247.5394,59.5746,27.1384,21.6060,3306.0000,brute_force
48274.6855,233.6246,100.6359,13137.1484,18315.0862,60.4020,197.9929,888.2518,5.3685,266.3954,307.5073,27.1576,20.6570,38.9976,3306.0000,brute_force
50668.2228,208.9157,210.2293,21954.4925,40849.0594,129.6710,166.6108,1401.9502,11.3084,383.4762,235.5394,43.8045,55.2330,55.3881,22.0000,brute_force
39432.3638,177.2861,170.2810,15827.9438,8706.8260,61.6303,40.1234,834.4895,12.7499,219.2925,280.7201,52.3849,59.8608,41.4031,22.0000,benign
23181.8615,195.4489,210.4792,10615.5586,14515.5515,65.6635,111.5916,1879.8387,16.9834,245.5024,131.7171,32.2934,38.7695,27.8007,22.0000,brute_force
38556.0056,137.1284,262.5582,7993.6635,14077.9342,69.8270,60.1171,1103.6614,17.2225,266.3832,294.3512,36.8763,35.1386,43.4812,3389.0000,brute_force
21195.6701,268.9423,224.6033,15410.5917,21588.6417,54.2289,98.0955,1644.5824,27.9001,211.4964,266.2509,63.6138,52.5057,46.4103,3306.0000,brute_force
28605.3259,179.6989,92.9916,15342.9454,23325.6704,44.7342,375.2285,2317.0682,9.5723,314.6113,233.1123,51.7418,27.9268,46.3037,22.0000,brute_force
58812.0133,96.5053,154.1222,7846.2930,19544.9651,94.8570,84.2707,522.2692,4.9891,240.4611,296.2482,92.1253,43.6033,38.2679,22.0000,brute_force
28351.5875,315.5219,186.5002,17412.0964,27965.1602,83.6916,108.1627,1320.6909,13.9753,218.6930,197.7389,63.8000,25.9836,25.1638,22.0000,brute_force
46822.8096,375.1882,203.8264,23567.4033,18843.7553,53.2706,126.4453,1138.8458,12.8083,145.9891,229.0324,43.1397,54.5461,65.2644,3389.0000,brute_force
28874.7888,153.5025,46.1616,17886.0843,18586.0734,107.6317,632.1126,1208.7721,8.4824,213.3997,219.1946,29.4752,23.1565,22.4002,22.0000,brute_force
19553.6593,125.2372,187.7417,19563.1702,2837.0015,122.7378,13.6565,897.1625,12.2076,296.8722,319.0917,35.9430,22.4383,23.9909,3389.0000,port_scan
64286.3864,193.5994,68.4558,10645.9748,8033.2638,60.1236,73.9144,317.8107,4.4143,211.6415,287.5490,48.8463,22.9815,49.5321,22.0000,brute_force
62868.5445,197.2001,206.5121,20565.4898,12720.2421,121.4975,68.4685,493.1681,6.4675,401.3793,318.3457,45.2916,44.0206,42.9873,22.0000,brute_force
77328.3403,144.1410,67.6046,27769.7869,22638.7960,183.3066,156.2496,602.4005,4.2203,303.6877,229.4160,44.2011,31.5264,34.9263,22.0000,brute_force
26793.9558,261.0993,236.5029,17590.2129,24515.2776,65.5633,81.0548,2358.9523,17.2738,182.4537,130.6872,95.1379,23.7040,23.2638,3306.0000,brute_force
65290.6905,264.8732,190.3254,12415.9709,24421.5143,33.0200,163.0044,445.1566,6.1806,322.0990,160.3714,36.4186,43.5290,34.5422,22.0000,brute_force
32076.8165,215.1826,275.5523,2985.2907,16069.3078,12.0191,83.2284,585.6832,17.4433,270.8917,207.2508,45.8544,22.8827,60.3599,3389.0000,brute_force
40931.0689,83.8715,57.4571,5012.0652,14362.5760,104.4663,209.7127,762.3528,6.3412,265.9737,273.5186,64.0623,48.0716,28.7250,3306.0000,brute_force
33547.6761,174.5537,132.3566,25679.0812,16914.1224,127.4965,142.9442,480.9990,6.0609,132.8470,312.4404,48.8385,33.3145,24.1212,3389.0000,brute_force
45098.8637,167.5447,241.1689,26105.6774,26572.7222,136.0086,98.0457,966.0947,9.0793,350.7054,272.0762,50.3144,25.0478,29.2295,3306.0000,brute_force
48261.8001,309.6678,174.9034,32629.2764,10919.3417,90.9637,50.0658,754.6117,10.2461,121.5066,300.7938,54.8475,25.8716,59.9862,3389.0000,brute_force
52116.6076,282.3774,252.3631,20625.4572,13732.0833,99.8220,51.2862,705.5617,10.3883,269.6771,190.1315,63.0301,23.2143,77.1580,3306.0000,brute_force
48677.6385,255.3053,247.8723,9504.3370,18159.6442,55.0360,58.4715,678.6368,8.2801,201.4023,350.5061,74.2180,48.8059,40.5124,3389.0000,brute_force
37632.5660,305.0548,127.7980,17539.9618,36333.6799,52.0051,292.9786,837.3371,9.3477,162.6780,205.5508,41.0602,53.6701,41.6981,3306.0000,brute_force
60257.4311,113.3647,167.3968,11181.6206,33551.8942,110.2140,231.4697,589.3622,5.5854,322.2108,388.1879,33.9183,64.7909,35.2686,22.0000,brute_force
52855.6816,44.5260,342.9163,12789.8332,4999.6854,311.5769,26.2540,510.1058,7.4921,162.0806,142.5283,71.6039,26.0438,53.0603,3389.0000,brute_force
67385.5370,154.1820,334.0570,18067.2720,19958.2628,88.6069,102.7834,589.0596,7.9866,211.9031,235.6624,63.6836,33.0087,41.6938,3389.0000,brute_force
21647.5799,161.0887,268.9921,16077.9869,30896.4607,83.2049,128.8083,1965.0798,16.0072,201.6716,167.5253,67.6587,55.3461,55.5238,3306.0000,brute_force
50868.7135,177.4318,257.1596,20532.5497,26154.9893,112.4887,93.7350,959.3515,9.6419,294.2847,148.3140,34.6784,47.4979,29.7032,22.0000,brute_force
53634.7914,114.4111,213.6476,34481.3406,15401.4253,199.1454,83.0441,564.5009,9.5180,138.0110,141.0923,83.2756,35.7848,37.6446,22.0000,brute_force
54813.5447,384.9291,132.9655,20412.3876,20763.2568,61.8784,181.7792,647.6539,6.4242,195.6279,299.1601,97.5616,30.0342,34.8916,3389.0000,brute_force
39737.2327,276.9902,198.0299,10000.0951,14502.5440,52.7010,90.2998,562.0267,9.0406,258.3847,135.0603,58.4821,51.0951,22.3611,3306.0000,brute_force
45107.6841,217.1713,167.7318,16806.2048,12727.1230,105.5977,86.4898,804.9108,9.6499,596.2416,270.2990,30.2913,48.9414,33.5230,3306.0000,brute_force
26000.4856,261.2900,187.4575,14093.6015,15602.7826,48.5453,100.7363,1081.3385,12.2044,273.4711,166.7690,58.2355,47.5543,31.7556,3389.0000,brute_force
46022.6584,192.1818,151.9352,19430.3990,20851.6822,123.3874,185.4686,789.6372,7.2817,254.0319,170.8227,34.7939,54.5348,56.3371,3389.0000,brute_force
29299.1848,215.2339,111.3389,19992.0754,21372.4508,80.3891,193.3986,1224.9442,12.9567,161.7339,225.2514,92.6857,39.7410,17.9628,22.0000,brute_force
42744.9972,224.4499,167.8094,14012.0262,12840.9198,78.7010,66.3990,780.9463,9.5286,323.6785,191.7138,55.8118,28.7778,31.0363,3389.0000,brute_force
54684.3145,247.1273,224.7444,20747.6385,25186.8535,39.9540,94.1181,688.5195,11.3751,137.0513,118.9777,53.4012,59.1448,67.0211,3389.0000,brute_force
20956.2507,166.9597,141.0531,12483.0576,38685.6165,119.5995,163.1237,2146.3783,21.1258,255.7146,251.2542,65.9319,64.3027,44.7165,22.0000,brute_force
32883.0025,190.5887,179.2744,12167.4437,18445.7390,53.3630,138.9829,1171.6119,9.7833,326.9172,261.3656,42.7220,63.4699,25.1780,3306.0000,brute_force
48758.2244,206.1332,145.1933,37682.7145,45990.2412,151.2654,174.6956,979.3907,5.0330,246.7129,204.5012,79.1626,19.3304,27.3435,22.0000,brute_force
54450.9768,275.6172,53.2691,12699.3782,21686.5804,29.5865,539.9684,591.5225,5.5748,262.7128,191.8243,79.1853,32.3050,21.8495,22.0000,brute_force
37370.9480,209.0555,111.0184,24613.9796,19221.5672,121.7787,165.6226,961.5934,8.0598,328.2063,180.3185,73.7430,38.4710,22.9899,3306.0000,brute_force
46382.2099,267.7053,262.5595,8408.7906,7116.6327,73.6858,44.4856,403.3729,4.4315,212.7514,214.0154,36.1767,20.0884,39.9607,22.0000,brute_force
60122.4946,115.9275,219.6004,17309.8329,27899.2855,165.5887,149.9028,979.4227,7.7856,229.7387,149.0959,43.6499,43.1839,54.6240,22.0000,brute_force
24581.2541,145.9758,191.9392,32881.2295,23360.4608,147.0700,75.3088,1259.2247,21.1592,146.9611,147.8483,70.2672,57.1209,80.3820,22.0000,brute_force
36328.1769,268.0249,151.9185,5788.9131,31518.7285,42.0553,94.9190,881.7846,7.6594,389.1309,315.3720,42.6990,42.1924,53.7370,3389.0000,brute_force
37292.5259,154.7963,196.7994,9154.2951,21762.3192,50.9624,108.3881,924.1643,10.9430,317.0064,214.4848,33.6059,32.4376,42.9528,3306.0000,brute_force
32031.2663,68.8876,194.9915,12294.9154,21235.8680,121.7276,147.7888,976.9647,8.5845,268.8522,289.1044,42.1975,26.0201,45.2987,3389.0000,brute_force
24561.6367,109.8920,126.6105,16620.5497,25236.9881,119.3415,190.3359,1340.2563,10.2324,262.5033,143.8913,52.6263,22.6466,17.9370,22.0000,brute_force
47703.4208,125.1791,263.4998,23758.5007,46670.4361,169.6852,174.7040,1602.5117,8.6609,167.7045,239.9498,82.3670,46.6235,29.6349,3389.0000,brute_force
23104.6148,137.6549,200.7939,12333.6090,18222.7911,65.6906,92.4253,657.0628,11.2640,134.6880,315.2009,50.7794,34.4985,43.0719,3306.0000,brute_force
67232.9246,247.6201,309.2015,14716.3949,16220.9324,56.4158,62.4001,557.6535,12.7483,301.9200,254.5782,38.8040,65.3765,24.8664,22.0000,brute_force
31192.6530,135.7623,199.4960,16218.9296,22969.0585,112.2351,157.5729,1152.0232,8.7991,185.2530,366.4414,33.3990,38.9961,37.5454,22.0000,brute_force
55367.1833,266.0490,113.9614,26107.5931,27998.3760,80.3213,181.5446,1120.7399,6.8986,133.2669,261.4096,70.8718,32.8973,50.6770,22.0000,brute_force
22311.8658,128.4500,278.8856,19809.9193,23778.7878,235.6546,106.0089,945.0675,15.3967,299.1637,287.3218,49.7381,37.7540,44.0054,3306.0000,brute_force
77825.6713,116.5286,137.9534,11267.5647,20493.5867,88.3735,193.2864,570.1386,3.9472,264.4173,131.6804,62.5581,29.8924,34.0532,22.0000,brute_force
94898.4280,300.0775,356.9899,25948.5190,28577.5158,62.9716,39.6868,703.1051,5.8725,373.4667,105.4125,69.1353,33.8416,44.6218,22.0000,brute_force
24240.9637,151.9727,280.4742,14499.1443,25276.9135,83.7361,69.1806,1504.8814,11.4232,316.4053,158.5199,71.0333,50.3575,35.9965,22.0000,brute_force
16789.6540,169.3807,187.6264,14952.5019,26303.3455,96.0937,108.4190,1211.5842,15.8052,262.8512,275.7790,55.9905,66.8097,33.2735,22.0000,brute_force
58764.2784,231.0773,207.5091,27472.8842,21183.8757,165.5654,138.7048,894.0998,8.3447,249.5252,203.5234,42.4360,60.9638,33.5766,22.0000,brute_force
68567.8921,86.9178,145.8972,13204.5863,35964.3209,165.4473,233.4810,1046.8933,4.7707,177.9111,121.6524,28.0817,36.6693,14.7498,3389.0000,brute_force
39449.8214,37.2707,176.1177,19192.8299,13203.3372,301.6736,89.5688,1207.5374,4.6824,280.1372,135.8483,78.6811,26.6895,43.2633,22.0000,brute_force
27185.8714,159.4042,170.3456,6758.2328,13981.0465,43.2169,81.1677,894.1076,14.1006,337.0125,323.5223,31.5590,37.0517,58.9312,3306.0000,brute_force
77446.5536,217.2946,201.7943,16716.8400,36935.4840,76.4006,196.2254,692.7066,5.5221,207.7277,355.2308,27.0357,39.9106,38.2210,3306.0000,brute_force
49094.2494,233.7218,154.5589,9192.8085,10476.1006,59.9134,61.2635,598.7431,6.2106,211.1832,204.4960,57.0726,50.6663,16.1204,3306.0000,brute_force
51873.2221,196.6244,238.3720,21764.9213,4379.9831,85.4777,33.4413,704.2143,8.0562,281.3661,152.2220,45.0803,66.4744,58.2655,3389.0000,brute_force
49398.2328,163.8195,166.8602,6100.3961,33039.7642,35.2447,201.2161,864.9179,9.8407,250.1290,224.2944,60.3455,28.5575,57.2306,3389.0000,brute_force
55057.2779,218.1318,113.3544,21708.4598,13103.1408,68.5434,121.7664,577.5899,5.7831,308.9507,137.8001,59.0447,23.2122,14.8231,22.0000,brute_force
43206.5751,76.7454,247.3590,40078.2351,22637.8067,282.9456,101.0395,1661.6142,12.6485,305.2876,217.4670,36.0515,23.3171,52.3961,3389.0000,brute_force
27676.7552,115.8166,257.6609,17312.4166,23666.0715,181.1090,71.8102,1367.1249,7.7882,208.5208,295.7945,41.2688,48.2460,24.0234,3389.0000,brute_force
65479.3213,358.4955,195.5988,19180.1698,13121.9485,87.5957,95.6266,584.1868,8.2403,264.1909,190.3386,58.9571,49.7651,22.0040,22.0000,brute_force
57516.0812,109.6960,116.9645,14455.9642,41870.6206,193.4050,232.8537,1082.6571,4.4739,268.1006,252.9025,78.1251,43.5157,54.8605,22.0000,brute_force
64159.6075,205.0600,169.9497,7873.1110,9406.6890,54.5738,56.8528,264.5976,3.8166,194.9310,186.9124,86.9344,35.4077,80.5079,22.0000,brute_force
55544.7974,152.2627,180.4128,21508.7887,28304.7603,174.7949,179.4057,575.6582,6.0398,265.8077,226.6761,85.6063,24.0227,32.0592,22.0000,brute_force
16370.1285,189.5585,197.1850,8731.3011,14675.4895,45.3536,65.8478,992.4592,20.5536,284.3424,234.5379,35.4228,34.9187,35.0070,22.0000,brute_force
83028.0776,185.4705,124.2784,21344.8985,17265.2381,73.1011,149.0415,707.6361,6.8455,264.4152,296.3101,56.5309,38.1806,47.9272,3389.0000,brute_force
38675.3487,209.5798,230.8972,10598.0317,17148.3013,81.6189,64.4080,919.2416,9.7700,305.1835,360.7893,44.3405,37.6951,24.3557,22.0000,brute_force
46868.7881,198.3661,227.2510,17710.9496,15080.1793,139.8210,193.3890,666.8957,5.7943,504.3793,182.8983,48.8525,33.3787,52.4525,22.0000,brute_force
22050.1490,161.4866,132.1461,18207.4356,16072.2446,120.5843,203.7493,2162.4230,14.6730,173.1474,270.1501,47.6899,65.9499,33.1469,22.0000,brute_force
47800.7422,169.9166,118.2160,29616.8802,13682.5395,179.3873,190.9627,937.2706,5.4672,227.5383,204.9735,40.6743,42.7279,43.2931,3389.0000,brute_force
59227.4386,191.8185,274.7723,13372.3172,30609.0954,72.6744,132.4436,1031.1667,5.9383,296.6132,263.6617,48.4853,45.7369,53.5431,3389.0000,brute_force
22006.2856,111.0121,223.7907,16067.4344,12972.7055,124.1772,96.7271,1070.1508,12.7150,302.7152,251.0131,74.4627,35.8977,26.0882,22.0000,brute_force
33052.6355,179.7967,216.5358,31976.7756,24190.9456,126.6186,57.4368,1140.2867,12.9016,183.8323,129.9955,70.0476,27.2667,57.8162,22.0000,brute_force
43031.9282,209.1539,112.2104,21961.7202,18870.2536,103.4369,155.0449,1281.8180,11.7444,210.0790,447.5862,45.8436,59.4342,74.7645,22.0000,brute_force
22624.0621,182.2015,347.9564,14023.9783,34048.7573,84.9925,107.4948,1875.9440,18.4128,339.3730,336.4759,58.5517,63.3787,17.8279,3306.0000,brute_force
67590.6333,202.8205,0.0000,24778.0538,13172.3231,109.4643,12842.8889,462.4089,2.5271,178.6096,107.2918,74.9053,49.0427,30.1672,3389.0000,brute_force
24689.9128,78.8152,135.7094,17053.9048,18944.2102,172.7406,180.0216,945.5316,7.1690,266.1456,331.1211,49.9275,19.0416,26.1647,3389.0000,brute_force
65577.3207,187.6087,84.9495,6789.3645,30048.3307,26.1706,148.9212,469.1869,3.8166,268.9896,156.0105,55.1314,33.4748,22.2956,22.0000,brute_force
45283.3446,142.3728,167.3783,12919.4944,33428.7332,125.9096,183.1122,1382.0530,10.0839,385.9362,170.4467,71.4127,31.7035,31.6095,3389.0000,brute_force
46289.2800,254.7406,368.8853,15771.6449,4879.3964,43.4916,24.0480,579.0977,14.3015,252.9639,152.5291,87.3028,28.0020,27.7679,3389.0000,brute_force
22346.2213,208.4019,197.8198,25852.6260,21692.2965,159.4800,108.4049,1677.8210,15.2147,319.9715,183.1963,57.2516,32.4219,47.1418,3306.0000,brute_force
36869.0345,336.8459,266.0319,16357.9733,13092.6862,53.5373,78.4143,1092.3234,14.1691,381.3904,212.5668,61.9359,41.3975,25.8592,3306.0000,brute_force
53400.5786,185.0788,290.5108,23896.8821,29604.8801,152.7573,105.1312,1188.7314,7.1952,224.4056,236.8572,105.3944,31.3226,38.3356,3389.0000,brute_force
48228.5263,258.0542,134.5804,34386.2214,37388.6323,94.5588,197.0291,1181.7485,9.5917,260.0508,411.4367,33.8896,23.8068,61.0458,3306.0000,brute_force
44048.1456,89.6739,314.0819,20040.5130,11137.7667,237.0928,33.9034,1183.3165,12.2660,239.8531,418.5136,80.3018,66.9026,31.5701,22.0000,brute_force
68343.3021,259.7573,269.3838,10219.3550,45069.8804,39.5206,180.1478,744.1898,3.5184,309.0375,409.5323,42.5392,44.1094,37.8745,3389.0000,brute_force
88212.1079,107.7782,140.5541,13366.1072,36364.0284,109.3044,246.4144,856.8137,2.6199,99.6361,195.1826,39.8795,39.1527,45.7303,3306.0000,brute_force
31832.9171,155.2120,176.9047,17910.3431,17945.2218,75.7841,152.1754,1059.4998,12.2134,177.8728,385.3447,70.1078,24.9760,19.1844,3306.0000,brute_force
56585.4809,156.2344,101.9103,3914.3466,49324.8915,20.3637,320.4041,601.9141,7.6381,320.8096,220.0777,70.3941,26.4336,61.7462,22.0000,brute_force
43534.0533,122.7297,249.3961,21137.2065,30550.6034,131.6659,174.0352,1014.7241,6.3476,250.3391,149.5155,51.8519,30.6201,54.2956,22.0000,brute_force
57660.8781,124.2349,181.6362,11051.5830,21646.9028,84.6455,136.5953,874.3365,5.9426,266.7299,159.7019,36.0282,64.5055,15.5027,3389.0000,brute_force
56325.8129,155.5710,116.6709,0.0000,19316.2378,0.0000,136.1615,483.1326,5.1179,277.3918,336.6013,79.8153,22.8567,17.7676,22.0000,brute_force
29471.8650,190.2058,302.3878,18643.5983,18232.7481,84.4940,48.7734,883.8036,11.5706,324.3258,101.2631,49.8071,59.0025,46.5920,3306.0000,brute_force
31769.5907,138.9463,135.3845,5428.1361,18161.2981,37.7591,149.8097,868.7555,8.3103,215.0725,263.9402,27.7596,51.8164,27.1496,22.0000,brute_force
17935.4534,124.0374,104.8093,23089.2865,27969.3733,239.2493,219.4762,2004.9212,10.7801,270.8549,288.6957,81.9346,27.0321,31.1159,3306.0000,brute_force
57721.7321,198.6176,87.1626,28965.2044,34689.7244,117.1830,298.9446,1170.7470,4.6410,172.7026,304.5089,35.8705,44.2028,38.8439,22.0000,brute_force
63587.7784,102.1941,48.9725,14495.2042,151.9253,181.0677,2.3659,379.4066,3.3991,92.1484,144.9542,27.9444,46.8644,30.5734,3389.0000,brute_force
41946.5405,320.3196,83.2784,10806.2084,30400.0072,41.7865,369.2278,1690.0222,11.3474,256.8661,176.7613,54.7315,28.7699,30.3378,3389.0000,brute_force
43480.3395,145.8343,230.2721,10712.1150,4613.1276,90.5331,18.0502,383.4440,9.7201,354.9965,250.5160,27.5298,12.8941,64.1627,3306.0000,brute_force
46645.3653,211.1027,278.3735,19321.9983,9283.9168,95.8055,30.7027,661.8662,8.9546,135.9063,232.3162,73.9963,21.5154,33.8448,22.0000,brute_force
20905.3859,145.9735,233.7152,8993.2529,22131.7966,65.6895,93.0755,902.7800,14.5979,207.1673,203.2778,88.4707,40.0538,20.0574,22.0000,brute_force
56688.5058,180.5246,260.7922,17160.0367,23011.6237,88.3439,116.5640,846.2317,5.5953,164.0565,215.9996,60.5517,35.2534,64.9420,3389.0000,dos
43267.3576,192.0261,59.0380,16691.8708,17738.1077,97.9332,391.3926,795.1454,5.0895,227.7833,162.5742,53.3997,49.0481,45.8568,22.0000,brute_force
42522.7698,201.4320,78.7964,26673.1575,16331.9104,110.3650,251.9525,973.6611,6.4717,317.7334,341.8758,46.2842,34.4731,23.7810,22.0000,brute_force
57569.0016,125.4181,215.5163,18645.4457,11531.7871,148.4958,68.8082,644.3135,6.3920,236.2701,275.4465,41.9297,51.1405,37.0105,3389.0000,brute_force
39763.9203,325.9417,133.3405,13243.0249,29255.0762,43.5887,209.1829,1005.4004,8.6087,361.8392,65.1119,54.6138,50.4582,33.8634,3389.0000,brute_force
52212.3761,143.5299,282.2163,12349.4589,31426.0909,102.4075,140.8460,1146.4048,5.3087,210.0451,332.9477,35.3710,39.6742,24.1955,3389.0000,brute_force
55638.5696,221.2668,182.6328,23519.0203,12863.1838,116.0363,65.7201,883.9514,11.9431,177.3831,145.0689,70.5599,22.0635,51.0856,3306.0000,brute_force
28458.0875,78.5983,221.5525,24872.9043,24586.8201,338.9701,169.0815,1710.7341,8.6348,263.4806,155.0722,62.1096,32.0586,23.3338,22.0000,brute_force
39134.6150,100.8614,53.4440,24623.3623,32052.4857,95.8434,492.2998,1837.9556,4.9461,386.5548,151.4404,46.9077,59.2302,34.9170,22.0000,brute_force
31661.1206,151.3639,281.3831,26341.1681,10081.9553,192.5116,50.8450,1772.0069,11.1805,329.0442,240.1974,54.1590,21.5216,38.6893,3389.0000,brute_force
39044.7393,260.8761,150.5634,20867.7193,21239.7161,73.3724,126.9150,723.1400,7.3872,248.5926,340.9357,86.1332,57.3773,36.1707,3389.0000,brute_force
63944.0756,268.5409,328.1082,18633.9803,12119.9050,59.6726,121.3748,779.6107,8.0806,230.0596,246.5282,32.2635,61.3734,30.7075,3389.0000,brute_force
32045.1035,138.9731,140.0586,21005.0737,20934.2274,190.4660,138.6213,920.5509,8.2602,256.6239,159.2905,32.5870,33.0064,24.4520,3306.0000,brute_force
52640.9995,124.9446,111.0400,16645.2218,30569.5013,106.2903,184.3767,988.6326,8.0697,155.6801,229.5285,78.5567,57.5574,29.5214,3389.0000,brute_force
57768.1597,100.0594,270.2187,14286.8465,17222.9060,86.8018,53.2179,637.8870,6.2136,274.3224,137.7283,63.3902,24.7406,30.4900,3306.0000,brute_force
42018.9910,91.0440,278.2161,22532.4913,19599.3154,169.7514,90.5673,868.4221,6.9202,90.3990,183.2989,87.7255,49.1051,51.4840,3389.0000,brute_force
45316.6452,209.8678,241.8635,30002.0496,36153.0620,122.8622,89.4985,1400.0106,12.0699,160.6098,212.2868,36.5893,41.6567,47.1569,22.0000,brute_force
58153.3522,257.5847,333.7133,17133.5221,26230.7012,99.8702,87.0226,814.8028,8.5208,122.7727,196.3480,40.6628,20.7991,52.4870,3389.0000,brute_force
62610.6477,151.4222,109.1899,22795.1760,33274.8991,98.6351,326.3329,671.8091,3.8729,210.5856,315.1672,53.0468,21.6198,38.5529,22.0000,brute_force
41161.7647,126.6796,303.9312,15207.7475,22748.5181,153.8663,54.5286,1433.2274,13.8651,244.0963,250.9367,37.7202,53.4157,22.9175,3389.0000,brute_force
51434.0067,82.9136,167.4037,17778.3331,7918.5241,188.6906,25.8762,414.0285,4.4133,251.8416,145.8156,65.4371,33.0871,35.5935,22.0000,brute_force
22953.7950,121.8092,268.3364,20893.8552,31791.6324,121.4332,101.1760,1091.9531,9.4681,485.7063,148.2170,70.2671,39.8777,51.7054,22.0000,brute_force
43608.7400,174.0307,141.3807,22417.1139,5944.6081,111.5012,35.5013,642.2683,10.3887,255.8336,288.1079,53.9441,31.0676,34.0316,22.0000,brute_force
54044.0617,338.0723,114.6898,15351.5572,26017.5774,39.0083,172.1782,507.0840,7.2686,306.2381,256.1069,54.2998,33.8286,35.6863,3306.0000,brute_force
18379.6774,278.3108,360.3201,17114.1922,3604.0896,40.7526,14.7309,667.9353,18.4625,195.0228,126.0983,26.8863,23.7584,31.1054,3389.0000,brute_force
38981.8103,199.2943,204.5200,14396.7996,3233.2690,110.4519,18.4052,530.6660,7.7842,260.4897,203.5978,45.0922,50.6421,23.6228,3389.0000,brute_force
54820.1979,208.3919,197.7082,23544.6795,21249.6445,61.5644,125.6563,550.9154,7.4799,289.7234,284.9705,50.9397,39.1020,39.6505,3389.0000,brute_force
52103.7324,67.9244,159.4508,15682.1430,15579.9645,170.6787,143.1570,783.0417,5.1686,299.6749,280.7357,30.5426,47.3050,42.5211,22.0000,brute_force
43430.2220,133.9148,106.7691,30611.5365,34729.5277,165.7220,308.1057,1733.3459,7.9265,368.9520,277.1731,52.4762,46.8647,43.7129,22.0000,brute_force
53193.1985,223.8072,263.2981,13801.5504,11753.1348,34.8509,50.7846,503.6276,8.1651,275.0455,309.9865,90.7999,23.0135,27.9568,22.0000,brute_force
47856.7860,186.4142,140.5856,22099.0324,13670.4326,124.9409,138.1278,907.0148,7.3299,147.6751,293.9083,45.3294,45.7471,48.3000,3389.0000,brute_force
17664.6183,298.8044,349.6499,21895.7863,23254.2562,80.7002,102.3224,2699.5068,28.7176,267.2918,235.8425,36.8722,32.1078,18.5160,22.0000,brute_force
25919.8000,212.4037,138.3525,20886.8864,39487.3757,55.3383,129.9741,1720.4232,18.1508,311.5544,97.4885,42.3757,26.8416,57.0585,3306.0000,brute_force
86664.5609,174.3414,117.6948,11437.1925,43355.9022,74.6916,328.4596,518.5442,5.3546,124.9554,149.6376,42.7660,26.6379,47.7180,3389.0000,brute_force
27253.0244,198.0884,152.7027,20219.7512,15413.3502,68.5203,88.2665,1035.2863,13.5226,255.8811,235.1056,113.3589,24.2896,17.6241,22.0000,brute_force
20162.8344,144.7602,95.7579,12221.4354,14683.9724,79.5465,172.6096,864.1529,10.1944,284.4964,306.3362,61.9739,39.7669,38.5001,22.0000,brute_force
22294.9050,238.8986,164.2177,29613.1452,16564.4655,128.2213,123.3392,1461.4895,15.3370,142.7951,170.8772,40.5570,77.3542,18.8297,3306.0000,brute_force
31457.7877,137.9531,119.5756,11183.8602,26080.5763,108.6355,158.7152,877.2882,7.6696,262.0236,212.1234,53.8725,60.9497,41.7753,22.0000,brute_force
17562.7436,167.5977,131.4523,22282.0619,31498.2225,130.3541,140.1469,2451.7836,16.2515,296.9563,322.7591,54.1877,24.0393,41.1057,22.0000,brute_force
77521.4314,182.7004,233.3020,10784.9179,20078.3312,85.0399,67.7213,784.6808,4.8256,340.8953,194.6515,87.8417,43.1453,77.2989,22.0000,brute_force
31837.1886,114.5217,143.0187,17536.9425,19318.3094,126.2000,102.5821,1000.7669,9.0885,329.9173,274.1699,43.1942,28.8373,21.2982,22.0000,brute_force
79179.0791,230.7854,64.5034,14379.1350,25763.1650,82.6406,189.0848,455.2529,3.0417,288.5926,326.5823,67.1785,57.3129,26.9134,3389.0000,brute_force
44811.5273,318.0812,181.6177,31338.8649,12424.3556,107.6374,50.6227,611.9988,11.3482,228.2860,219.1237,70.6816,18.9186,52.6480,3389.0000,brute_force
74116.7918,149.5445,155.9430,24181.8951,5218.5023,131.3820,33.9180,450.8877,5.6067,168.3649,316.6479,65.4968,15.0890,29.0632,22.0000,brute_force
34521.9864,265.3508,192.9634,6067.0379,17345.0303,27.3591,156.0388,768.7565,9.5825,210.0836,278.5787,61.6472,34.7256,33.7590,3306.0000,brute_force
28685.8657,225.4570,176.3984,28535.3507,28116.6664,114.7814,166.5068,1439.9632,11.7557,280.6230,193.7840,37.2516,32.6830,45.3875,3306.0000,brute_force
74123.5454,243.0615,185.3414,7719.2155,13112.1879,31.0756,59.1488,287.9710,9.5354,209.4838,346.7137,45.2855,29.1261,54.1464,22.0000,brute_force
52043.9989,223.6632,117.9630,8607.2569,20885.5565,47.1154,174.0148,600.0205,7.3362,147.8115,204.7174,58.3413,17.7249,27.1539,22.0000,brute_force
58059.8250,90.2092,192.4207,11186.7136,27192.7617,150.3631,118.8706,652.6940,4.9278,326.8560,206.8634,40.6401,26.6799,77.4951,22.0000,brute_force
36092.0463,152.5136,233.3602,21617.6992,10141.1524,113.0174,35.3212,620.3254,7.5805,153.7118,150.4474,66.0812,46.1531,39.5231,3389.0000,brute_force
19644.6077,240.2959,206.8434,27649.9441,22100.5501,131.2649,156.1522,2408.3874,17.9822,320.8294,127.6812,100.1471,46.4841,67.8709,3389.0000,brute_force
38575.7140,208.8450,260.8244,35055.7499,23821.3048,142.3267,114.5295,1670.3143,10.0504,284.6461,175.2967,32.8162,35.5923,37.7994,22.0000,brute_force
59131.2368,182.3756,70.9816,14337.5710,21614.1591,113.2730,224.9567,509.1819,3.2310,325.3191,205.9120,67.3421,19.1789,40.0149,22.0000,brute_force
56824.6870,264.1045,195.1805,13520.8686,39645.0144,112.2547,145.4363,972.8776,6.4048,220.5149,168.3582,38.9442,29.0508,47.4515,3389.0000,brute_force
33188.5087,187.8804,201.8068,14047.7871,14087.6016,67.5946,94.5056,427.2754,6.4812,189.0089,134.2915,33.0863,63.4924,45.1525,22.0000,brute_force
85835.4876,127.3883,131.9996,19828.6907,14995.7867,148.6323,121.7961,478.4092,3.4556,215.4692,259.7467,42.1810,31.2900,38.6578,3306.0000,port_scan
60777.3422,137.1772,147.8127,8993.5950,20039.8612,89.6289,136.4550,586.6019,5.5797,186.3334,136.4720,24.5044,33.3933,17.8753,22.0000,brute_force
41810.6592,209.2504,94.2480,18810.5049,17829.6907,104.5491,270.7084,882.2091,9.3801,318.8941,257.6878,60.1657,26.8584,38.8390,22.0000,brute_force
41314.7399,152.6258,201.7156,15649.4859,19708.2030,120.3499,127.6860,1278.6658,10.3801,349.1813,227.9874,42.6730,16.0515,33.6195,22.0000,brute_force
44745.7729,129.4820,238.5265,12848.3918,29197.1697,75.9056,102.0444,711.6442,10.5525,347.4729,226.2127,39.5365,47.3884,38.9644,3306.0000,brute_force
39331.7332,267.8673,272.9851,23186.4278,29536.8475,86.2691,107.0417,963.6941,12.9695,343.9540,215.1785,50.5137,52.2918,22.1326,3389.0000,brute_force
37618.8537,120.0303,190.0682,39323.0595,42304.3399,229.9816,168.8108,1391.7467,3.5671,166.5818,92.9766,29.0508,40.5689,50.3710,3389.0000,brute_force
30265.7566,236.4597,199.9640,24668.9727,31279.1134,143.6425,98.5043,2151.2144,19.4952,384.2570,187.5501,33.1958,21.1887,34.0486,3306.0000,brute_force
59567.0104,255.1075,296.5540,11996.4971,14462.3922,38.9145,49.6453,299.7151,7.8945,225.1511,246.4414,40.6142,64.5399,45.7584,22.0000,brute_force
53399.1562,115.2571,119.6935,19716.8824,31239.5218,105.7323,293.2526,1164.6693,5.0617,176.1552,221.3084,51.7105,45.7805,48.9379,22.0000,brute_force
74403.4106,278.7423,289.0983,17519.5548,25595.6861,60.7720,84.4607,620.7084,7.4122,281.5854,171.5638,48.7480,56.0060,18.4016,22.0000,brute_force
52811.9008,76.3358,265.8205,25333.3513,36223.0979,205.8080,117.1304,836.3162,4.8918,247.2662,261.1713,51.1950,38.3305,17.1534,3306.0000,brute_force
24455.3638,236.1538,257.1441,13647.5070,22951.4751,79.6671,80.7959,1075.7477,14.6917,204.2897,232.7147,74.0662,44.2600,47.8342,3306.0000,brute_force
16123.8909,114.2424,71.6516,15877.2206,25996.6925,151.2493,220.4567,2265.7233,11.7177,255.8301,246.1190,78.2917,34.4821,28.2785,3389.0000,brute_force
44278.2081,269.7551,213.9817,28138.9801,29111.9021,121.5875,86.8414,699.7233,7.6734,59.4752,231.5422,50.1590,30.5565,39.3297,22.0000,brute_force
63753.1246,274.0567,263.6119,17422.9616,36479.7215,74.3864,175.8679,955.8681,6.7335,213.8555,155.2498,42.2341,42.7231,51.7766,3389.0000,brute_force
24231.7186,162.2955,126.0610,31749.1411,15509.6624,120.0235,151.2704,877.7942,9.2349,327.3075,137.2494,50.0565,30.7075,40.9186,3389.0000,brute_force
75886.9110,111.1210,240.4763,17193.5346,11574.2572,168.3502,51.7969,432.4442,4.4401,258.2744,147.3663,65.7390,65.7840,30.6615,3389.0000,brute_force
25809.9806,312.3227,250.7639,9770.7753,35650.1274,26.9865,119.2927,998.8345,11.4564,260.8890,219.6974,27.4358,17.4696,69.9379,3306.0000,brute_force
46122.7939,175.6211,249.7639,15985.9994,10051.7700,88.7919,65.2669,626.8774,5.1840,201.6485,313.3365,64.4805,56.8670,52.1365,3389.0000,brute_force
55637.4247,181.8974,235.5639,18411.2051,29442.5944,82.3610,150.8915,1182.3397,6.9735,184.2654,212.1477,57.4493,46.9349,67.5342,22.0000,brute_force
31681.6747,334.1225,167.5168,24039.0677,21653.3653,57.3634,113.2900,1885.4490,19.5517,375.5502,356.3022,26.8862,45.7404,26.7824,3306.0000,brute_force
55300.2493,21.8322,121.8355,26879.9533,18842.7401,823.2712,182.1347,741.9465,2.6034,332.8904,83.7489,42.6610,24.4276,48.0515,22.0000,dos
29676.5571,187.9639,97.3859,14272.8373,20460.8219,110.4939,140.5930,915.2523,8.2308,181.8042,131.1031,84.6198,29.2932,45.3252,3389.0000,brute_force
63516.2613,135.2646,183.0871,16247.0739,17085.9895,159.5270,89.4178,763.7882,7.4312,138.6238,188.5332,77.4200,46.7220,57.8601,22.0000,brute_force
17647.7346,193.7784,236.1051,17580.0492,29466.6912,146.7537,134.9934,3646.0699,23.4465,272.1925,143.0698,43.1528,46.2995,36.5804,3389.0000,brute_force
23091.2259,118.6433,197.6360,13377.3438,26839.2988,144.1495,141.3283,2271.9772,11.1045,279.8385,203.4762,68.7574,16.2216,43.7470,22.0000,brute_force
47416.8560,248.3926,190.5604,24595.2267,12535.4492,80.5691,78.7672,837.0765,9.4503,307.6325,335.1083,86.0247,56.3231,40.8334,22.0000,brute_force
65871.1347,213.9325,121.2016,13112.0828,26380.1758,95.7960,224.8306,949.5273,5.7655,401.4647,253.1457,53.6027,28.9352,57.2870,22.0000,brute_force
49875.3118,86.0815,184.2056,11662.0937,14463.7832,174.9290,65.4419,410.5519,3.4543,107.2245,81.4578,46.7295,20.8640,31.4057,22.0000,brute_force
43966.5832,178.2194,395.6131,15148.9267,21814.5389,70.8157,93.9238,1244.0578,13.9301,281.4511,287.1167,49.8664,45.7900,30.4332,22.0000,brute_force
46185.7566,189.7233,192.7284,22533.1363,34451.0800,96.8866,111.0584,1235.3290,10.8777,263.0629,164.1531,27.7005,26.5273,33.1256,22.0000,brute_force
46120.4720,216.7070,271.9462,19963.1552,22316.5416,88.6797,94.8736,1088.7248,5.6027,227.9206,212.9998,31.5980,25.7507,27.9027,3306.0000,brute_force
70453.8375,280.1862,89.2715,9834.7625,27035.4057,55.9342,254.8896,629.7221,6.8874,457.1631,120.7882,29.1344,50.8358,24.9980,3389.0000,brute_force
40597.5898,127.1439,104.4850,16772.6975,18517.6812,86.2442,103.6696,810.7019,7.3644,381.0042,255.0225,22.4508,62.5728,27.4140,3306.0000,brute_force
39525.8090,205.6254,192.2119,19487.2302,0.0000,101.1825,0.0000,336.7626,6.8465,304.8447,193.6351,67.4065,64.5337,48.5266,3389.0000,brute_force
60155.6920,131.6756,127.2524,22032.3976,16483.1871,150.0629,85.2039,643.5310,7.2873,208.2556,233.7526,26.9249,36.2441,36.0082,22.0000,brute_force
55803.6888,143.1372,126.3164,22029.4079,20111.4217,104.8918,143.3422,605.5231,4.5583,186.2612,221.6516,53.2908,44.3614,53.9266,22.0000,brute_force
64212.8758,141.4851,239.3125,21001.9752,8618.6489,104.3696,50.4216,571.5519,5.4593,281.0869,264.7365,74.1746,31.2454,38.3748,3389.0000,dos
7097.7171,126.8995,146.5234,20709.1918,12632.5938,195.5818,94.7942,4142.9005,40.7537,162.4485,179.8652,66.0887,28.7256,36.3171,22.0000,brute_force
37855.4740,219.5018,284.0541,14590.8131,41987.1477,64.2986,137.9098,1553.5722,13.1448,254.1523,148.4007,58.8742,53.9136,44.4386,3389.0000,brute_force
23415.8311,269.4588,142.8605,27642.0666,19422.8800,66.8531,104.3583,1969.3614,16.2779,106.5297,255.8594,47.1571,49.0954,47.2700,3389.0000,brute_force
67511.7229,83.9228,200.0513,29633.4684,18851.3311,189.7893,95.7514,893.9687,6.3602,144.9362,251.3415,81.4021,51.9473,33.3002,22.0000,brute_force
44353.7304,213.3965,100.4348,23521.8113,17713.9729,118.9917,155.3278,884.5911,5.4350,213.0455,325.9764,51.6536,30.1880,35.2826,3306.0000,brute_force
17066.4857,236.5841,52.7332,10750.5858,29475.3641,62.9341,380.7668,1828.5647,6.3734,210.8075,319.7726,47.6654,35.5359,54.2407,22.0000,brute_force
50473.9926,206.8167,359.8506,13845.1828,16072.3526,76.3047,38.2292,518.3735,8.7263,142.5680,283.5092,54.9511,62.6351,77.8429,22.0000,brute_force
40242.1522,245.1180,104.0446,20179.1864,30535.2151,62.4822,256.9531,1663.9632,9.3269,119.4613,246.5620,42.0939,37.7825,33.6646,22.0000,brute_force
27998.5855,186.1730,109.1907,40885.7402,24084.5024,184.7969,269.4255,2431.4233,14.3407,215.4149,226.6913,44.9527,43.8330,29.6919,3389.0000,brute_force
22158.4947,206.6422,282.6170,27115.6719,31759.6349,122.4166,73.0895,2250.6816,23.4671,271.5151,185.3240,68.7813,22.9101,46.8838,3389.0000,brute_force
57459.5121,197.9940,57.0384,15145.3465,14640.2117,86.4187,181.6121,508.1257,5.1312,137.4421,126.0929,52.9089,23.5292,34.2730,3306.0000,brute_force
50624.4467,256.2693,167.5649,19300.1802,29705.0973,47.4667,141.1573,778.2816,8.2554,264.3789,287.7640,73.6888,48.6760,53.2713,22.0000,brute_force
38919.3938,245.8110,161.6506,13756.7302,12076.4496,46.3678,54.1562,780.7769,11.3770,289.4637,229.0632,37.5621,47.0859,33.7660,3389.0000,brute_force
57011.6764,147.7606,116.9540,31304.5192,34656.0631,120.4868,297.0874,1079.9479,4.9330,252.7516,350.1625,41.2606,50.4041,18.2681,3389.0000,c2_beacon
29164.4683,275.5261,233.9717,11907.5495,11737.4221,74.8322,48.1205,892.0909,11.3150,211.7010,292.8875,32.0961,26.4338,29.8989,3389.0000,brute_force
33539.8128,130.2934,134.4592,15201.8194,19646.4407,128.9603,114.8447,739.4633,4.5827,270.2552,248.8719,23.2142,19.9438,33.5812,3306.0000,brute_force
56331.1318,120.4726,307.4606,21075.1439,19380.9447,181.5859,108.7842,723.8911,8.5400,183.6577,200.4050,51.6709,46.0636,24.5042,22.0000,brute_force
52331.2179,207.3407,50.6956,25330.4005,15666.4118,133.7727,529.4098,1126.7821,4.2758,217.1821,160.1745,33.9504,41.3359,25.9605,22.0000,brute_force
26065.0181,119.2399,215.9301,13918.2411,11385.7495,91.6883,75.8061,998.3106,16.3137,378.1264,260.3348,47.4207,28.7491,34.6657,22.0000,brute_force
35788.8599,176.9040,193.6268,22040.3017,26827.8545,152.1387,152.7408,1833.0815,6.9967,219.0140,235.6373,53.1013,40.8661,79.4934,22.0000,brute_force
76885.9787,94.3107,150.2054,9076.2182,18040.2757,95.5471,81.0668,392.0020,3.1522,363.7732,126.7799,67.6929,31.3810,44.0497,3389.0000,brute_force
52340.4748,121.9927,126.0674,5812.9291,27823.0461,38.8676,167.5511,579.7823,4.4781,225.8778,268.1617,55.9506,40.7317,49.0847,22.0000,brute_force
38749.1358,161.4016,47.1654,24930.9114,15302.7015,152.2062,307.4592,1322.3389,5.3611,240.4090,232.5338,66.7468,36.7442,40.4053,3306.0000,brute_force
63774.4506,127.1490,196.3259,19402.0776,31160.0485,206.6080,182.8045,1389.8478,9.8609,238.9909,267.9801,34.6364,72.4611,51.0158,3306.0000,brute_force
51863.3133,154.2764,82.0494,20612.0974,26176.4365,164.2598,212.9126,1048.0781,4.5100,244.8271,311.2431,82.0896,35.5714,63.1370,3389.0000,brute_force
40595.6450,199.1099,126.8477,11407.3268,33086.4535,71.5844,168.9733,796.6130,10.7911,291.1461,163.6849,52.4501,58.2559,32.1904,3389.0000,brute_force
50853.1480,183.4923,149.2220,26691.2698,12724.3060,142.5735,86.0687,805.0640,8.4910,349.6999,218.8552,67.0710,68.4647,14.8656,22.0000,dos
21346.0950,134.4785,200.1202,20584.1366,24290.3750,116.6579,96.7676,1261.4719,19.5710,230.0987,195.6996,56.2006,58.0422,22.1762,3389.0000,brute_force
68156.5237,181.1510,225.8100,15123.6806,21173.9108,64.1224,104.8281,653.4223,9.0160,188.5584,102.0665,34.1055,36.4974,61.9609,22.0000,brute_force
19856.6485,189.9216,166.1743,14175.7154,21947.6682,66.4516,193.0947,1697.6630,17.5159,216.8541,197.1296,48.1719,73.1174,28.6829,22.0000,brute_force
52261.8430,252.5634,190.9327,13287.5613,29176.8052,80.7802,105.6891,569.5019,8.0952,385.4815,230.3542,47.5248,76.3776,24.6477,3306.0000,brute_force
57317.7873,170.5335,285.9495,24079.4595,22176.3754,225.9634,69.3963,1185.8890,7.6849,348.2718,157.7291,30.1939,31.3823,50.0977,3389.0000,brute_force
33869.5816,227.3777,230.8112,12784.7999,11614.0226,63.1826,70.8884,924.0967,14.2231,307.0995,210.6950,91.3206,45.2378,24.0146,22.0000,brute_force
43382.3350,188.8996,94.1081,4757.6190,22845.9530,33.0764,255.2183,680.2740,7.3498,140.9071,182.7698,60.1736,67.1114,25.5465,3389.0000,port_scan
148595.9797,44.1683,47.7716,5324.2984,4417.4187,56.9409,75.2885,74.9124,0.7919,2912.8340,3582.4484,0.9413,2.9702,0.9421,8443.0000,c2_beacon
117684.0316,46.5143,70.9385,2625.9987,7813.3335,62.4270,127.9820,89.8068,0.7988,3266.7999,2817.1197,3.1212,1.0549,0.9765,443.0000,c2_beacon
260659.0941,57.1407,32.2766,5582.0464,4863.3780,88.2641,166.7422,23.5562,0.3704,2684.9477,4023.1956,2.7730,1.2027,0.9850,8443.0000,c2_beacon
178117.1637,44.1344,51.0858,4795.4739,6569.0577,79.7018,88.1323,47.8614,0.4871,3470.2366,2223.7264,2.3775,2.5265,1.0531,443.0000,c2_beacon
151216.5285,47.7864,60.4354,4753.2455,6341.0942,113.9992,81.1943,70.9485,0.7953,2932.2897,2728.0316,1.2373,2.1035,0.0000,8443.0000,c2_beacon
136070.0697,31.8985,21.0320,2742.8885,5163.1464,44.2049,211.2379,45.5578,0.5262,3147.3387,3301.6782,2.6599,3.6222,0.7533,443.0000,c2_beacon
206928.1811,49.1479,37.2399,3392.9324,6341.2150,95.5596,163.4757,37.3123,0.2101,3523.9328,2205.9932,1.5286,1.3293,0.0000,443.0000,c2_beacon
237735.9271,85.8511,56.8703,3799.1428,3716.7618,46.2154,69.0020,32.4763,0.6217,3151.6099,1566.4263,3.3394,3.0026,0.0000,8080.0000,c2_beacon
176412.3990,48.6874,69.5554,5200.4360,5915.4887,81.4372,89.7274,68.3965,0.7425,3260.2315,1938.0533,1.4368,2.7854,0.8443,8443.0000,c2_beacon
187811.5994,49.4354,50.0752,2808.7670,5321.9137,65.3932,74.7237,31.6637,0.5555,3080.5490,2464.0631,2.1790,2.0824,0.0000,443.0000,c2_beacon
143506.2297,47.8422,57.5993,4985.4947,7534.5834,62.4147,166.7264,97.0549,0.6457,2581.0043,3143.6653,1.5731,1.2140,1.0405,8080.0000,c2_beacon
113798.7998,50.3007,94.5607,4426.6453,5671.9386,72.6456,76.1382,38.5884,1.0029,1834.8937,2984.0437,0.9958,1.0600,0.0000,8080.0000,c2_beacon
163977.3314,56.0508,40.5853,3016.8028,5376.7762,48.0149,134.7102,71.5846,0.6472,2488.5644,2984.6695,3.7505,0.9744,0.0000,443.0000,c2_beacon
159570.8101,49.5983,43.7889,6210.1651,5101.9179,99.2353,173.8217,52.8628,0.6768,3302.8455,1823.8940,3.0369,2.7355,0.9703,8443.0000,c2_beacon
173728.8383,103.4339,98.2494,3206.7979,5832.8386,37.8911,74.5769,57.5380,1.0003,3292.8700,3297.7277,0.9843,2.6033,0.0000,8443.0000,c2_beacon
168942.4623,86.5412,51.5823,3711.8702,6175.2704,64.0212,122.6220,52.4770,0.7403,2623.6874,2297.9806,2.6032,3.0518,0.0000,443.0000,c2_beacon
189771.9576,48.5172,36.9166,5717.6367,4835.3038,64.8638,174.2946,57.0865,0.4952,3011.2039,2119.9566,3.3774,3.4370,0.7813,443.0000,c2_beacon
181139.0165,57.2072,64.5927,2724.1653,3309.4247,70.7541,67.3331,45.3442,0.8132,3302.1691,2736.8253,3.2673,0.9758,0.0000,443.0000,c2_beacon
235080.8176,43.9364,36.2138,3252.9477,4732.3828,59.1309,167.6439,47.6749,0.4761,2766.7909,2293.8525,0.8105,3.7115,1.0473,443.0000,c2_beacon
171224.9041,73.0186,71.7217,4174.5133,5863.8887,42.5330,79.5820,67.9284,0.7758,2120.7123,1740.1997,0.8996,1.0642,1.2630,8443.0000,c2_beacon
226825.2083,34.4996,30.2021,2639.9434,4677.6867,57.1850,241.2781,51.0622,0.5065,3716.3379,3168.6995,1.9831,1.0962,1.0243,8443.0000,c2_beacon
139452.6048,59.3161,52.5460,3229.4260,6241.4231,36.5999,107.3707,50.9424,0.7985,2364.1175,2568.6387,2.8038,3.2616,0.0000,8443.0000,c2_beacon
151120.7184,69.8072,54.0553,4929.1235,7805.8048,70.5952,101.5232,72.7143,0.7830,2097.3191,2171.6700,0.8780,1.0883,0.0000,8443.0000,c2_beacon
107440.4922,54.4948,50.9313,4817.8439,5444.1820,55.1106,106.8389,72.7758,0.7810,2533.4482,2664.0189,1.6322,1.8310,0.0000,8080.0000,c2_beacon
121086.4984,54.1419,65.1042,4106.8228,4978.7522,62.8013,95.4004,78.4415,0.6390,3345.2136,2912.2182,1.0358,3.0276,0.0000,8080.0000,c2_beacon
148618.0191,60.5715,53.2297,3852.5803,5541.0109,43.0633,60.7742,64.8330,0.7989,2910.4010,2147.1875,2.0224,2.6938,0.0000,8080.0000,c2_beacon
201940.5894,48.5434,72.6328,2050.3680,4242.2427,35.4756,63.1218,33.0983,0.4019,3059.4963,3003.0859,3.4280,2.6533,1.0034,8080.0000,c2_beacon
194948.9251,37.9874,80.2686,4052.0829,8112.0914,75.6970,73.8751,56.8877,0.9284,3713.7817,2729.5421,2.8809,1.9054,1.3798,443.0000,c2_beacon
153662.8090,33.9292,59.7933,2292.6206,4708.8945,44.5522,78.5611,65.6349,0.8654,3251.9573,3066.6243,1.5222,2.0256,0.0000,443.0000,c2_beacon
204795.6575,63.1391,35.2198,4425.0486,6014.4653,64.4694,54.8308,53.1998,0.4622,2350.4326,3574.9540,3.2162,0.9431,0.0000,443.0000,c2_beacon
196535.7862,78.9725,11.9960,4858.4699,4494.4901,63.1025,260.2844,43.4664,0.4136,3479.7559,3507.1795,1.4364,1.6862,0.0000,443.0000,c2_beacon
160610.2320,43.5078,83.3249,2531.3211,5189.7945,93.6338,108.7170,78.5735,0.7882,3350.8419,3770.5358,2.8897,1.5381,1.0741,8080.0000,c2_beacon
173383.5013,44.5356,10.3494,6682.1752,4275.8900,98.9450,350.1073,61.3342,0.3364,2968.6589,2111.5532,1.0838,2.9912,0.9443,443.0000,c2_beacon
188699.6578,62.2586,57.2597,4897.8870,3192.7897,54.9416,46.5111,32.2648,0.9946,2714.5862,2420.9080,2.3048,1.7738,0.0000,443.0000,c2_beacon
260591.7977,87.8609,39.0699,3322.0454,3360.4632,55.2701,73.5678,34.9008,0.5491,3499.2372,2238.2719,2.5377,1.3091,0.0000,8443.0000,c2_beacon
217430.9879,95.9581,63.9022,4490.0894,6012.1105,53.8053,145.6220,53.6266,0.8266,2974.5008,2861.1026,3.3023,0.6359,0.9142,8443.0000,c2_beacon
164360.9393,24.7342,97.4867,6544.6028,4349.2248,39.0455,45.3021,69.7271,0.4752,3349.5070,3290.4890,2.6870,2.6615,0.4177,443.0000,c2_beacon
132691.0721,67.7168,63.7863,6467.4630,5669.8310,95.0622,103.6353,77.9621,0.9149,2288.0103,2071.3093,2.3652,1.0076,0.8112,443.0000,c2_beacon
119784.4612,44.7316,73.7298,5466.3787,6355.7161,110.7949,97.3184,66.3683,0.8793,2122.8725,3987.8984,2.6062,3.2951,0.0000,8080.0000,c2_beacon
116511.2087,83.7542,80.1107,2575.9220,2300.3544,86.0224,36.2374,58.3716,1.3587,2406.1612,2875.3424,1.8898,1.5472,1.2944,443.0000,c2_beacon
181118.4278,45.1508,30.8708,4176.3532,3661.7128,100.6041,201.6331,66.0726,0.4605,2980.7673,2594.2513,1.2295,1.2105,0.0000,443.0000,c2_beacon
273154.0685,76.9586,74.5708,4363.0884,5150.4598,92.4488,125.2239,59.0838,0.6223,3187.3473,2087.3723,2.1161,1.6454,0.0000,443.0000,c2_beacon
156234.7549,52.4485,23.1614,2641.6347,5127.2132,46.8694,146.7120,50.8856,0.6034,3443.1253,2870.0248,2.0366,1.0003,0.0000,443.0000,c2_beacon
212211.0665,61.3033,102.3901,3655.1499,3150.2601,61.4836,32.1678,31.7448,0.7109,1909.1856,3327.4433,1.2522,2.6168,0.7249,8443.0000,c2_beacon
121730.8840,63.9005,69.2167,4096.0956,9639.2586,74.8162,121.9053,96.6273,1.0831,3474.1794,3425.6906,0.9776,0.8126,0.0000,443.0000,c2_beacon
140616.0937,58.5690,32.8610,5521.9914,4471.8631,63.3498,102.6861,81.5811,0.8765,2991.3968,2372.9717,1.1131,1.9695,1.4336,443.0000,c2_beacon
160246.2822,67.8050,56.0135,6624.8414,6106.5753,86.9949,83.1077,59.8022,0.5429,2625.4770,2144.6285,2.3170,2.1019,0.0000,443.0000,c2_beacon
172649.7522,73.0649,32.1283,4829.8037,6928.7652,101.0068,224.2319,50.7987,0.3874,2814.3539,1998.2099,1.8253,2.1765,0.0000,443.0000,c2_beacon
169575.8190,27.5580,63.3312,3968.7305,4844.6369,116.9785,85.3556,46.4981,0.3749,2912.1488,2642.2073,3.7504,1.1153,0.0000,443.0000,c2_beacon
149088.1492,49.7217,59.9037,3134.6210,3569.2969,79.4796,49.4614,42.7620,0.5569,2200.4787,2747.8184,0.9922,3.8848,0.8900,443.0000,c2_beacon
158215.0197,71.5982,59.5116,4112.8309,4312.7854,83.7963,108.4601,31.9629,0.5047,3203.9134,2913.3358,1.6483,3.3887,0.0000,8443.0000,c2_beacon
255266.9908,65.0504,35.4985,2823.6892,7086.6085,62.6472,64.6056,49.6724,0.4546,3014.0998,1980.3000,0.5912,3.1095,0.0000,8443.0000,c2_beacon
201707.4959,41.8045,30.3713,7762.1554,4986.8601,118.0510,88.5694,46.5784,0.4625,2866.0440,2672.4300,0.9093,2.5356,0.0000,443.0000,c2_beacon
272487.7123,82.5911,81.7248,2786.3960,7594.0431,34.5357,119.6624,37.6907,0.5740,3844.1753,3348.2108,0.9793,1.2170,0.0000,8443.0000,c2_beacon
96739.0351,36.1335,37.0576,4727.0250,6576.6829,69.6079,102.8167,97.9083,1.0929,2425.8733,3000.0577,3.7073,1.9270,0.0000,443.0000,c2_beacon
177480.0582,87.1077,65.5816,7369.3663,6729.3747,50.7743,107.4895,84.6307,0.9275,3202.8540,3143.7181,1.9911,1.8011,0.7742,443.0000,c2_beacon
107763.1579,67.2467,67.2342,4554.8140,5352.8015,61.1761,99.3787,64.8639,0.9273,2578.7534,2610.9123,0.7286,1.1738,1.0226,443.0000,c2_beacon
182290.5525,30.3757,53.9906,4295.5422,8563.4059,114.6719,137.0352,67.1617,0.5658,3014.5355,3308.0803,0.9676,1.6798,0.0000,443.0000,c2_beacon
167373.8150,54.5301,78.1703,5590.2427,4120.8260,68.1870,53.4465,63.8438,1.0349,2730.2534,3835.0722,3.6534,2.4400,0.0000,443.0000,c2_beacon
215266.1016,71.6905,48.1400,3917.9031,6289.6433,50.7824,167.7317,38.8106,0.4442,3747.3492,3304.2778,1.7429,3.7151,0.0000,8080.0000,c2_beacon
151190.6456,64.0905,61.8819,6978.9597,6399.9692,92.3375,66.1401,38.4153,0.5410,2441.2698,2654.3238,3.0924,1.0960,0.0000,8443.0000,c2_beacon
234458.4668,39.4875,45.2269,3418.0046,6174.1450,87.4400,129.9298,29.3988,0.3153,1707.9578,2619.4993,2.2369,3.2928,0.0000,443.0000,c2_beacon
132313.9201,41.1717,35.0911,3716.9682,4166.6458,132.7518,129.5652,82.0937,0.7077,2727.8688,3165.1219,1.9147,0.9823,0.0000,8080.0000,c2_beacon
197105.3386,63.3844,74.0518,4590.9461,5507.4633,86.6881,72.9106,44.4583,0.5650,3420.3288,2979.8215,1.7497,2.1795,0.0000,443.0000,c2_beacon
191411.9583,78.1053,44.8978,3843.7950,7909.5749,60.7138,120.7118,53.5343,0.7166,3660.7128,3082.6155,2.5752,1.6153,1.0084,443.0000,c2_beacon
131860.5649,72.5745,75.0970,4236.1226,5040.5916,55.4101,89.8208,66.1375,1.2938,2299.8046,1841.6735,1.6942,2.2743,0.0000,443.0000,c2_beacon
180452.5830,42.2673,45.2729,5046.3884,4397.3086,156.0114,53.5739,43.4326,0.6149,3920.0486,2679.2442,2.4797,3.5847,0.0000,443.0000,c2_beacon
233474.1377,89.7479,79.9329,3639.3981,5214.9673,50.7575,101.3553,53.2741,0.6375,2875.9386,2474.3387,1.0626,2.7762,0.9617,8443.0000,c2_beacon
167879.8519,98.5638,52.6550,5003.2465,7180.4601,53.9431,99.0432,80.9335,1.0467,2917.2488,3152.1674,2.9165,3.2881,0.7812,443.0000,c2_beacon
163835.9483,66.1308,63.0349,5428.1132,6223.3417,85.1420,70.4421,52.9170,0.7906,2854.1008,2185.9250,3.9129,2.3076,0.0000,443.0000,c2_beacon
135065.0567,83.7690,78.0890,3075.3436,7217.2443,44.4176,78.6872,47.7847,1.2010,3241.9232,2816.2549,2.6318,2.3350,0.0000,8443.0000,c2_beacon
160373.3618,58.9900,21.9352,3990.1309,7094.7101,108.9753,89.2805,65.2428,0.7462,3009.0872,2360.0283,2.2140,0.8406,1.0877,443.0000,c2_beacon
205472.6679,86.3422,63.1805,3133.0710,7082.4494,45.5164,99.7834,45.4763,0.8206,2288.9493,2738.3843,2.1020,2.3413,1.1527,8443.0000,c2_beacon
189557.3845,65.0653,97.7140,3762.8324,4712.8003,65.7500,68.8101,67.6132,0.9314,2514.1772,2879.1828,2.4057,1.9198,0.8552,8443.0000,c2_beacon
157668.1192,69.7300,70.1339,3990.0152,2348.0106,63.9025,53.0238,39.4649,0.9101,3033.3963,1990.3009,2.0876,1.0645,0.0000,443.0000,c2_beacon
87840.1237,54.4631,75.0512,5094.7164,2664.9621,123.9258,60.8875,76.2792,0.7783,1456.3446,2301.0022,0.8685,1.6744,0.0000,443.0000,dos
144372.7544,91.3023,66.9823,4665.7606,5623.9466,56.9365,76.7417,53.9028,0.6932,2472.0630,2452.7940,3.8082,3.1992,0.0000,8443.0000,c2_beacon
170408.6285,48.4453,47.0810,3422.8212,7196.4968,101.4235,131.8742,55.9462,0.5004,3304.7130,2518.5232,2.8850,2.3200,0.0000,443.0000,c2_beacon
256597.5232,55.7113,34.1171,4836.3381,9005.4665,57.4217,120.3039,68.4899,0.7040,3120.9376,2443.0014,3.8282,2.5140,0.7926,443.0000,c2_beacon
218165.2341,57.0237,81.8485,4546.4333,4995.6976,77.7761,46.6713,52.4308,0.7866,2702.3976,1677.4987,0.8680,0.8386,1.1836,443.0000,port_scan
258700.2703,67.6623,48.3502,5011.3809,5875.8410,74.9359,105.7670,51.2451,0.6473,3602.2865,2423.6672,3.2284,2.9356,0.0000,443.0000,c2_beacon
197207.2290,58.0765,22.4118,3145.6339,4105.4201,49.2890,216.6887,45.8946,0.7237,2357.0042,3241.9382,2.4112,1.6103,0.0000,443.0000,c2_beacon
194502.2342,73.1965,69.9462,3398.8024,4772.2132,74.4736,75.4049,55.9911,0.6364,2685.8579,3062.5466,3.0441,3.0717,0.0000,443.0000,c2_beacon
229077.9549,79.7390,66.4444,3404.0582,5128.9450,31.7840,45.4122,46.3989,0.5571,3014.1717,2422.2906,2.3368,1.0200,1.1328,443.0000,brute_force
138602.5525,33.6884,54.4870,3711.6760,5134.4848,120.6423,95.0521,36.6385,0.4865,3708.8598,3664.6802,1.6007,0.8512,1.2453,8443.0000,c2_beacon
93080.0304,56.4210,66.8728,6526.6752,5376.0303,127.0384,41.3007,116.9960,1.5931,2207.9066,2539.7701,0.7865,1.3860,0.9028,443.0000,c2_beacon
248904.5043,79.8986,56.3021,3688.0308,4966.5015,36.8604,55.8744,53.2246,0.5489,3246.5803,2238.2084,2.3844,1.5788,0.0000,443.0000,c2_beacon
302483.6894,41.4999,46.7756,3752.0131,2581.3773,82.6505,65.7741,24.4716,0.4209,2896.6372,3499.4964,1.7506,2.9739,0.0000,443.0000,dos
229080.1730,11.1815,82.2365,2778.8441,7271.5700,299.1543,99.6416,46.3585,0.3190,3123.6300,2346.5765,3.0524,1.1981,0.0000,443.0000,c2_beacon
202033.3655,34.0784,69.7446,1815.1225,6493.6168,48.6037,90.1483,44.7289,0.7256,2482.9773,1618.9849,1.9626,1.0098,0.6261,8080.0000,c2_beacon
109621.2616,72.6810,86.7051,6946.5458,6665.0007,63.6643,83.7954,90.2309,1.0345,3065.8730,3285.6656,2.6353,2.5319,1.1752,8443.0000,c2_beacon
298742.2264,67.9703,66.4790,3138.6309,6418.0132,55.2640,61.9762,31.0616,0.5046,2612.6355,3304.2302,0.9908,2.1214,0.9751,443.0000,c2_beacon
149886.8525,96.4874,44.5336,5097.9763,3674.6274,55.6169,82.5996,84.5358,1.4117,3052.4090,2519.3336,0.6671,3.0293,0.0000,443.0000,c2_beacon
169615.6888,37.4346,38.1510,5766.0207,4637.4286,163.3809,87.7247,49.5419,0.4211,2781.7353,2868.5166,1.1052,0.8283,1.1312,443.0000,c2_beacon
210759.6742,38.1864,64.8526,5071.8661,5637.6412,103.8644,75.5867,40.9083,0.5249,1897.8922,2386.6845,1.1630,1.8354,0.0000,8443.0000,c2_beacon
83565.0309,61.3783,77.6720,5954.6906,5917.0644,84.7747,71.9121,115.9651,1.2402,2760.8264,2611.4564,1.1313,3.1363,0.8564,443.0000,c2_beacon
250196.9585,73.6764,45.0193,3263.3862,6505.8558,56.6692,133.7558,44.5672,0.4814,2562.4125,2730.3863,2.3676,1.7808,1.0215,443.0000,c2_beacon
127779.6909,66.2412,62.1542,4282.5160,5665.7609,84.2608,104.4827,56.1977,0.4082,3316.5842,2614.0267,0.8299,1.6901,1.1935,8443.0000,c2_beacon
122971.7473,34.5701,70.5508,5013.6971,4524.6513,103.7637,85.8370,50.6724,0.5973,2097.4944,3276.2507,3.0128,1.9222,0.0000,8443.0000,c2_beacon
227376.3166,37.6236,36.2335,3782.5459,6820.0374,154.6423,144.6561,28.1853,0.2759,2327.0980,2753.4789,1.1840,1.9826,0.9608,8080.0000,c2_beacon
158061.4485,44.7661,49.7054,4183.8711,7444.8895,99.0805,110.9820,80.9426,0.6686,2559.9936,2127.4144,0.6145,3.3215,0.8925,8443.0000,c2_beacon
220209.5850,34.6088,66.7668,3923.6649,3780.8322,70.9953,65.4621,47.1862,0.5773,3942.5969,3072.9659,2.2338,2.8926,1.3342,8443.0000,c2_beacon
167311.2809,43.3638,33.8629,2923.2947,4677.6502,30.5702,188.0455,65.9810,0.4757,2378.2895,2733.1488,3.8116,3.2577,0.8120,8080.0000,c2_beacon
127576.3652,85.6665,45.6053,2105.8368,5175.7499,60.8688,78.0470,80.2635,0.8831,1758.8742,2382.8390,2.7647,0.9945,0.0000,443.0000,c2_beacon
285155.5982,71.7349,67.2078,4932.1096,6699.2998,84.5680,122.9491,54.7200,0.6166,2478.3437,3612.2396,0.7872,1.8069,0.8445,443.0000,c2_beacon
286821.7182,47.9954,78.4389,6742.6259,7465.7452,128.1235,120.6815,58.1467,0.3146,2723.2504,3573.9125,2.8080,1.4899,1.1686,8080.0000,c2_beacon
133062.2076,85.0106,50.2180,3444.0927,6922.4475,46.0141,103.3570,65.4168,0.8023,2419.6716,2773.3777,0.9029,0.8895,0.0000,443.0000,c2_beacon
133975.3480,80.2000,51.7932,3527.0722,4478.4577,72.1893,62.7522,66.7033,1.0342,2867.7302,2800.8666,1.0460,3.5043,0.0000,8443.0000,c2_beacon
137498.4078,52.4845,47.6280,3499.3258,8562.9535,115.3753,141.8765,122.1483,1.3783,2490.3093,3646.6017,1.0125,1.3925,1.1224,443.0000,dos
190776.4060,58.0126,63.1310,4200.9131,6377.5432,90.7582,100.7375,49.7181,0.6692,3149.0956,3091.2333,2.0159,1.0141,1.0147,443.0000,c2_beacon
105973.2988,79.7739,79.4809,6647.1470,5869.6044,81.7107,80.8503,81.6224,1.0532,3502.2662,3065.8429,0.7803,1.9410,1.1894,443.0000,c2_beacon
89016.4522,60.2092,68.7547,3737.8767,3964.3202,55.1859,47.9007,64.2786,1.6651,3397.0118,3173.0845,2.2538,0.4961,0.0000,443.0000,c2_beacon
129255.1806,27.7112,31.0364,2799.4048,2925.5465,215.1094,69.9585,63.8302,0.4772,2629.5657,2846.0708,0.9851,0.9587,1.3455,443.0000,benign
47260.5419,64.6550,63.8032,3777.2356,3566.2658,69.9478,75.1863,114.4750,1.6058,3024.7761,3234.9681,0.9896,0.9244,0.0000,443.0000,c2_beacon
142228.1689,45.6217,59.4398,4707.2272,3985.6673,80.7852,75.9931,58.3731,0.7507,3396.9119,2614.9876,3.0682,0.9632,0.0000,8443.0000,c2_beacon
198721.8029,39.8905,36.8773,3175.6911,6381.6063,71.1548,137.6900,44.8146,0.5117,3655.3728,3492.0935,2.7602,0.5873,1.1538,443.0000,c2_beacon
268107.1419,37.9487,55.6068,4152.5353,3134.3784,62.9466,113.8854,44.2819,0.5221,2485.2004,2278.5520,2.8720,2.2404,0.0000,443.0000,c2_beacon
204339.1170,56.4101,47.0441,5488.9835,8275.5889,96.4802,239.5958,67.7945,0.4008,2851.1314,2974.1541,1.3366,2.8716,0.0000,443.0000,c2_beacon
310446.8736,66.0852,57.3223,3035.8905,3863.7284,55.1901,41.7769,32.5895,0.5169,2166.0601,3375.7764,2.0035,2.3288,0.0000,8443.0000,c2_beacon
253566.8731,43.2710,62.1164,2883.0165,6806.6604,47.7104,93.2995,33.2662,0.7163,2366.4070,2820.8197,1.5555,2.1559,0.0000,8080.0000,c2_beacon
164399.6337,63.9093,63.1329,3797.2557,5417.4536,120.2757,126.3892,62.6330,0.7349,3448.0014,2581.8445,2.9230,2.4326,0.0000,443.0000,c2_beacon
149020.9146,42.8618,68.8579,4094.1361,4895.3843,72.6320,43.4283,57.1404,0.9302,2355.4348,2446.8942,1.4207,3.3682,0.0000,443.0000,c2_beacon
209772.4299,73.1914,64.7131,2035.8682,4824.3419,60.8932,85.5770,52.5492,0.5112,3296.8719,2814.6572,2.9660,1.0507,0.0000,443.0000,c2_beacon
154904.7144,41.8203,45.8195,5827.7870,6288.5646,106.1946,75.6080,49.9779,0.5448,2362.9393,3146.2898,3.1491,0.9675,0.6840,8443.0000,c2_beacon
222656.3789,66.0673,53.1809,6957.4089,4378.2228,131.5942,75.5006,63.7443,0.6092,2074.4370,2756.2705,1.0020,3.0696,0.5701,8080.0000,c2_beacon
142735.1190,39.9069,31.7836,3757.9786,4954.8793,63.1151,132.7669,73.7835,0.8223,3288.8391,1765.7062,0.9384,1.8576,0.0000,443.0000,c2_beacon
128005.8979,83.9101,65.4255,4417.4639,5518.9118,42.6391,97.2975,68.8560,0.7768,2486.3574,2534.9273,2.4403,2.7577,0.0000,8080.0000,c2_beacon
203169.5637,82.6091,94.3335,2821.8856,5885.7855,46.7430,65.7110,27.6404,0.4931,2725.6930,2864.3482,2.0094,0.8353,1.2198,443.0000,c2_beacon
158668.3071,59.9812,64.6986,3984.5393,4594.2642,57.7174,56.9558,80.6596,1.0789,2438.0930,2418.9607,1.4618,1.2021,0.0000,8443.0000,c2_beacon
256120.3702,53.3994,59.0536,3561.3061,5664.8795,49.0994,86.3950,33.0627,0.7098,2894.7650,1865.1408,0.8425,1.9692,1.2083,443.0000,c2_beacon
160068.6897,70.3999,108.1384,3469.8223,7157.5355,51.5865,88.9944,52.4267,1.2021,2990.4395,2748.9734,1.0923,0.7735,0.8671,8080.0000,c2_beacon
123517.8703,28.2776,44.5472,3193.8849,6016.6382,81.7077,134.4565,61.8548,0.6413,2986.7838,3369.5790,3.5982,0.8515,0.5854,8080.0000,c2_beacon
209730.1970,74.1398,51.0068,6187.7447,5729.6538,50.2367,119.1526,61.9070,0.6547,2255.2951,2710.9778,2.0224,0.9292,0.0000,443.0000,c2_beacon
160460.4395,46.4289,37.7568,2848.4112,4692.7493,63.7105,106.6118,77.7458,0.5343,3200.2002,2009.1861,0.9742,2.4450,1.1409,8443.0000,c2_beacon
93222.7974,83.8542,84.2295,4048.1744,4113.2761,69.9401,45.9236,104.2249,1.5787,2633.8444,2672.6316,0.8676,4.0762,0.0000,443.0000,c2_beacon
213467.6051,69.3394,53.6086,1758.7704,5741.4069,60.4635,63.6028,50.1081,0.7955,3323.3989,2998.6556,2.0724,3.7755,0.0000,443.0000,c2_beacon
197710.6018,74.4608,68.2614,807.0012,4450.7057,17.9315,114.5825,35.1513,0.5543,3070.4758,3001.7589,3.4719,1.5173,0.0000,443.0000,c2_beacon
189025.1858,93.8741,59.2343,5089.1965,6061.3764,79.3093,164.9043,56.7342,0.7150,3635.0670,2472.7698,3.0452,0.7825,0.0000,443.0000,c2_beacon
175604.5133,65.9009,24.7344,4558.0526,4116.6789,89.2089,157.2977,38.1733,0.4999,2264.4313,2772.6947,0.7436,1.0785,0.9939,443.0000,c2_beacon
170501.2404,66.4175,46.5875,5664.0865,5319.2936,68.7220,120.1954,78.2069,0.6645,3023.6657,2156.1015,2.6323,2.2488,0.7342,443.0000,c2_beacon
160357.2995,80.1669,39.9184,4875.5721,5141.6549,63.2336,80.1597,64.2530,0.7389,2852.4080,2920.5828,1.8835,0.9332,1.1647,443.0000,c2_beacon
190627.6809,47.1756,58.6398,3762.3301,5765.8270,84.5533,106.5608,56.3592,0.6860,2854.7766,1986.5150,0.9511,1.0512,0.0000,443.0000,c2_beacon
136861.4759,53.5489,27.4633,5644.7760,4627.8178,120.1343,139.3725,85.8874,0.5688,3211.6638,3257.1325,2.5440,2.7061,0.0000,8080.0000,c2_beacon
134112.7060,46.5689,60.4136,3927.2698,5539.2249,81.3518,73.4231,60.9630,0.6577,3040.8802,2969.7516,1.0532,0.9993,1.0857,8080.0000,c2_beacon
171929.3256,59.2834,33.1502,5582.6698,3420.7478,93.5176,130.7500,74.6126,0.4957,2983.1380,2239.3898,2.3945,1.3440,0.9596,8443.0000,c2_beacon
171109.1570,63.0059,54.1184,4622.8081,4110.9189,52.2444,115.9270,84.5638,0.6050,3144.6218,2755.6843,3.1276,2.1740,0.0000,8080.0000,c2_beacon
164830.0735,48.4373,36.1028,4516.8587,6415.7453,93.7151,248.5863,54.7919,0.7482,2919.9160,3580.7349,2.1175,1.4346,0.0000,443.0000,c2_beacon
145411.4707,40.8415,38.7488,3904.4439,7496.5278,57.0521,168.5359,50.7766,0.8264,3424.8986,3220.6231,2.1926,2.7759,1.0683,8443.0000,c2_beacon
179692.9058,55.8743,56.4298,3621.8966,5173.0275,80.3826,89.8681,41.6099,0.5801,2192.5856,3094.6722,3.6459,2.9593,0.0000,443.0000,c2_beacon
262209.5646,43.6707,61.8773,3074.9913,4073.9501,61.7998,131.4521,34.5506,0.3776,2584.7877,3190.8803,1.0401,3.1171,0.7984,8443.0000,c2_beacon
199696.5409,61.3777,82.8208,3368.2169,6008.1946,125.0664,101.0300,60.6775,0.6921,3322.0909,3114.5438,1.8523,1.0262,0.0000,443.0000,c2_beacon
213521.8612,59.7679,61.4394,4707.5065,3500.5715,75.7801,65.4996,33.7527,0.6140,3272.4199,2710.4216,2.3987,3.3486,0.8565,443.0000,c2_beacon
156685.6619,94.4577,53.5153,5324.4983,6152.5848,43.7013,106.0946,79.6812,0.7878,3178.3085,2954.9134,2.5725,0.9330,1.2334,443.0000,c2_beacon
114113.5901,92.6794,77.2456,3752.4921,3139.4876,33.6805,54.1269,73.6042,1.1809,3385.8277,3715.9992,2.1461,2.8391,0.8510,443.0000,c2_beacon
133679.5500,63.3278,83.1281,4556.9657,5251.7840,56.2066,74.1375,58.1778,0.7459,3031.4809,2653.4974,1.0679,2.3516,0.0000,443.0000,c2_beacon
150964.9109,68.3261,57.3687,3255.1658,5652.4524,64.8748,132.0582,65.8143,0.9161,2300.5329,2982.8735,2.6929,2.7787,1.1262,8080.0000,c2_beacon
183844.1643,97.8182,54.1591,2993.6952,10756.8971,43.3443,145.5330,56.1355,0.9256,2192.1519,2492.6169,0.8971,2.0776,0.0000,8443.0000,c2_beacon
149381.8800,103.5128,65.0348,4466.8039,4654.9337,36.9990,93.1344,40.9310,0.6264,2372.5689,2403.8815,0.6706,1.0316,0.0000,8443.0000,c2_beacon
69758.3932,66.0148,69.3101,3477.6425,5612.0550,56.9084,109.1224,78.9852,1.3402,2593.5020,1949.6865,2.8538,2.3494,0.0000,443.0000,c2_beacon
211363.7082,75.4476,67.8448,5714.3186,5569.5832,72.5991,85.0084,52.3284,0.6691,2881.4918,3016.4232,3.7148,1.7865,0.0000,8443.0000,c2_beacon
301692.7914,61.6049,51.9009,5307.4028,4202.0362,44.2030,71.9339,14.6369,0.7362,2878.0739,2987.7839,2.9594,3.7130,1.0005,8443.0000,c2_beacon
183913.6882,70.8875,41.5878,3316.1691,4390.7946,38.2840,76.8163,47.8224,1.0049,2376.9795,2802.3029,1.4432,2.8677,0.0000,8443.0000,c2_beacon
237407.5837,83.4803,76.3084,4801.8730,7324.0764,49.6527,83.3268,58.4484,0.7737,1936.4981,2020.8218,3.4973,1.5865,1.4728,8443.0000,c2_beacon
248422.6131,94.6846,62.8103,3040.9411,3516.5149,49.3203,63.5292,42.2818,0.6526,3086.6690,2923.4551,2.2228,3.4131,0.9497,443.0000,c2_beacon
134526.5552,35.0223,71.1690,3784.8037,4459.0847,73.7413,47.2324,46.4013,0.8385,3007.1532,3081.1114,3.1907,2.0181,1.1978,443.0000,c2_beacon
105766.6472,52.3562,64.4627,5822.7199,5985.3255,103.3553,77.3370,46.9861,0.6240,3199.6136,2918.1011,3.4191,1.9533,1.1143,443.0000,c2_beacon
215236.5780,32.1596,35.5380,8063.4527,5390.3924,141.0148,116.2141,46.2602,0.3628,2246.2409,2907.8141,1.2338,1.2541,0.0000,8080.0000,c2_beacon
174141.5457,36.4628,62.1166,2731.0854,8868.3220,98.1133,140.4886,72.0013,0.7908,3217.2501,2841.5836,2.1231,0.8900,1.0894,443.0000,c2_beacon
130138.9453,64.8181,66.0791,4367.7336,6039.8515,65.6011,67.6040,80.0592,0.8212,3663.7024,2520.6724,3.0878,2.8058,0.0000,443.0000,c2_beacon
209868.5756,86.1853,34.2146,5026.3824,8383.2500,40.4300,205.6523,38.0956,0.5825,2545.3034,1709.6733,2.3279,0.9684,0.9104,443.0000,c2_beacon
233693.3703,65.2594,53.7355,4890.7211,4658.9196,71.1615,112.5470,45.2784,0.6723,3490.4760,2289.0431,1.0641,2.1284,0.0000,8080.0000,c2_beacon
210230.8595,65.7959,52.1725,2430.3227,3540.7254,59.6651,75.9616,41.2531,0.5662,2957.8564,2619.6347,1.2908,2.6492,0.9587,8080.0000,c2_beacon
165129.0976,39.3279,54.5981,6005.5327,7749.4069,199.2665,94.9586,70.3913,0.4354,2632.8743,3497.8339,1.1910,3.2036,0.0000,443.0000,dos
193695.7748,58.5896,96.6171,5759.3411,6992.6926,56.8044,87.0205,75.2413,0.7926,2351.8505,2465.4202,2.6052,2.3189,1.0299,443.0000,c2_beacon
156056.6436,53.0121,49.8199,4605.8041,4986.0369,73.8455,113.5545,57.6222,0.5795,2462.1516,2994.1050,3.2352,0.9605,0.0000,8080.0000,c2_beacon
113109.3045,90.5443,71.1423,6817.3271,6032.7969,105.4657,90.2647,96.6067,0.8887,3127.8097,3041.6972,1.8997,1.7340,1.1252,443.0000,c2_beacon
245670.8592,49.6637,57.2282,3891.9542,4244.6146,142.6009,115.3368,43.2865,0.5943,3358.4541,3138.2315,0.8386,0.9899,0.0000,8080.0000,c2_beacon
127042.4729,69.4613,54.8220,3655.8073,4707.6884,59.9089,142.5742,88.3470,1.1935,2523.4738,2426.8176,1.6978,1.8532,0.0000,8443.0000,c2_beacon
246148.2844,32.1473,51.8715,2215.3203,4385.1773,62.3446,76.8494,20.4940,0.3214,2313.0868,3372.3783,1.5582,1.8060,0.9506,443.0000,c2_beacon
101689.0202,78.9592,74.3073,3185.7598,8646.3060,52.2564,74.8849,84.1400,0.6079,3410.7570,2377.2245,2.1018,2.2147,0.0000,8443.0000,c2_beacon
122588.8151,56.9630,42.6335,3384.2183,2567.8277,50.0452,68.2597,50.9352,0.6400,2832.9295,2982.1812,1.0277,2.2396,0.8801,8443.0000,c2_beacon
269411.7824,62.6962,47.3273,6608.9043,5255.9000,86.5155,104.5981,48.7987,0.4183,3939.1299,3547.8275,2.2445,2.6581,1.2495,443.0000,dos
329845.4037,37.5759,82.9758,6446.3726,4503.8859,66.2250,99.5346,47.2646,0.4493,2577.8700,3406.1544,0.8926,0.9790,0.9663,443.0000,c2_beacon
215334.0415,46.6753,57.6892,3951.4335,4255.0691,104.7451,66.6656,35.7131,0.6758,3062.6213,2457.5248,1.0452,1.9963,0.0000,443.0000,c2_beacon
210430.0517,64.5413,32.5347,5964.6904,9068.3044,78.5150,157.4869,65.9006,0.5721,2969.8241,2867.3767,2.0898,1.5829,1.0583,443.0000,c2_beacon
94028.9400,39.5712,57.9337,4949.7281,4531.9267,75.7814,110.8360,80.5896,0.9403,2500.8129,3870.3119,2.1434,1.8625,0.0000,443.0000,c2_beacon
140450.7871,64.7022,63.7680,3015.6428,4846.1583,36.4118,67.2137,30.6898,0.9958,2747.0005,2554.7276,2.2960,2.9503,0.0000,8080.0000,c2_beacon
284586.2190,65.4954,77.6557,3203.5758,3867.6777,58.5212,118.8534,49.7820,0.5168,2737.8757,1701.3476,3.1284,2.6258,0.9361,443.0000,c2_beacon
188344.1861,57.8820,44.4835,5894.4585,3101.1185,89.8355,101.0554,53.9054,0.4734,2734.7943,2671.5689,1.5023,0.6131,0.9223,443.0000,c2_beacon
131751.1066,50.1392,42.7042,4628.6525,5638.1898,114.1809,122.5287,69.9758,0.8827,2817.0824,2907.4014,0.7265,0.9930,0.0000,8443.0000,c2_beacon
122544.4332,77.9641,68.1029,3958.7909,4966.3725,92.5187,79.2914,100.4940,0.9549,2190.7584,2476.5562,0.8177,2.7795,0.0000,8443.0000,c2_beacon
151502.3912,38.5918,73.5746,3908.9886,4828.8593,146.7128,87.3127,33.4226,0.4992,3991.2939,2786.4533,1.4267,3.2541,0.6810,443.0000,c2_beacon
172154.5527,96.9937,15.4403,4473.7449,9074.0229,69.5931,453.1277,65.1782,0.3612,2672.2087,3525.5484,2.6560,2.3501,0.8812,443.0000,c2_beacon
171346.7575,96.9463,50.8554,3689.3513,6166.5596,41.6772,78.3672,71.8966,1.0308,3259.4960,2535.7997,3.3527,1.8874,0.8471,443.0000,c2_beacon
332474.4689,63.1203,58.5202,7071.4708,5972.4765,106.7818,122.7916,50.6631,0.5358,3089.6596,2505.7792,3.1542,2.2511,1.1417,443.0000,c2_beacon
148126.9771,75.1862,51.6356,7637.3009,6429.3189,131.3979,104.2940,50.3630,0.6043,2994.0012,2678.2455,2.0616,2.2266,0.8395,8443.0000,c2_beacon
159983.3515,84.9261,51.3684,4490.2135,5002.8141,76.8294,116.7125,63.2293,0.9121,3553.1665,2739.5880,2.6121,1.8068,1.1298,8443.0000,c2_beacon
241975.2505,83.8345,77.8126,3875.7271,4577.8758,101.8489,84.5112,58.1334,0.8704,1730.2118,2627.7409,1.0693,3.3099,0.9724,443.0000,c2_beacon
161920.6601,53.9525,41.2134,4649.6332,4746.2756,63.7298,64.9284,56.5079,0.3455,3948.1453,3091.6583,2.1882,1.5134,0.0000,443.0000,c2_beacon
151146.9197,48.1567,40.8381,4202.2646,6784.8193,63.7025,99.8487,80.8575,0.6062,2482.1969,2909.8296,1.3537,1.7012,0.0000,443.0000,c2_beacon
126991.8287,47.5772,71.0178,6007.4018,5878.9180,87.5544,60.4635,60.6283,0.9964,3790.5807,3007.1586,3.1905,3.5282,0.0000,443.0000,c2_beacon
140221.9649,81.6322,64.7541,4549.9338,5276.7027,64.5117,78.7740,55.7350,0.8234,3933.5007,2603.7847,0.5375,1.2409,0.0000,443.0000,c2_beacon
138147.8868,46.0321,66.9109,3783.9856,5219.7740,34.3951,58.8263,69.6346,1.0238,2940.9247,2760.3623,2.9110,3.5688,1.1386,8443.0000,c2_beacon
130565.5250,51.8911,75.7680,4731.9419,6020.2070,98.2010,81.5810,102.9567,0.8312,2446.6599,2821.9380,2.2972,2.6372,0.0000,443.0000,c2_beacon
272195.6313,69.8800,65.2702,5676.8024,4174.6429,73.0598,69.2772,40.9785,0.7092,3079.1289,2528.4079,0.8848,2.1016,0.0000,8443.0000,c2_beacon
122900.1525,88.3705,51.9401,4602.2642,4577.0278,69.9904,57.0664,60.2967,0.7037,3770.3465,3534.6185,2.5313,0.8486,0.8333,8443.0000,c2_beacon
324760.2753,54.3829,67.8490,3512.0774,4760.7467,47.5171,60.8824,50.8358,0.6290,3322.3501,2593.9256,2.5798,2.1012,0.0000,8080.0000,c2_beacon
91818.7758,50.5157,34.7393,3375.5147,5195.1184,82.3676,62.2445,68.8821,0.8662,3194.1143,2485.8515,0.9642,2.2530,0.9946,8080.0000,c2_beacon
251729.7608,67.4145,36.3485,3861.6530,5249.3279,49.3760,165.3432,42.7702,0.4760,2234.8988,2448.3229,3.8784,3.2608,0.8690,443.0000,c2_beacon
157204.8090,73.2231,69.8660,4215.5497,6678.3541,56.9461,87.4305,53.0231,0.8823,2544.9209,3545.1313,1.1385,2.4635,0.0000,8443.0000,c2_beacon
160460.2535,60.4326,39.6364,6895.5090,5693.5219,80.5704,179.2035,77.1357,0.4033,2788.5948,2492.8581,2.9831,2.5270,0.0000,443.0000,c2_beacon
135421.7236,70.6750,54.0473,6067.7212,4883.6335,64.3701,83.0961,48.8318,0.5982,2126.2207,2719.2763,0.9860,0.7352,1.3205,443.0000,c2_beacon
125236.2203,20.2620,73.8962,3506.8205,3352.5595,78.1304,47.2611,53.6719,0.8962,2371.5106,3700.2424,0.8859,0.9740,1.0062,443.0000,c2_beacon
173114.0399,62.7922,58.1184,5491.1069,7778.3465,102.6741,102.0682,49.3748,0.5433,2956.6002,2583.7015,3.5767,1.8869,0.0000,8443.0000,c2_beacon
175683.1863,86.7805,35.7561,2713.0969,5586.2633,56.4177,114.3357,50.1560,0.5048,2618.7277,2959.9672,1.6084,2.1181,0.0000,8443.0000,c2_beacon
171698.7382,64.0075,42.7156,6011.9629,8975.2718,74.8793,197.6283,41.4682,0.3388,2832.1488,2801.6734,1.2060,0.9606,1.0094,443.0000,c2_beacon
176927.8537,65.0528,54.4373,3667.4755,3063.9710,52.8060,65.7667,46.0321,0.8187,3279.5453,2874.2431,2.1806,3.4233,0.9053,8443.0000,c2_beacon
206223.8586,91.9120,78.0317,2966.2747,5522.7646,75.4870,110.3893,36.0364,0.7110,2575.2334,3734.4858,1.8094,1.1075,1.0147,8080.0000,c2_beacon
136708.8772,74.2405,68.5257,3208.4155,5110.8443,36.8680,114.1778,41.3671,0.8866,2919.7556,3352.3213,1.9478,1.0294,0.9637,443.0000,c2_beacon
127573.1179,49.7715,68.3714,4766.6847,4066.4275,62.0373,50.7000,66.7742,1.1764,2594.4861,3331.3733,1.0754,2.5044,0.8951,443.0000,c2_beacon
159071.7152,84.7888,52.9008,5288.8365,4588.5954,64.8621,83.6627,50.9285,0.9741,3132.8570,4030.4607,2.0038,1.2755,0.0000,443.0000,c2_beacon
170459.4850,73.8024,63.3955,4111.6591,3534.8445,44.9761,48.7982,42.4668,0.8936,2938.1480,3573.6709,0.9313,1.8597,0.0000,8443.0000,c2_beacon
199007.8786,71.5066,73.3373,2129.1458,3691.7141,48.1738,58.6185,47.0975,0.8263,2930.1118,2974.7753,0.7864,2.1976,0.0000,443.0000,c2_beacon
211538.4135,30.6150,49.3437,4576.1533,3248.1125,94.9507,78.4787,30.9389,0.4674,2842.3966,2367.6870,3.5026,1.0456,0.0000,8080.0000,c2_beacon
224076.2338,67.7494,53.4132,2613.7816,2794.6856,32.8011,99.9152,25.7129,0.5592,2431.5243,4077.1211,1.4372,0.8653,0.8566,8443.0000,c2_beacon
163298.0031,54.8395,76.6729,4322.3976,5250.7839,90.0385,67.6248,46.8821,0.5158,2318.0471,2229.8792,1.3895,3.2505,0.0000,443.0000,c2_beacon
71218.6067,16.9206,108.0027,4211.7204,5178.1581,175.7684,72.4168,82.2592,0.8237,2766.8442,2703.1665,0.9467,3.1447,0.8627,443.0000,c2_beacon
188057.1370,59.6594,53.1104,6774.1178,5959.7185,112.4922,96.2433,62.4205,0.5590,2975.7806,2148.4723,3.3318,1.6269,1.0267,443.0000,c2_beacon
256368.2972,39.2776,51.4852,6043.9170,3465.3471,107.7225,91.2674,50.5059,0.5453,3519.5841,3113.2419,3.1678,2.2138,0.6109,8080.0000,c2_beacon
104003.1385,63.5775,47.2342,4719.1417,5044.7809,74.1800,79.8805,67.9121,0.9223,2404.5080,2866.9630,2.3472,1.1785,1.0041,443.0000,c2_beacon
179647.7773,26.9477,55.7797,1967.6561,7239.8652,71.9661,151.9434,60.0314,0.6008,3635.6638,2497.0761,0.9529,2.4767,1.0042,443.0000,c2_beacon
200474.9852,80.6181,38.2122,1932.6747,3829.9125,29.6056,100.8291,26.0445,0.7362,3008.2853,2016.5119,1.1046,1.0783,0.0000,443.0000,c2_beacon
178284.4717,55.9351,63.5870,3950.0703,5834.3945,62.0084,69.1315,52.5473,0.5671,1218.3906,2110.1576,1.1746,2.9401,0.8853,443.0000,c2_beacon
138483.6596,67.4571,48.9379,4091.2828,5648.0571,54.0167,136.8922,74.0609,0.8590,2540.4544,2899.7803,0.9066,2.6943,0.7566,443.0000,c2_beacon
216446.1632,68.8311,47.2823,5788.9238,6244.2648,98.1695,127.5753,60.8154,0.5621,2417.2759,2653.6985,2.3750,0.9116,0.0000,443.0000,c2_beacon
114018.7795,47.6994,59.2100,5256.3370,7294.8466,89.3655,79.9235,54.6131,1.0668,3393.2687,2276.8395,3.3382,2.6900,1.1824,443.0000,c2_beacon
142148.8349,98.9935,74.6936,5184.4280,7697.5180,65.4790,125.2498,54.3237,1.3552,2770.9888,2454.3508,1.8504,2.1917,0.8728,443.0000,c2_beacon
207085.3893,12.1322,56.5493,3178.1895,5366.6238,384.7952,125.4617,36.3817,0.1663,2363.0139,2358.0345,3.9705,1.1014,1.1245,443.0000,c2_beacon
154514.1454,55.5148,104.8425,3612.4064,3466.4264,89.9187,89.5687,54.1893,0.6974,2685.0920,2329.4840,1.8066,2.7594,0.0000,443.0000,c2_beacon
175775.4799,40.5585,85.6783,4539.5052,7911.7483,84.3017,89.0833,27.5040,0.2895,2867.6377,3058.8099,1.8734,2.6110,1.4925,8080.0000,c2_beacon
293894.5114,85.5964,39.9748,3598.0650,9585.6859,42.7390,186.0433,53.7778,0.5293,2381.4593,2871.0798,1.1863,2.1629,1.2677,443.0000,c2_beacon
134244.7377,53.2249,71.5731,5599.8640,3850.0835,73.9871,68.0253,64.3952,0.5710,3724.0310,2569.5230,3.8081,2.6695,0.0000,8443.0000,c2_beacon
150626.3470,44.9097,70.5348,3635.8244,6388.1816,76.1165,104.0864,73.5398,0.5777,3169.9070,1971.8092,0.8131,2.9921,0.0000,443.0000,c2_beacon
305862.6133,31.7505,65.5210,6402.9138,4006.0808,115.2554,71.5340,35.3705,0.4950,2795.2475,3114.3874,2.7170,1.0717,0.0000,443.0000,c2_beacon
223035.4992,73.1320,60.7715,5597.5829,8102.4183,88.2279,109.5160,56.3915,0.4379,2264.0651,2437.1495,1.6079,2.1244,1.1539,8443.0000,dos
126056.4741,69.0119,81.5046,4278.0842,3703.6293,68.5445,67.4827,61.4070,0.6469,2518.0289,1398.6960,2.5238,2.8701,0.7058,443.0000,c2_beacon
306829.1669,52.9035,61.8962,4970.6510,6254.0069,111.1231,111.7551,55.5390,0.2901,3278.7095,2146.5920,2.2698,1.0739,0.0000,443.0000,c2_beacon
211145.8670,71.9309,93.9137,3374.8030,4299.9170,69.0068,66.2528,36.2056,0.4600,2650.1836,2910.8358,1.7689,2.7221,0.0000,8443.0000,c2_beacon
156092.1496,59.6854,51.2204,5815.5587,7077.6134,78.6210,87.8898,59.7931,0.6627,3090.3861,3668.9287,2.0332,1.4480,0.0000,443.0000,c2_beacon
125003.4207,39.8587,67.9404,2982.9937,4204.0369,90.5286,118.3350,51.2722,0.6780,2856.2552,3151.1121,1.3571,0.8796,0.0000,8443.0000,c2_beacon
208880.4211,38.9317,84.3742,4431.0383,4725.4640,101.9263,48.0011,47.4603,0.4912,3506.9132,3734.0170,0.9223,0.9864,0.0000,443.0000,c2_beacon
111845.7986,68.8013,51.3770,4297.2008,5205.9488,43.1992,105.6844,66.7541,0.6693,3129.9909,2955.9452,1.0952,1.9657,0.7803,443.0000,c2_beacon
190742.0862,77.8286,81.4583,5156.5543,3229.2136,75.2529,114.8517,57.3357,0.5356,2507.5730,2800.7035,3.4479,1.0176,0.0000,443.0000,c2_beacon
131710.3468,84.7957,48.7542,3314.3363,7255.8745,43.1303,65.8325,75.9507,0.6591,3260.3194,2910.8591,1.0353,0.8679,0.0000,8443.0000,c2_beacon
129201.0945,77.5622,68.2138,4447.0549,4360.5379,44.9809,83.7748,52.7291,0.9610,2840.2998,1489.0430,2.7538,3.7702,0.8321,443.0000,c2_beacon
172459.0758,71.0858,66.4197,4674.5402,3802.5819,83.5298,65.8586,49.9334,0.7446,3035.2922,3366.6313,2.0245,1.0899,0.0000,443.0000,c2_beacon
132256.8453,58.5748,78.8777,4618.3533,5089.7189,63.5996,60.0782,51.5972,1.0063,3369.7489,2728.2601,0.9876,2.3229,0.9858,443.0000,c2_beacon
182395.4515,37.8096,43.1285,3846.3637,6017.7394,122.6894,140.0886,55.1956,0.4998,2072.8805,3530.2026,2.2531,2.1422,0.0000,443.0000,c2_beacon
182559.0981,124.4892,69.5427,4588.0705,6154.3264,33.0485,76.9897,44.5948,0.5923,3086.2898,3056.3252,2.1144,0.9694,1.1476,443.0000,c2_beacon
140452.1742,50.8682,55.0348,3660.6945,7393.4134,102.1404,143.5945,54.8979,0.6202,2337.3384,2177.7232,0.8427,1.9544,0.0000,8080.0000,c2_beacon
266025.2635,68.4466,55.4493,4496.6902,5386.9635,97.3799,74.1273,41.1706,0.5020,2983.4670,3502.5398,1.9154,3.1649,1.3327,443.0000,c2_beacon
182588.4146,48.2113,57.4069,5048.7219,8477.2770,101.3065,108.7780,44.2937,0.6123,2807.0287,2348.8881,2.2089,2.6818,1.2390,443.0000,c2_beacon
147540.4466,53.0091,59.9184,3230.2698,5048.4261,82.7632,91.7636,39.4334,0.7787,3952.6595,2425.4478,3.1291,2.0425,1.0021,443.0000,c2_beacon
220058.6285,36.6770,52.4331,2456.9686,8307.7902,61.8089,123.8029,38.5978,0.3376,3148.1853,3424.1565,1.0841,2.1076,0.8442,443.0000,c2_beacon
163062.3147,41.4889,57.3727,4613.7105,6297.8968,128.9175,59.1532,29.2503,0.5087,2753.0832,2650.8453,2.2993,2.0071,0.0000,8443.0000,c2_beacon
185455.4184,55.6207,95.3177,4430.2479,3291.3326,56.0891,36.4174,45.2199,0.7664,3185.6579,4228.6284,2.1417,2.3511,1.1124,8443.0000,c2_beacon
307380.6477,49.0363,88.8101,3068.4158,4178.7267,50.4534,57.3268,33.5522,0.3279,3054.2415,2422.0920,2.2470,2.1672,0.0000,443.0000,c2_beacon
152896.9104,47.2886,38.7258,3536.8743,7666.3789,49.7428,116.6845,76.0620,0.7079,2641.2882,3833.6389,1.5357,1.0044,1.1824,8080.0000,c2_beacon
130649.1790,42.2468,44.5971,3765.1285,2956.1636,82.6679,59.0447,62.1188,0.6472,2395.0952,2700.1050,1.8249,1.3831,1.0412,443.0000,c2_beacon
169036.1812,35.4849,44.9406,2380.7372,3980.0292,89.7495,122.4519,61.1820,0.7616,2556.6425,2559.7000,2.2632,0.9726,0.0000,443.0000,c2_beacon
227434.7854,64.4541,62.7870,4660.5729,9821.1881,66.4853,98.1369,53.3406,0.7745,2760.0040,3059.1882,0.5682,2.0250,0.9081,443.0000,c2_beacon
133122.1292,68.1226,56.5548,3396.4568,4062.9099,61.7272,126.1016,58.0231,0.4229,3150.3828,3035.9921,1.4267,0.9913,0.0000,443.0000,c2_beacon
145639.5655,42.2737,98.4765,2323.1135,7820.5620,109.1376,54.2784,54.2403,0.6554,3384.2921,2452.4862,1.3732,1.1302,0.9777,443.0000,c2_beacon
131939.9092,72.4678,50.9077,4677.2725,5312.4906,68.1274,81.8608,76.7658,1.2083,3054.0186,3210.3570,2.0738,1.8097,0.0000,8443.0000,c2_beacon
172332.0529,37.7629,48.9548,4597.7440,5931.6236,68.6508,93.8170,71.1882,0.7950,2799.5712,3201.6564,3.0440,2.5131,1.3438,443.0000,c2_beacon
65769.7002,64.9347,73.8360,3157.3509,2862.4223,34.0942,59.3788,50.1755,1.1747,3267.2359,2428.9608,1.8457,2.3149,0.8053,443.0000,c2_beacon
188329.6392,71.0141,64.3829,8097.7620,6145.5555,97.8341,77.1586,99.4845,0.8066,2991.1660,2035.4691,0.7345,1.4810,0.9654,443.0000,c2_beacon
99201.8187,74.9780,67.3073,5881.2058,4428.2108,76.8874,60.9145,170.2828,2.6111,2270.4699,3093.6917,1.9456,2.0514,0.0000,443.0000,c2_beacon
168523.7065,68.0002,57.2609,5046.8355,3795.3541,46.5708,116.0170,47.8306,0.8553,2677.8772,2245.9168,1.1843,1.0789,0.0000,443.0000,c2_beacon
236579.2575,51.7665,90.6011,2372.2440,6745.0536,72.3824,77.2305,45.0305,0.5657,2620.8290,2653.0171,2.3552,3.0119,0.7830,443.0000,c2_beacon
282034.4540,64.8832,46.8851,3534.0101,3941.9883,56.9016,96.4770,21.8400,0.6245,2266.1396,2044.2677,3.0804,0.8775,0.0000,8443.0000,c2_beacon
268406.8337,28.3392,59.7104,3568.6034,4447.8133,65.5874,92.7593,35.8934,0.3430,2422.0872,2543.6217,0.7069,1.0961,0.0000,443.0000,c2_beacon
202911.8643,55.1305,76.8399,3789.3878,6464.9206,43.2704,72.2057,41.9843,0.6329,2694.4717,2181.8783,2.6197,2.9651,0.8784,8080.0000,c2_beacon
261632.6222,43.0973,71.1463,3588.4038,6787.6263,93.9429,121.1178,60.7701,0.5928,3128.2293,2729.0767,2.4214,2.9137,1.1443,443.0000,c2_beacon
159181.0455,64.6432,90.0315,4077.5662,5274.6866,56.2883,117.7537,49.7139,0.9575,2066.8075,2911.0628,1.7370,2.3761,0.0000,8443.0000,c2_beacon
195735.1863,3.2868,72.7527,6463.8761,5953.2803,1594.4478,86.1891,73.4949,0.4643,2646.2343,3290.2687,2.2487,1.2062,1.1206,8443.0000,c2_beacon
234762.2675,59.1910,35.4125,3756.8715,4541.8428,80.9085,87.4586,41.8412,0.3886,3151.0686,3769.8180,0.9556,1.0291,0.0000,443.0000,c2_beacon
140970.1786,48.4201,75.8559,4957.5674,4620.7126,97.6495,65.8511,58.8622,1.0038,2226.7308,3828.5673,1.7101,3.3284,0.9809,8443.0000,c2_beacon
172671.4661,59.0387,71.6878,4103.1459,8525.3372,81.4151,80.2354,75.9181,0.4656,2803.0095,3119.4019,1.6848,1.1602,0.0000,8443.0000,c2_beacon
162886.0843,55.2797,52.2177,3481.3895,7059.4931,56.3321,64.8929,39.0133,0.6260,2364.6648,2615.5074,1.3656,4.0833,0.8862,8443.0000,c2_beacon
109881.4503,49.5823,70.5971,4590.2247,5480.3688,62.2434,86.4156,53.0587,0.7389,2561.9971,2164.8886,0.9439,1.4990,0.0000,8443.0000,c2_beacon
89606.6786,43.2808,50.2811,4356.2834,6678.2075,114.4038,101.6478,108.1133,0.8260,2423.6331,2491.8959,1.6272,1.6518,0.8000,8080.0000,c2_beacon
162603.6202,58.8119,64.5776,4691.9708,4815.9622,85.5128,57.1661,32.1230,0.8162,2082.0476,3540.8025,2.6261,0.9431,1.0083,8443.0000,c2_beacon
147686.9278,59.1918,31.5490,3699.1667,8239.9178,74.3249,156.9338,95.5087,0.9270,3031.0850,2825.3634,1.0104,2.1021,0.9859,8443.0000,c2_beacon
131148.9584,52.8798,58.6074,4834.0570,5706.9038,101.5226,116.4662,62.0236,0.9512,2610.2829,3503.5183,3.8508,0.9945,0.0000,443.0000,c2_beacon
191576.5001,51.1333,55.4224,3213.4304,3873.2578,58.4863,90.2823,54.8865,0.7811,2451.8427,3480.6871,1.1517,3.3687,1.2413,8443.0000,c2_beacon
115158.3886,90.0035,56.8464,4365.7008,6930.2981,82.8104,73.8260,56.5267,1.1755,2462.4306,2714.2467,1.2770,0.9607,1.2303,8443.0000,c2_beacon
139581.3681,84.4231,54.9771,4123.3428,5604.4492,42.0343,107.8654,74.8848,0.9408,2696.6222,3075.0522,1.0318,2.3117,1.1841,8443.0000,c2_beacon
132863.2866,9.4383,82.4142,2703.7672,2268.8436,313.6556,132.0610,39.6498,0.2472,2159.3853,1695.0825,1.1327,1.6324,0.0000,443.0000,c2_beacon
141664.3928,87.6103,102.6048,5101.9868,5520.7753,63.5309,56.9215,60.6452,0.8536,3763.4844,2854.0455,2.7404,2.5877,0.0000,443.0000,c2_beacon
161115.1992,50.8139,35.2379,7296.2514,8965.9794,113.4285,168.2761,125.0532,0.6195,3400.5791,2412.3005,1.8783,3.4840,1.1713,8443.0000,c2_beacon
120898.8463,59.7607,84.0247,3128.8234,7192.0825,80.6983,80.0431,54.4332,1.1221,2283.5874,2329.6480,2.0880,0.9761,0.9690,443.0000,c2_beacon
215905.5314,60.3034,88.2001,3668.6394,5072.4806,78.2082,52.3438,46.9237,0.6411,2739.4968,3390.3784,1.5810,3.7364,0.0000,443.0000,c2_beacon
234833.5139,54.3008,56.0530,3230.5588,4925.4546,91.6038,47.8452,41.8797,0.4845,2426.4394,1987.4786,3.0592,1.9556,0.0000,8080.0000,c2_beacon
172857.0265,33.2891,33.5073,3647.3599,5511.5104,113.3157,127.7524,43.8165,0.3899,2956.0882,3444.7642,3.9272,3.1664,0.8553,443.0000,c2_beacon
196720.1881,59.4313,61.9064,4922.1429,3508.0009,89.8557,51.0332,56.7271,0.7879,2451.7449,3424.7631,1.7535,1.8961,0.0000,8443.0000,c2_beacon
157578.6899,69.4039,84.6224,3236.4830,6721.1842,40.3054,101.1550,57.9744,0.8978,3305.0234,3091.4730,2.0808,2.8907,0.0000,8080.0000,c2_beacon
170349.9568,54.3081,83.3409,2711.8662,4477.0437,37.7425,67.6815,46.6077,0.5796,2520.1481,2550.6582,0.9260,0.5655,0.8951,443.0000,c2_beacon
250709.8239,55.7921,73.9366,3485.7200,4344.9691,82.1930,74.2919,40.6108,0.4783,3129.1799,3340.3203,2.6138,1.8324,0.0000,443.0000,c2_beacon
326142.3813,57.8413,42.3848,3218.0170,5368.9785,45.6742,143.3698,36.0769,0.4830,3576.6604,2479.3513,2.7411,2.8164,1.2611,443.0000,c2_beacon
206485.9456,39.5166,75.4602,4703.4197,4843.5346,75.0015,44.2399,58.3869,0.3703,3498.1408,2800.7563,2.6761,1.0134,0.0000,8443.0000,c2_beacon
166039.6111,70.4555,61.5835,3268.1792,4812.5160,42.1137,84.5068,64.0774,1.2082,2978.9062,2340.0573,2.5314,2.5001,0.0000,443.0000,c2_beacon
143350.4301,54.7397,55.7957,2248.6758,3858.8458,62.4079,58.9505,35.5361,0.5304,2976.6158,3258.0615,2.9838,0.9625,0.0000,443.0000,c2_beacon
139411.5265,29.1880,39.5218,5689.6754,7797.5853,108.9915,201.7177,67.7897,0.5248,2554.5996,1656.3541,3.1552,1.1857,0.0000,443.0000,c2_beacon
291451.0317,43.2856,63.0911,2634.4693,6241.9232,47.2907,95.4836,32.9209,0.3964,2637.4927,2959.1231,2.4686,2.7007,0.9453,443.0000,c2_beacon
203493.4524,67.9385,57.6008,3982.2773,6264.0927,114.7219,84.3659,62.1338,0.9471,2877.3606,1853.5671,3.3277,0.8136,0.0000,443.0000,c2_beacon
281985.9540,79.2308,65.7920,3061.2419,3395.2429,77.6567,75.8886,47.0345,0.5316,3142.9503,3500.3884,1.1257,3.3919,0.9697,443.0000,c2_beacon
157678.5020,58.0795,31.6918,5653.6639,5109.8254,115.8899,192.1228,59.4015,0.4794,2781.8620,2031.3535,2.2314,2.9309,0.0000,443.0000,c2_beacon
235120.7393,55.9356,57.4338,5374.3321,6195.9522,93.6191,96.3455,57.7593,0.4858,2252.3855,3871.1843,2.8476,1.6703,0.0000,8080.0000,c2_beacon
171457.8745,55.8335,56.3836,2228.5586,5404.8640,58.3111,126.0433,50.8671,0.5040,3601.6702,2786.8672,1.1740,1.4854,0.0000,443.0000,c2_beacon
183791.7711,51.7694,55.0498,2841.2936,5853.7431,52.0892,160.1629,60.3657,0.8419,1441.0559,2521.5334,2.9568,0.9212,0.0000,443.0000,c2_beacon
150293.4862,71.8681,58.7106,2348.3664,3530.2462,35.2933,64.4933,28.4401,0.4015,2957.1215,2593.2098,3.2951,2.0105,0.0000,443.0000,c2_beacon
109217.9175,36.5645,40.6444,2525.4912,4311.4883,37.5473,139.2535,62.9272,1.0258,2764.2305,3518.4621,1.8805,1.1664,0.0000,8443.0000,c2_beacon
172461.1708,69.7298,66.0227,5192.9629,8248.3843,64.0536,80.2810,103.8431,0.8791,2757.7712,2136.6321,3.6719,3.8272,0.0000,443.0000,c2_beacon
181394.8762,29.9732,96.6679,4569.9133,5459.6148,160.8129,62.4037,39.5139,0.5444,2187.9419,2463.6620,0.9095,1.1424,0.9209,8443.0000,c2_beacon
223174.3815,53.7300,63.8437,5004.6363,4420.4903,74.0466,100.3226,43.3967,0.6430,2358.5616,3016.2657,1.1245,2.6607,0.6889,443.0000,c2_beacon
244020.3598,56.1895,57.6035,3176.7918,4251.3200,38.5091,83.6209,34.5379,0.5233,2477.7461,2442.7371,0.9968,1.9435,0.0000,8443.0000,c2_beacon
188074.6206,66.3306,61.3853,2616.3700,6142.8423,53.7973,97.9772,58.3142,0.9478,2016.3194,3292.3290,0.6465,1.0637,0.0000,8080.0000,c2_beacon
154260.5194,51.7877,50.6971,5267.8648,4364.0077,57.8935,97.1060,93.0835,0.7947,2581.2219,2470.4824,0.8714,2.8807,0.0000,8080.0000,c2_beacon
176177.8124,30.0969,72.7359,5421.4507,5363.5440,178.3127,63.2303,49.4650,0.6948,3642.9415,2965.9232,1.9094,1.2930,0.0000,443.0000,c2_beacon
156185.1060,54.5109,79.0478,4224.4122,4752.8289,79.4009,43.1182,37.6587,0.6164,4097.7566,2982.6143,1.1250,3.3040,0.0000,443.0000,c2_beacon
100569.1514,70.3482,100.9973,5377.5654,4126.8336,67.3337,62.6460,70.2380,1.0743,2948.0839,3236.4554,0.9795,0.9595,1.0040,8443.0000,c2_beacon
215068.9860,32.0369,39.1512,4511.7963,7190.9281,94.0076,157.4177,49.3217,0.3170,2870.2379,2518.6111,3.7222,2.6443,0.9887,443.0000,c2_beacon
239254.8579,50.8364,100.4657,3006.7092,5071.2893,57.0162,94.6200,83.7430,0.9727,2973.4897,3605.8673,1.9588,2.9020,0.0000,8443.0000,c2_beacon
203067.8454,68.0249,25.1565,1927.1059,5162.9212,32.5654,139.2372,49.6265,0.6739,3093.4224,2881.8869,0.8747,2.4435,0.9787,8080.0000,c2_beacon
175544.0452,54.0775,61.1593,3008.0397,5134.9012,53.6133,98.9488,30.6459,0.5862,3365.3262,1942.5596,0.9284,2.0545,0.0000,8443.0000,c2_beacon
165250.5197,47.8124,39.7125,2208.1891,6255.6002,82.9500,108.9487,76.6819,0.8211,2376.3500,3777.3456,0.8020,2.1808,0.7894,443.0000,c2_beacon
135919.7018,55.4034,56.2416,4059.8005,5195.1737,76.7297,106.5433,45.2811,0.5022,2918.4304,2729.6230,3.2995,0.5924,0.0000,443.0000,c2_beacon
221949.1500,38.2986,52.7928,3181.6149,5540.0757,78.4977,87.9188,44.8162,0.4536,1858.8019,2218.2933,0.8863,1.0458,1.3978,443.0000,c2_beacon
311007.4611,71.0721,84.6538,2395.6645,5395.9666,55.5646,74.1288,33.3005,0.5763,2464.8955,3398.8773,0.9897,2.6321,0.0000,443.0000,c2_beacon
107363.6528,68.1047,63.9766,4633.3585,6529.2561,54.0588,67.8819,98.0688,1.2648,2901.0292,2819.3544,1.5292,1.6731,0.0000,443.0000,c2_beacon
156507.7407,29.3147,74.8757,2510.1461,6916.8334,70.8974,85.9507,54.4619,0.7189,3204.5859,2744.1021,4.1201,1.8231,0.0000,443.0000,c2_beacon
116042.6609,53.6925,76.6572,6318.4501,4312.2323,60.1861,81.0239,75.9038,0.7857,3007.1102,3537.9751,1.5346,3.1723,0.8461,443.0000,c2_beacon
153024.4364,22.8831,57.4733,3233.1344,5795.8608,224.4559,87.4879,85.3041,0.6981,1817.1480,3135.6649,3.0344,2.9024,0.9143,8080.0000,c2_beacon
197689.6811,45.7300,74.5497,4943.4183,5331.9652,125.0017,85.2678,44.3398,0.3845,2942.4296,2664.0950,1.3027,2.8815,0.0000,443.0000,c2_beacon
129852.5694,73.8122,67.5565,4353.9746,6930.6481,46.1837,89.0694,90.0606,1.6402,3241.9510,3518.8369,2.4280,0.9209,0.7423,8443.0000,c2_beacon
251155.4291,81.4614,39.5855,4633.4439,4491.7558,53.5012,126.0991,34.9047,0.6115,2068.7913,2382.6537,1.9982,1.5125,0.7482,443.0000,c2_beacon
193377.4254,33.9112,16.3665,6573.3155,7046.5920,58.1581,320.0878,66.2241,0.5710,2898.2667,3296.7944,3.3000,2.6360,0.0000,443.0000,c2_beacon
156130.4565,73.6125,46.3319,4038.7108,8829.6899,78.3050,147.6763,72.5078,0.5532,2993.7553,2822.3412,2.3776,3.4843,1.3819,443.0000,c2_beacon
199183.6518,58.1152,55.2760,3141.9345,2731.7397,86.4175,123.9325,43.8686,0.5503,2631.4975,2272.6555,2.3674,0.9312,0.0000,8080.0000,c2_beacon
144311.3522,79.7401,66.0714,5274.0728,4634.2806,95.6377,89.2349,64.4409,0.8281,2537.9651,3370.7485,0.7777,2.8083,0.9435,443.0000,c2_beacon
119547.4020,67.4292,46.3230,3724.3078,3456.2300,50.0681,61.4697,58.1731,0.8071,2795.9736,2351.9563,0.8611,3.2908,0.8978,8443.0000,c2_beacon
254299.7624,77.4711,28.5401,3905.0036,4187.8399,33.2879,71.4609,45.2797,0.7723,3156.3047,3338.4036,1.7462,3.2143,0.0000,8080.0000,c2_beacon
119112.2800,48.9602,74.3039,5333.9862,7561.8989,102.6872,107.8096,104.2435,0.9648,3375.8963,3394.7561,1.6865,2.7096,0.0000,8080.0000,c2_beacon
118350.9497,74.4204,72.9034,2677.8554,5098.9509,48.6816,97.8394,57.0707,0.6650,2657.3355,2021.0958,2.9282,0.7792,0.0000,8080.0000,c2_beacon
232855.0961,62.6444,60.8987,4857.0951,6195.2221,58.0614,89.6815,53.8892,0.5083,3165.8420,3037.1073,3.8590,1.8091,1.3405,8443.0000,c2_beacon
129520.4446,41.8299,69.6339,6160.3175,4435.2453,123.5162,81.1084,70.7181,0.4521,3045.6554,2319.1616,0.8731,2.4589,1.0042,8443.0000,c2_beacon
223062.9699,83.8226,44.1101,3771.0844,4858.8985,69.7335,86.9222,44.7749,0.5953,2376.7669,3891.5407,1.9053,0.8769,0.8618,8080.0000,c2_beacon
55199.1111,53.6291,56.7909,3743.3265,6059.3630,64.3513,134.9539,173.0415,2.7077,3662.8330,2434.1937,2.0108,3.2864,1.0130,8443.0000,c2_beacon
200707.2616,41.9777,110.6790,2581.1145,3885.7357,68.8874,60.9311,39.4353,0.8118,3279.0248,3222.7340,2.0280,2.6876,0.8754,8080.0000,c2_beacon
223675.3935,48.7592,85.4848,3263.7010,4512.8295,55.5266,100.2256,45.1548,0.5335,3358.4801,2770.0758,1.3192,1.3772,1.2464,8443.0000,c2_beacon
269264.4811,34.6730,61.4738,3510.7360,6694.3237,113.7117,95.3175,50.6117,0.4962,2186.9718,3203.9731,1.2232,3.6866,0.0000,8443.0000,c2_beacon
239511.8081,69.7494,57.5267,4352.0199,4861.0621,97.0546,97.2278,53.7333,0.6930,2754.4793,2032.9402,2.0520,3.0163,0.0000,443.0000,c2_beacon
214485.7654,47.9755,72.2992,5281.1216,4933.4359,90.6567,84.4889,63.9960,0.6953,1898.6329,2853.6558,0.9239,1.6687,0.0000,443.0000,c2_beacon
129243.8299,74.3638,62.1076,2593.0191,8025.5876,65.3325,80.6972,102.2561,1.3771,2191.1592,2691.3183,3.4263,2.5968,0.6652,443.0000,c2_beacon
105435.4957,31.7033,91.5901,2415.5371,6713.4313,51.3655,66.0211,47.0966,0.6310,2924.8813,1396.5041,1.5879,2.4333,0.0000,443.0000,c2_beacon
193293.3710,66.2808,34.4863,4554.9295,3425.3885,98.0817,67.2627,29.5301,0.3900,2834.0129,2741.3648,2.5477,3.0871,1.1953,8443.0000,c2_beacon
161356.8949,64.9813,66.8968,7154.0368,5711.8807,72.4245,83.5822,42.8266,1.0111,3281.7410,2504.6107,1.7744,3.1905,1.1203,443.0000,c2_beacon
210366.3722,62.7791,67.9973,2388.2762,4695.2847,62.2739,56.7201,24.4160,0.6196,2975.4493,3521.5786,2.0794,1.1131,0.9778,443.0000,c2_beacon
171236.8428,52.5862,68.6226,5876.3805,6106.3005,70.2977,148.2960,55.8503,0.4859,2955.9873,3102.3481,1.2539,1.8279,1.0309,8443.0000,c2_beacon
157586.0783,86.2370,50.7235,3554.4851,5833.8448,50.4531,96.7781,57.9475,0.5817,1998.3685,2409.2738,1.2454,3.4567,0.0000,443.0000,c2_beacon
156901.0647,40.8331,49.8787,2458.2904,4314.9399,79.9533,96.3474,38.5512,0.4647,2155.2547,3509.7290,1.1819,3.0815,1.0601,8443.0000,c2_beacon
163865.9203,97.6953,39.3573,4574.3347,4115.8385,81.7025,136.6042,66.4059,0.6958,2578.3387,3302.5130,2.5938,0.7571,1.2467,443.0000,c2_beacon
180678.7877,42.1444,43.7663,5338.5777,2518.8908,87.0573,51.8801,26.3479,0.4756,3374.2305,1917.2195,2.1304,2.4449,0.0000,443.0000,c2_beacon
196257.4367,65.8036,74.0432,4546.5011,6649.5725,91.9980,118.9653,50.7583,0.3882,2371.3588,2571.7724,3.3564,2.4667,0.8921,8080.0000,c2_beacon
248431.5327,47.3685,29.5249,4197.7513,6099.5938,80.5611,96.8757,58.0353,0.4400,3139.0660,2695.6321,1.9745,1.6202,0.8932,8443.0000,c2_beacon
222967.4613,59.5862,79.9035,2447.3346,4263.9078,32.9076,52.3441,39.2154,0.8092,3400.4552,2330.5131,2.4348,2.8467,0.0000,443.0000,c2_beacon
159176.7836,54.2878,61.6344,4394.0606,7047.4575,118.4640,118.5939,60.6461,0.7870,2351.2922,3125.5431,1.2559,2.4774,0.0000,443.0000,c2_beacon
167019.7586,64.8440,69.0961,3736.2926,5817.5381,68.6916,66.2725,54.0984,0.9379,2920.0527,2935.0651,2.3544,2.0814,0.0000,8443.0000,c2_beacon
221255.6781,52.3619,98.8761,3319.7108,6545.8135,63.3975,110.7880,39.2846,0.8246,3365.6158,2232.0340,0.9398,1.1430,0.0000,8443.0000,c2_beacon
261736.9341,32.2590,53.2162,4206.7474,5908.7861,93.0057,72.1420,54.4427,0.6912,2796.5823,2707.3514,2.9134,0.9524,0.7763,8443.0000,c2_beacon
204804.5919,33.9634,28.8937,4068.9502,4809.3865,59.2765,175.4156,41.7634,0.2614,2389.2188,3397.8406,1.7434,1.2244,1.0361,8443.0000,c2_beacon
175910.8305,53.1113,53.8002,4218.3139,7762.0772,47.8632,154.6740,64.4204,0.9566,2967.9479,2416.7884,3.2840,1.9449,1.1705,443.0000,c2_beacon
199401.1191,76.8687,65.5814,4440.0861,4009.4883,67.2206,63.4025,36.9293,0.6749,2157.6432,2657.2027,2.0923,1.6248,0.0000,8080.0000,c2_beacon
227465.9137,46.1608,56.0660,2476.2598,7973.2182,27.7341,148.0102,54.0248,0.4459,2546.9389,3255.3057,1.8398,3.7588,0.0000,443.0000,c2_beacon
178627.5179,87.6036,88.6154,3323.0227,5430.9521,46.4404,53.7065,39.8784,0.8764,1971.5581,3570.9388,0.7684,0.9469,0.0000,443.0000,c2_beacon
144708.6416,48.7542,52.9085,4823.8858,4047.7796,73.2584,112.5210,58.1551,0.7542,4259.8837,2065.1342,2.5324,3.5825,1.4507,443.0000,c2_beacon
186557.9190,70.2429,73.4987,4158.1842,5794.0749,70.2751,85.2135,48.8254,0.8921,2400.6657,3017.2602,1.1017,1.6492,0.0000,8080.0000,c2_beacon
171327.7236,58.4930,74.1468,3970.1458,5427.0047,61.8432,122.6151,58.0007,0.5856,2802.4221,3008.5270,2.5958,2.5913,1.2328,443.0000,c2_beacon
179125.0441,47.0359,42.5994,4644.7763,8187.1432,87.7076,134.0024,49.8721,0.3562,2369.6053,3511.3068,3.0881,2.9892,0.0000,8443.0000,c2_beacon
256407.6868,60.0121,116.8391,5455.7081,8194.0229,72.2281,52.5216,49.6871,0.7180,2542.2135,2911.7287,2.0113,1.0750,0.0000,8080.0000,c2_beacon
240503.1616,54.1822,33.2575,3664.7946,5592.7250,97.9619,199.2557,51.1470,0.4653,2607.3727,4368.6851,1.1399,2.5653,0.0000,443.0000,c2_beacon
185084.1980,35.4868,43.8224,4055.4459,4508.9801,99.0499,87.4085,47.4500,0.4608,2479.9966,2746.2073,0.9850,0.9941,0.7411,8443.0000,c2_beacon
149655.8861,71.6563,56.1415,3961.1524,5298.9291,64.4582,74.8168,46.2936,0.5075,3491.0353,3021.2729,1.7622,1.6857,0.0000,8443.0000,c2_beacon
220343.5439,64.0811,38.8557,2688.0142,5140.4138,26.3355,101.2257,43.5293,0.6624,2305.8677,1816.2971,2.5638,2.0372,0.7550,8443.0000,c2_beacon
130319.9135,99.4384,52.8522,5042.2379,5267.4385,60.9506,31.6181,63.0734,0.9240,3153.3581,2831.7152,3.4178,2.0856,0.0000,8443.0000,c2_beacon
224007.6620,55.9424,101.4776,6162.9147,3247.1354,80.6870,34.9673,27.8455,0.7851,1372.6909,3118.3125,2.4760,1.2116,0.9874,8443.0000,c2_beacon
154076.5424,53.8020,46.1553,3839.1448,5616.9847,59.2752,153.3414,54.8584,0.6886,3892.4501,3393.3248,1.6607,2.6928,1.1297,8080.0000,c2_beacon
79131.9916,70.5195,49.0345,3582.8032,6705.4141,48.7036,134.8963,84.6493,1.0074,2839.7252,2095.4352,2.8712,1.0819,0.0000,443.0000,dos
150672.0349,65.7483,72.5974,4033.9292,5854.5841,59.3803,75.7080,73.9004,0.8230,2634.0653,2337.8158,0.8625,2.9003,0.7955,8443.0000,c2_beacon
206823.1190,38.3934,38.5537,3431.0243,6334.4585,78.3233,139.9102,37.4207,0.5327,2878.5992,3291.0655,3.0940,2.9317,1.1443,443.0000,c2_beacon
158762.9963,49.3531,52.7075,3039.5695,3211.0430,69.8661,92.9106,56.1032,0.6000,2537.8179,3488.5658,1.4842,3.0280,1.0304,443.0000,c2_beacon
154243.1445,74.3715,79.9177,6645.2184,2485.2128,85.9658,46.8140,55.0849,0.8983,3364.3012,2628.5135,0.8048,2.5554,1.0436,8443.0000,c2_beacon
139347.7675,46.0543,70.8802,4453.4442,7116.9582,62.9222,113.4618,39.3930,0.7270,2595.4031,2305.1092,2.2858,1.7543,0.0000,8443.0000,c2_beacon
155450.5006,99.3495,80.7425,3596.4205,10914.7562,56.0592,168.7542,77.1524,0.9561,2534.3637,3295.6273,3.0066,0.9262,0.9530,443.0000,c2_beacon
163076.0564,68.5013,74.5571,3068.9625,4677.3683,32.5863,89.7391,71.7186,0.9727,2582.1105,2649.1041,0.7148,2.9642,0.7661,443.0000,c2_beacon
151629.5782,47.3020,36.0693,2813.2545,4221.2982,64.3407,99.8611,40.6489,0.5951,2328.2384,2054.1853,1.1619,2.4198,0.8073,443.0000,c2_beacon
163034.5990,56.7818,52.2151,4630.6021,4449.1604,89.4954,49.1655,64.6001,0.5312,2643.4910,2312.3832,1.0611,0.8927,0.8938,443.0000,c2_beacon
132679.1012,73.2351,57.9788,2234.1338,3431.1676,41.0234,84.1513,40.9570,0.7589,2761.1745,2969.0782,1.8765,1.1307,1.0767,443.0000,c2_beacon
123248.0136,56.6609,55.6165,2291.6208,6954.4114,34.5338,111.8442,63.7459,0.9531,2710.0775,3134.8849,1.9977,2.0278,0.7708,8080.0000,c2_beacon
250275.6894,81.8276,74.5821,3633.9844,7010.5161,40.8967,118.1414,46.7585,0.7395,3319.9095,2867.6624,2.4420,0.8294,1.0334,443.0000,dos
174132.8335,41.6176,18.0023,2876.1705,4826.5208,64.5834,304.5187,44.6516,0.4544,2612.8606,2657.8012,1.8627,3.6962,0.8024,443.0000,c2_beacon
110733.8433,57.0161,59.3726,3207.4012,4521.0976,73.4189,95.7858,44.3130,0.5109,1660.3902,3380.5664,2.7204,2.6238,0.7501,8443.0000,c2_beacon
196040.0585,67.1388,92.8861,5071.9963,3300.2019,72.7719,33.2346,45.7561,0.8415,2733.2484,2777.7770,1.5466,0.8970,0.0000,443.0000,c2_beacon
176222.7366,43.0412,52.9077,5929.0133,5465.4254,125.9189,80.4852,84.3647,0.6706,2085.6065,2253.8348,1.0101,2.0670,0.0000,8443.0000,c2_beacon
188734.4882,50.1559,42.3088,3635.2749,6991.7826,60.1426,137.1590,38.4212,0.5886,1973.2929,2518.4787,1.1837,3.1338,0.7913,443.0000,c2_beacon
58918.7750,66.2568,55.6546,1140.1179,6419.3083,18.2128,99.8656,64.5691,1.0779,2558.9706,1440.4717,2.6679,2.0619,0.0000,443.0000,c2_beacon
160231.3300,55.4330,59.9491,4442.5931,5867.7372,95.5589,82.5048,75.4909,0.3570,3582.1152,3499.2304,1.9333,1.6518,0.7125,443.0000,c2_beacon
203061.4191,70.8283,21.7980,4289.8251,8014.7222,67.4223,361.1439,61.1034,0.4293,2514.3351,2857.1394,3.3337,1.0740,1.0677,443.0000,c2_beacon
171182.7427,57.6427,42.9886,5439.9869,7210.8448,75.5251,136.2684,70.4468,1.0113,3300.5727,3940.3865,1.9400,2.8306,0.9823,443.0000,c2_beacon
98941.6833,60.0768,97.6363,6515.5998,4916.5428,99.1206,56.7800,64.4029,0.9522,2532.4759,3262.6369,2.2133,3.8767,0.0000,443.0000,c2_beacon
240507.2693,63.8555,71.3531,4544.3032,5082.2999,52.1337,76.0000,45.2248,0.8451,2464.9060,2678.9361,0.9218,0.8729,1.2604,443.0000,c2_beacon
135446.6895,29.1435,71.0489,3358.7320,5271.3132,98.1863,63.0779,89.3293,0.7072,3583.7936,3220.4328,0.7168,4.0281,0.9809,443.0000,c2_beacon
153760.0167,56.1486,73.2216,4838.6132,4894.4998,36.8442,66.9877,61.4897,1.1630,3633.7187,3050.6909,1.7999,1.3587,0.0000,8443.0000,c2_beacon
172333.0312,54.2114,48.3370,2678.7029,5248.0768,42.7934,111.7064,59.9383,0.5753,1529.4581,3124.9093,1.7055,3.6333,0.0000,443.0000,c2_beacon
114704.7716,62.2834,74.3491,3073.1142,4813.6442,55.0087,58.7850,75.9906,1.3266,3872.6774,3389.7963,1.1937,0.9309,0.0000,443.0000,c2_beacon
107081.5433,104.6591,78.8709,4302.8578,5548.3382,62.5755,81.3109,79.5980,1.9516,2651.9993,2746.4451,2.0251,1.0201,1.0708,443.0000,c2_beacon
167368.4173,40.3560,57.1983,3437.1304,6622.0856,84.5825,92.1889,51.4983,0.7205,1517.1837,2639.5816,2.2831,2.3446,0.0000,443.0000,c2_beacon
154720.1629,56.1101,72.1720,4286.1639,4253.5230,131.4753,86.1113,72.0045,0.7328,1737.5068,2538.8661,0.7694,0.7588,1.1128,443.0000,c2_beacon
184957.5776,84.0040,53.9364,4227.0124,3689.0723,50.8641,83.8790,30.3723,0.4792,1934.5576,3484.2241,0.7730,1.0262,1.3522,443.0000,c2_beacon
233030.6688,69.2133,58.2341,2905.7462,6568.2004,36.6832,107.0845,51.9957,0.5770,3324.8834,1331.5860,1.1420,3.4604,0.0000,443.0000,c2_beacon
176914.6806,47.1422,88.3940,5140.2218,6122.1680,65.4717,94.4220,49.3886,0.6141,2269.4980,2734.0154,1.2060,3.0337,0.0000,8080.0000,c2_beacon
161619.7153,37.5586,91.3085,4857.1043,7301.7320,78.6915,53.8774,60.5561,0.8571,2604.3053,2482.5412,1.1654,2.2112,0.0000,443.0000,c2_beacon
123270.4751,52.3787,49.1117,2964.3690,5003.8023,66.2335,122.2397,65.3955,0.5538,2900.2368,2758.5782,0.9240,4.1257,0.0000,443.0000,c2_beacon
186997.8075,109.7692,60.4359,4836.3288,4399.6990,83.1442,107.2047,62.2939,0.6805,2611.4229,3154.1856,2.8343,3.0345,1.1502,443.0000,c2_beacon
176723.4709,41.6538,45.7880,1648.7329,5301.3873,76.2379,116.8781,41.1299,0.4101,3453.3156,3409.2293,0.9007,3.4060,0.6947,443.0000,c2_beacon
177658.2440,71.5622,68.3527,4027.6728,7260.5992,89.5347,104.9722,53.4409,0.6972,2197.8505,1942.2889,3.0382,1.2027,0.0000,443.0000,c2_beacon
259336.5023,84.7803,44.2604,3955.4546,7205.4327,41.5957,99.2950,28.3557,0.5088,3157.7994,2673.3830,3.5169,1.0606,0.0000,8443.0000,c2_beacon
261150.7949,65.5346,58.1246,3967.1728,4452.8578,60.7717,83.1404,51.8595,0.7982,2629.9363,2084.1561,1.1696,2.4720,0.7204,443.0000,c2_beacon
285304.4175,58.3629,55.2990,5445.9612,5496.5236,80.0726,90.8204,50.4235,0.4567,3914.3874,1719.8537,1.0435,0.8305,0.9421,8443.0000,c2_beacon
106733.7308,21.0209,27.6651,4154.3184,2586.3826,84.7942,108.1624,53.1145,0.4477,2445.2018,2653.0764,0.9318,3.9918,0.0000,443.0000,c2_beacon
177762.1422,81.6096,63.0397,5099.2181,4802.8067,47.9536,88.1699,57.7666,0.5195,2145.9719,2348.4867,1.9838,2.2700,1.0664,443.0000,dos
137823.4872,75.4408,59.4659,2612.7115,4290.5994,56.7977,100.2646,43.0418,1.0878,2590.0273,2866.3570,0.9264,2.5817,0.0000,8443.0000,c2_beacon
221058.4833,58.4289,56.6232,4388.8585,4134.4143,81.6239,50.1335,51.1179,0.4899,2156.9335,2812.7149,2.3183,2.1055,1.0191,443.0000,c2_beacon
97312.6758,81.5039,45.5913,5462.2057,7580.9755,53.2888,162.7394,84.4668,1.4300,1865.5759,2444.8435,1.3609,1.9306,0.0000,8443.0000,c2_beacon
226974.3509,62.7537,95.9502,3639.3901,5030.1345,86.1567,45.0689,33.1995,0.6290,3032.5244,3010.5522,1.6187,2.8077,0.8497,8443.0000,c2_beacon
158499.9798,69.2153,84.9555,3211.4269,4022.8021,39.8188,56.6258,39.3127,0.8141,2478.8632,3198.9690,1.1176,2.8214,0.8179,443.0000,c2_beacon
127941.9542,7.9757,49.8110,1394.6800,5809.7939,529.9103,81.9348,33.3735,0.3479,2170.4218,2807.1069,1.7073,1.2672,1.0201,8443.0000,c2_beacon
123127.0747,53.8453,84.1684,4427.1469,6591.8654,70.2265,98.0432,73.5677,0.8949,2604.6377,3418.5600,0.8251,3.7444,0.9987,443.0000,c2_beacon
150475.0133,89.6641,47.8832,3524.7387,7657.2573,31.9661,134.1932,78.9731,0.7582,2224.0246,2299.3238,2.7570,1.1085,0.0000,8080.0000,c2_beacon
153816.5475,62.9758,81.2608,4140.5305,4485.4359,59.6383,57.6273,47.6946,0.5649,4035.1623,2043.0021,0.9506,1.0099,0.0000,443.0000,c2_beacon
122056.2877,34.1585,59.5502,4927.7683,6077.1562,101.3462,74.2490,103.4264,1.0834,2864.7462,1508.1984,3.0845,1.2755,1.0585,8443.0000,c2_beacon
125359.5154,73.6938,45.0819,3814.8413,4091.8032,73.2705,86.9637,68.2068,0.9753,1870.2151,3180.5089,0.9993,2.2770,1.1836,8443.0000,c2_beacon
88381.1874,56.3699,49.2546,4855.1404,5721.0438,60.3298,78.9706,80.6745,1.0862,3249.5049,2512.8502,2.3376,1.0086,0.0000,443.0000,c2_beacon
193484.5830,64.4237,92.2571,5842.4239,7486.8750,104.7065,73.1230,52.9434,0.3851,2343.5577,3793.7959,2.3889,2.0526,0.0000,443.0000,c2_beacon
236917.3182,46.1517,63.5968,5424.2429,6472.2757,80.6053,89.2826,42.4458,0.4243,2338.6388,2447.3356,2.3471,1.7449,1.2920,8443.0000,c2_beacon
166785.5949,47.1150,64.2567,3594.1142,4820.5869,52.2251,114.3456,65.3910,0.4018,2779.4343,2818.9397,1.1302,0.9422,0.8941,443.0000,c2_beacon
243351.0512,78.0735,61.7054,3197.5184,4405.1929,51.8265,67.9103,39.6556,0.8203,3286.7752,3691.2532,1.1328,1.3148,0.9230,443.0000,c2_beacon
199665.1677,55.3136,49.7155,4685.0252,6938.9955,76.1956,163.5745,50.6956,0.4916,2877.3604,2621.1236,1.7385,0.8474,0.0000,8080.0000,c2_beacon
192984.2321,62.9632,59.7036,5704.6353,8202.0870,60.3732,113.2629,73.3340,0.8392,2481.1534,2150.5354,1.0297,2.0876,0.0000,8080.0000,c2_beacon
186575.9475,69.5097,56.0629,4037.6894,5007.4023,94.7938,82.3398,70.9328,0.6842,2307.0701,3950.1492,2.6309,0.9331,0.0000,8443.0000,c2_beacon
188515.3952,76.9654,93.7137,5535.5805,4388.5977,62.6769,46.0718,72.1263,1.1027,2669.7282,2984.7236,2.0661,0.9675,0.0000,8080.0000,c2_beacon
123532.3962,47.7189,87.5106,3425.3087,9716.9401,92.3603,80.1053,118.6278,0.7545,3213.2545,3542.9506,1.9017,0.9528,0.0000,443.0000,c2_beacon
225038.6294,121.6336,68.0887,4596.9023,3792.0872,51.6007,52.5381,36.0743,0.8286,1904.0940,2475.3983,3.0353,1.9533,0.0000,8080.0000,c2_beacon
167434.8794,100.9966,87.3529,3478.6868,6742.6622,49.9202,88.3556,52.6319,0.5537,2852.6303,3591.0165,1.4234,2.3598,0.0000,8443.0000,c2_beacon
154032.4924,75.9583,85.4819,5384.3258,6921.6839,69.4032,103.0090,101.8861,1.1516,2221.8113,3238.6428,2.0492,2.4008,1.2779,443.0000,c2_beacon
143506.3911,43.0132,42.9969,3222.3659,5038.8575,101.8002,80.9165,65.5659,0.6335,2890.1649,2967.7621,2.5340,0.9273,0.0000,443.0000,brute_force
112152.7989,36.0442,42.8100,2788.1335,7793.2123,74.4869,164.8984,87.5810,0.7527,2363.0660,2401.0937,3.2150,3.1417,1.2093,443.0000,c2_beacon
163677.1605,31.5761,64.7863,7491.4832,6730.4767,126.4588,39.5530,45.7434,0.3579,2999.0934,2544.6589,2.5140,1.8797,0.0000,443.0000,c2_beacon
180423.1261,67.0386,97.4206,4512.1353,4323.2853,54.2286,59.9747,59.9648,0.7117,2940.3212,2243.5366,0.6353,2.5129,1.1667,443.0000,c2_beacon
74004.6204,26.7292,72.1005,4188.5259,3449.3858,143.5667,50.2917,72.6879,1.5697,2295.5955,3633.2485,0.5565,3.2736,0.0000,443.0000,c2_beacon
123336.8846,45.7707,54.6907,5018.5369,9007.5993,80.7765,119.3246,78.1572,1.0512,3780.7168,2797.9534,2.0272,2.1252,0.0000,443.0000,c2_beacon
300099.5501,39.3952,65.9258,3602.8423,6236.6478,73.1056,101.2723,45.2841,0.1608,3143.1563,3088.6967,2.1825,3.8102,0.9480,443.0000,c2_beacon
192885.1971,44.4059,58.5062,4831.9599,5025.6219,78.0340,96.4277,75.2009,0.4994,2048.5752,2995.6910,0.9474,0.9027,0.0000,443.0000,c2_beacon
162416.2391,64.8852,56.7255,4339.5770,6199.7537,56.3054,81.9728,76.9925,0.5542,3002.7091,2282.3574,1.7217,0.7480,0.0000,8443.0000,c2_beacon
174417.4764,69.9554,38.0714,5801.9317,5986.9422,81.2907,162.0099,70.4383,0.5783,2940.5331,2036.3941,2.7688,3.0888,0.8925,8443.0000,c2_beacon
160470.9505,60.4402,80.1987,5122.6174,2799.7691,77.5277,71.0997,45.9870,0.7381,2588.2555,2897.7712,3.0756,2.1886,0.0000,443.0000,c2_beacon
179198.3721,70.7555,67.8389,3210.1686,5865.8217,51.1388,72.9769,48.7541,0.6641,3050.5747,2841.2728,1.2562,1.2982,0.8947,8443.0000,c2_beacon
116280.5462,34.6590,72.2580,3562.8243,4954.3390,98.6761,96.7828,95.7057,1.2766,1904.2439,2719.6929,2.6172,0.9744,0.8198,8080.0000,c2_beacon
161584.8877,22.2258,43.0601,2999.9838,4174.3543,88.6810,55.6998,46.2084,0.6897,2632.7565,3044.9077,0.9847,2.1231,0.0000,8443.0000,c2_beacon
128288.3596,50.6887,57.9294,5277.5701,3195.3224,84.9090,52.6237,80.9999,0.6278,3148.4752,2764.8544,1.0075,3.0255,0.0000,443.0000,c2_beacon
148819.6052,69.1027,51.1900,7884.4984,5197.8362,96.2611,93.1532,90.1886,0.6184,2884.6652,2756.0586,1.3662,2.8711,1.0032,8443.0000,c2_beacon
233831.5685,38.2129,55.5841,2724.1207,6367.9967,45.4716,83.4133,30.6260,0.4772,2593.2927,3127.0077,0.9679,3.2610,0.9730,8080.0000,c2_beacon
178080.6868,46.4316,35.8084,5583.6177,4479.2134,73.1163,110.9314,55.3814,0.2919,2824.4660,3580.1227,2.2406,1.1451,0.0000,8443.0000,c2_beacon
254295.1174,73.4330,67.4785,3085.9283,4019.9306,64.1083,84.8292,39.9666,0.5264,2463.2234,2837.9381,2.2642,2.5081,0.0000,443.0000,c2_beacon
121025.9515,67.7433,61.7480,4665.1150,6626.1979,78.4193,101.0855,68.5513,0.8986,3213.0191,2558.6067,1.2144,1.2862,0.0000,8080.0000,c2_beacon
213584.2193,78.1607,57.9424,4519.8385,5928.5679,92.0729,76.5193,50.3151,0.9427,2571.4081,3386.6563,3.2386,2.9078,1.1923,8080.0000,c2_beacon
129262.3870,38.7924,92.6176,4465.9354,5891.9138,64.7215,57.7573,61.1746,1.2993,3383.3351,2883.1078,1.4679,2.3788,0.0000,8080.0000,c2_beacon
193096.7935,49.6624,50.0670,4326.0129,7115.3707,78.6136,133.5410,55.2274,0.5172,2840.6734,3022.3113,0.9551,1.7403,0.7104,443.0000,c2_beacon
198116.5438,70.9914,68.6485,6554.2663,5569.3509,63.1475,116.0705,72.6811,0.4423,2984.5073,2998.5639,3.4220,1.2205,1.3741,443.0000,c2_beacon
282615.5775,45.5373,67.0821,6482.3151,5713.3021,98.4922,84.5106,62.8500,0.6739,3354.5927,1502.4883,1.8412,0.9873,0.0000,8443.0000,c2_beacon
206194.8753,32.5527,35.0501,2457.0434,6381.3276,79.5605,92.9271,55.3943,0.4157,2431.8171,1981.3272,3.1845,0.8166,0.0000,8443.0000,c2_beacon
234266.8539,56.5659,31.3581,3531.1425,7470.7710,69.9453,128.2561,55.0568,0.4970,2630.3912,3346.5680,1.8414,2.7878,0.7769,443.0000,c2_beacon
150338.8219,55.3296,77.1949,3064.0900,6660.0382,28.6642,81.6956,62.2391,1.0021,3577.3837,2636.4976,1.2935,3.3553,0.0000,8080.0000,c2_beacon
193522.7126,71.7805,61.9114,4794.2389,7236.6348,63.1078,125.5296,52.8887,1.0062,2230.3354,2766.4125,0.8341,0.7817,0.7884,8080.0000,c2_beacon
153507.0922,84.7178,42.2406,3745.9958,7586.6165,53.7586,154.6764,80.0405,0.6026,2182.4575,2234.7609,3.0143,1.0014,1.1402,443.0000,c2_beacon
163755.0021,34.0481,80.1086,2952.3065,5492.9955,64.4073,67.0738,69.3721,0.7059,2974.8281,2603.4738,1.0853,1.2843,1.2914,443.0000,c2_beacon
166043.9544,70.1982,48.5389,5005.1073,5660.8321,77.8451,99.5389,64.4265,0.4645,2939.1550,3017.2107,2.1752,0.8427,0.0000,8443.0000,c2_beacon
114643.9816,63.1029,68.5536,2186.7080,3659.5698,47.1639,71.4157,29.2902,0.4942,2528.8225,3402.4225,0.9324,4.9070,0.0000,443.0000,c2_beacon
180961.7523,51.9505,63.4574,5009.1298,7658.7247,90.3979,105.1798,55.5653,0.6488,3412.4336,2860.2652,0.8060,1.0763,0.0000,443.0000,c2_beacon
